2026-09-15T22:57:48.0834942Z Current runner version: '2.337.0'
2026-09-15T22:57:48.0871396Z ##[group]Runner Image Provisioner
2026-09-15T22:57:48.0872656Z Hosted Compute Agent
2026-09-15T22:57:48.0873655Z Version: 20260828.587
2026-09-15T22:57:48.0874712Z Commit: abac92662cab4cc7352de4f9f9d2e2419aad9c29
2026-09-15T22:57:48.0875845Z Build Date: 2026-08-28T16:44:25Z
2026-09-15T22:57:48.0877083Z Worker ID: {ac237a63-f4dc-408e-a6c4-f01865f13e44}
2026-09-15T22:57:48.0878536Z Azure Region: centralus
2026-09-15T22:57:48.0879615Z ##[endgroup]
2026-09-15T22:57:48.0881480Z ##[group]Operating System
2026-09-15T22:57:48.0882237Z Ubuntu
2026-09-15T22:57:48.0882903Z 24.04.5
2026-09-15T22:57:48.0883454Z LTS
2026-09-15T22:57:48.0883980Z ##[endgroup]
2026-09-15T22:57:48.0884675Z ##[group]Runner Image
2026-09-15T22:57:48.0885310Z Image: ubuntu-24.04
2026-09-15T22:57:48.0885944Z Version: 20260907.300.1
2026-09-15T22:57:48.0887655Z Included Software: https://github.com/actions/runner-images/blob/ubuntu24/20260907.300/images/ubuntu/Ubuntu2404-Readme.md
2026-09-15T22:57:48.0889382Z Image Release: https://github.com/actions/runner-images/releases/tag/ubuntu24%2F20260907.300
2026-09-15T22:57:48.0890377Z ##[endgroup]
2026-09-15T22:57:48.0891596Z ##[group]GITHUB_TOKEN Permissions
2026-09-15T22:57:48.0893943Z Contents: read
2026-09-15T22:57:48.0894731Z Metadata: read
2026-09-15T22:57:48.0895325Z ##[endgroup]
2026-09-15T22:57:48.0897735Z Secret source: Actions
2026-09-15T22:57:48.0898802Z Cache mode: write
2026-09-15T22:57:48.0899582Z Prepare workflow directory
2026-09-15T22:57:48.1405827Z Prepare all required actions
2026-09-15T22:57:48.1473564Z Getting action download info
2026-09-15T22:57:48.4045671Z Download action repository 'actions/checkout@v4' (SHA:11d5960a326750d5838078e36cf38b85af677262)
2026-09-15T22:57:48.6171731Z Download action repository 'actions/setup-python@v5' (SHA:a26af69be951a213d495a4c3e4e4022e16d87065)
2026-09-15T22:57:48.7654859Z Download action repository 'actions/upload-artifact@v4' (SHA:ea165f8d65b6e75b540449e92b4886f43607fa02)
2026-09-15T22:57:49.0473062Z Complete job name: Testes, contêineres e retreino real
2026-09-15T22:57:49.1417807Z Node 20 is being deprecated. This workflow is running with Node 24 by default. If you need to temporarily use Node 20, you can set the ACTIONS_ALLOW_USE_UNSECURE_NODE_VERSION=true environment variable. For more information see: https://github.blog/changelog/2025-09-19-deprecation-of-node-20-on-github-actions-runners/
2026-09-15T22:57:49.1429075Z ##[group]Run actions/checkout@v4
2026-09-15T22:57:49.1430059Z with:
2026-09-15T22:57:49.1430650Z   repository: callyafiune/Tech-Challenge-fase-3
2026-09-15T22:57:49.1435266Z   token: ***
2026-09-15T22:57:49.1435797Z   ssh-strict: true
2026-09-15T22:57:49.1436330Z   ssh-user: git
2026-09-15T22:57:49.1436873Z   persist-credentials: true
2026-09-15T22:57:49.1437774Z   clean: true
2026-09-15T22:57:49.1438310Z   sparse-checkout-cone-mode: true
2026-09-15T22:57:49.1438926Z   fetch-depth: 1
2026-09-15T22:57:49.1439654Z   fetch-tags: false
2026-09-15T22:57:49.1440507Z   show-progress: true
2026-09-15T22:57:49.1441409Z   lfs: false
2026-09-15T22:57:49.1442301Z   submodules: false
2026-09-15T22:57:49.1443162Z   set-safe-directory: true
2026-09-15T22:57:49.1444113Z   allow-unsafe-pr-checkout: false
2026-09-15T22:57:49.1445584Z env:
2026-09-15T22:57:49.1446494Z   GRAFANA_ADMIN_PASSWORD: senha-local-do-runner-ci
2026-09-15T22:57:49.1447871Z   OMP_NUM_THREADS: 1
2026-09-15T22:57:49.1448736Z   OPENBLAS_NUM_THREADS: 1
2026-09-15T22:57:49.1450323Z   MKL_NUM_THREADS: 1
2026-09-15T22:57:49.1451180Z ##[endgroup]
2026-09-15T22:57:49.2515404Z Syncing repository: callyafiune/Tech-Challenge-fase-3
2026-09-15T22:57:49.2518787Z ##[group]Getting Git version info
2026-09-15T22:57:49.2520407Z Working directory is '/home/runner/work/Tech-Challenge-fase-3/Tech-Challenge-fase-3'
2026-09-15T22:57:49.2523071Z [command]/usr/bin/git version
2026-09-15T22:57:49.3922678Z git version 2.55.0
2026-09-15T22:57:49.3944289Z ##[endgroup]
2026-09-15T22:57:49.3959219Z Temporarily overriding HOME='/home/runner/work/_temp/4d89fc32-28b3-455e-a3d6-3aee7d406996' before making global git config changes
2026-09-15T22:57:49.3965520Z Adding repository directory to the temporary git global config as a safe directory
2026-09-15T22:57:49.3968309Z [command]/usr/bin/git config --global --add safe.directory /home/runner/work/Tech-Challenge-fase-3/Tech-Challenge-fase-3
2026-09-15T22:57:49.4251462Z Deleting the contents of '/home/runner/work/Tech-Challenge-fase-3/Tech-Challenge-fase-3'
2026-09-15T22:57:49.4256057Z ##[group]Initializing the repository
2026-09-15T22:57:49.4261384Z [command]/usr/bin/git init /home/runner/work/Tech-Challenge-fase-3/Tech-Challenge-fase-3
2026-09-15T22:57:49.5048924Z hint: Using 'master' as the name for the initial branch. This default branch name
2026-09-15T22:57:49.5050937Z hint: will change to "main" in Git 3.0. To configure the initial branch name
2026-09-15T22:57:49.5052813Z hint: to use in all of your new repositories, which will suppress this warning,
2026-09-15T22:57:49.5054214Z hint: call:
2026-09-15T22:57:49.5055029Z hint:
2026-09-15T22:57:49.5056079Z hint: 	git config --global init.defaultBranch <name>
2026-09-15T22:57:49.5057221Z hint:
2026-09-15T22:57:49.5058536Z hint: Names commonly chosen instead of 'master' are 'main', 'trunk' and
2026-09-15T22:57:49.5061246Z hint: 'development'. The just-created branch can be renamed via this command:
2026-09-15T22:57:49.5062879Z hint:
2026-09-15T22:57:49.5063690Z hint: 	git branch -m <name>
2026-09-15T22:57:49.5064785Z hint:
2026-09-15T22:57:49.5065900Z hint: Disable this message with "git config set advice.defaultBranchName false"
2026-09-15T22:57:49.5068216Z Initialized empty Git repository in /home/runner/work/Tech-Challenge-fase-3/Tech-Challenge-fase-3/.git/
2026-09-15T22:57:49.5071881Z [command]/usr/bin/git remote add origin https://github.com/callyafiune/Tech-Challenge-fase-3
2026-09-15T22:57:49.5559755Z ##[endgroup]
2026-09-15T22:57:49.5561110Z ##[group]Disabling automatic garbage collection
2026-09-15T22:57:49.5564771Z [command]/usr/bin/git config --local gc.auto 0
2026-09-15T22:57:49.5604189Z ##[endgroup]
2026-09-15T22:57:49.5605832Z ##[group]Setting up auth
2026-09-15T22:57:49.5612015Z [command]/usr/bin/git config --local --name-only --get-regexp core\.sshCommand
2026-09-15T22:57:49.5727818Z [command]/usr/bin/git submodule foreach --recursive sh -c "git config --local --name-only --get-regexp 'core\.sshCommand' && git config --local --unset-all 'core.sshCommand' || :"
2026-09-15T22:57:49.7796478Z [command]/usr/bin/git config --local --name-only --get-regexp http\.https\:\/\/github\.com\/\.extraheader
2026-09-15T22:57:49.7839448Z [command]/usr/bin/git submodule foreach --recursive sh -c "git config --local --name-only --get-regexp 'http\.https\:\/\/github\.com\/\.extraheader' && git config --local --unset-all 'http.https://github.com/.extraheader' || :"
2026-09-15T22:57:49.8084753Z [command]/usr/bin/git config --local --name-only --get-regexp ^includeIf\.gitdir:
2026-09-15T22:57:49.8123828Z [command]/usr/bin/git submodule foreach --recursive git config --local --show-origin --name-only --get-regexp remote.origin.url
2026-09-15T22:57:49.8369239Z [command]/usr/bin/git config --local http.https://github.com/.extraheader AUTHORIZATION: basic ***
2026-09-15T22:57:49.8410432Z ##[endgroup]
2026-09-15T22:57:49.8411816Z ##[group]Fetching the repository
2026-09-15T22:57:49.8420810Z [command]/usr/bin/git -c protocol.version=2 fetch --no-tags --prune --no-recurse-submodules --depth=1 origin +34e478123d94854198cf4788580b40d539d8d86c:refs/remotes/origin/main
2026-09-15T22:57:50.6553378Z From https://github.com/callyafiune/Tech-Challenge-fase-3
2026-09-15T22:57:50.6556459Z  * [new ref]         34e478123d94854198cf4788580b40d539d8d86c -> origin/main
2026-09-15T22:57:50.6563147Z ##[endgroup]
2026-09-15T22:57:50.6565822Z ##[group]Determining the checkout info
2026-09-15T22:57:50.6569054Z ##[endgroup]
2026-09-15T22:57:50.6571182Z [command]/usr/bin/git sparse-checkout disable
2026-09-15T22:57:50.6779953Z [command]/usr/bin/git config --local --unset-all extensions.worktreeConfig
2026-09-15T22:57:50.6816990Z ##[group]Checking out the ref
2026-09-15T22:57:50.6821449Z [command]/usr/bin/git checkout --progress --force -B main refs/remotes/origin/main
2026-09-15T22:57:50.7190304Z Switched to a new branch 'main'
2026-09-15T22:57:50.7193195Z branch 'main' set up to track 'origin/main'.
2026-09-15T22:57:50.7202651Z ##[endgroup]
2026-09-15T22:57:50.7248978Z [command]/usr/bin/git log -1 --format=%H
2026-09-15T22:57:50.7279055Z 34e478123d94854198cf4788580b40d539d8d86c
2026-09-15T22:57:50.7652269Z Node 20 is being deprecated. This workflow is running with Node 24 by default. If you need to temporarily use Node 20, you can set the ACTIONS_ALLOW_USE_UNSECURE_NODE_VERSION=true environment variable. For more information see: https://github.blog/changelog/2025-09-19-deprecation-of-node-20-on-github-actions-runners/
2026-09-15T22:57:50.7658254Z ##[group]Run actions/setup-python@v5
2026-09-15T22:57:50.7659422Z with:
2026-09-15T22:57:50.7660269Z   python-version: 3.11
2026-09-15T22:57:50.7661223Z   cache: pip
2026-09-15T22:57:50.7662233Z   cache-dependency-path: requirements*.lock
2026-09-15T22:57:50.7664092Z   check-latest: false
2026-09-15T22:57:50.7676357Z   token: ***
2026-09-15T22:57:50.7677610Z   update-environment: true
2026-09-15T22:57:50.7678693Z   allow-prereleases: false
2026-09-15T22:57:50.7679734Z   freethreaded: false
2026-09-15T22:57:50.7680672Z env:
2026-09-15T22:57:50.7681653Z   GRAFANA_ADMIN_PASSWORD: senha-local-do-runner-ci
2026-09-15T22:57:50.7683019Z   OMP_NUM_THREADS: 1
2026-09-15T22:57:50.7684040Z   OPENBLAS_NUM_THREADS: 1
2026-09-15T22:57:50.7685344Z   MKL_NUM_THREADS: 1
2026-09-15T22:57:50.7686263Z ##[endgroup]
2026-09-15T22:57:50.9079443Z ##[group]Installed versions
2026-09-15T22:57:50.9935976Z (node:2247) [DEP0040] DeprecationWarning: The `punycode` module is deprecated. Please use a userland alternative instead.
2026-09-15T22:57:50.9939191Z (Use `node --trace-deprecation ...` to show where the warning was created)
2026-09-15T22:57:50.9940917Z Successfully set up CPython (3.11.16)
2026-09-15T22:57:50.9942933Z ##[endgroup]
2026-09-15T22:57:51.0648757Z [command]/opt/hostedtoolcache/Python/3.11.16/x64/bin/pip cache dir
2026-09-15T22:57:53.9432827Z /home/runner/.cache/pip
2026-09-15T22:57:54.1335518Z Cache hit for: setup-python-Linux-x64-24.04-Ubuntu-python-3.11.16-pip-dbf577e5fe0c2f4b03562c83fc7f94f7a8b03723a8acbbae623b6218faafb446
2026-09-15T22:57:54.1437275Z (node:2247) [DEP0169] DeprecationWarning: `url.parse()` behavior is not standardized and prone to errors that have security implications. Use the WHATWG URL API instead. CVEs are not issued for `url.parse()` vulnerabilities.
2026-09-15T22:57:55.3008314Z Received 88080384 of 137080495 (64.3%), 83.7 MBs/sec
2026-09-15T22:57:55.6263233Z Received 137080495 of 137080495 (100.0%), 98.3 MBs/sec
2026-09-15T22:57:55.6264311Z Cache Size: ~131 MB (137080495 B)
2026-09-15T22:57:55.6303112Z [command]/usr/bin/tar -xf /home/runner/work/_temp/3aa629ab-202d-458c-a5a2-69756b4c8b92/cache.tzst -P -C /home/runner/work/Tech-Challenge-fase-3/Tech-Challenge-fase-3 --use-compress-program unzstd
2026-09-15T22:57:55.8718826Z Cache restored successfully
2026-09-15T22:57:55.8790865Z Cache restored from key: setup-python-Linux-x64-24.04-Ubuntu-python-3.11.16-pip-21b3be8286de91a7ebb261e45d32a004a4b3e953d591adf1a87cc6e92058267a
2026-09-15T22:57:55.8993241Z ##[group]Run python -m pip install -r requirements.lock
2026-09-15T22:57:55.8993833Z [36;1mpython -m pip install -r requirements.lock[0m
2026-09-15T22:57:55.8994293Z [36;1mpython -m pip install --no-deps --no-build-isolation .[0m
2026-09-15T22:57:55.8994667Z [36;1mpython -m pip check[0m
2026-09-15T22:57:55.9045364Z shell: /usr/bin/bash --noprofile --norc -e -o pipefail {0}
2026-09-15T22:57:55.9045761Z env:
2026-09-15T22:57:55.9046067Z   GRAFANA_ADMIN_PASSWORD: senha-local-do-runner-ci
2026-09-15T22:57:55.9046445Z   OMP_NUM_THREADS: 1
2026-09-15T22:57:55.9046686Z   OPENBLAS_NUM_THREADS: 1
2026-09-15T22:57:55.9046928Z   MKL_NUM_THREADS: 1
2026-09-15T22:57:55.9047209Z   pythonLocation: /opt/hostedtoolcache/Python/3.11.16/x64
2026-09-15T22:57:55.9048218Z   PKG_CONFIG_PATH: /opt/hostedtoolcache/Python/3.11.16/x64/lib/pkgconfig
2026-09-15T22:57:55.9048651Z   Python_ROOT_DIR: /opt/hostedtoolcache/Python/3.11.16/x64
2026-09-15T22:57:55.9049088Z   Python2_ROOT_DIR: /opt/hostedtoolcache/Python/3.11.16/x64
2026-09-15T22:57:55.9049500Z   Python3_ROOT_DIR: /opt/hostedtoolcache/Python/3.11.16/x64
2026-09-15T22:57:55.9049890Z   LD_LIBRARY_PATH: /opt/hostedtoolcache/Python/3.11.16/x64/lib
2026-09-15T22:57:55.9050236Z ##[endgroup]
2026-09-15T22:57:57.5201615Z Ignoring pyreadline3: markers 'sys_platform == "win32"' don't match your environment
2026-09-15T22:57:57.5202978Z Ignoring ml-dtypes: markers 'python_full_version >= "3.14"' don't match your environment
2026-09-15T22:57:57.5207683Z Ignoring colorama: markers 'sys_platform == "win32"' don't match your environment
2026-09-15T22:57:57.6814774Z Collecting annotated-types==0.8.0 (from -r /home/runner/work/Tech-Challenge-fase-3/Tech-Challenge-fase-3/requirements-runtime.lock (line 2))
2026-09-15T22:57:57.6832219Z   Using cached annotated_types-0.8.0-py3-none-any.whl.metadata (15 kB)
2026-09-15T22:57:57.7240857Z Collecting anyio==4.15.1 (from -r /home/runner/work/Tech-Challenge-fase-3/Tech-Challenge-fase-3/requirements-runtime.lock (line 3))
2026-09-15T22:57:57.7256455Z   Using cached anyio-4.15.1-py3-none-any.whl.metadata (4.7 kB)
2026-09-15T22:57:57.7655442Z Collecting click==8.5.0 (from -r /home/runner/work/Tech-Challenge-fase-3/Tech-Challenge-fase-3/requirements-runtime.lock (line 4))
2026-09-15T22:57:57.7670792Z   Using cached click-8.5.0-py3-none-any.whl.metadata (2.6 kB)
2026-09-15T22:57:57.8046823Z Collecting coloredlogs==15.0.1 (from -r /home/runner/work/Tech-Challenge-fase-3/Tech-Challenge-fase-3/requirements-runtime.lock (line 5))
2026-09-15T22:57:57.8061879Z   Using cached coloredlogs-15.0.1-py2.py3-none-any.whl.metadata (12 kB)
2026-09-15T22:57:57.8749963Z Collecting fastapi==0.116.2 (from -r /home/runner/work/Tech-Challenge-fase-3/Tech-Challenge-fase-3/requirements-runtime.lock (line 6))
2026-09-15T22:57:57.8765702Z   Using cached fastapi-0.116.2-py3-none-any.whl.metadata (28 kB)
2026-09-15T22:57:57.9155501Z Collecting flatbuffers==25.12.19 (from -r /home/runner/work/Tech-Challenge-fase-3/Tech-Challenge-fase-3/requirements-runtime.lock (line 7))
2026-09-15T22:57:57.9169548Z   Using cached flatbuffers-25.12.19-py2.py3-none-any.whl.metadata (1.0 kB)
2026-09-15T22:57:57.9519431Z Collecting h11==0.16.0 (from -r /home/runner/work/Tech-Challenge-fase-3/Tech-Challenge-fase-3/requirements-runtime.lock (line 8))
2026-09-15T22:57:57.9533075Z   Using cached h11-0.16.0-py3-none-any.whl.metadata (8.3 kB)
2026-09-15T22:57:57.9938358Z Collecting humanfriendly==10.0 (from -r /home/runner/work/Tech-Challenge-fase-3/Tech-Challenge-fase-3/requirements-runtime.lock (line 9))
2026-09-15T22:57:57.9953109Z   Using cached humanfriendly-10.0-py2.py3-none-any.whl.metadata (9.2 kB)
2026-09-15T22:57:58.0334035Z Collecting idna==3.19 (from -r /home/runner/work/Tech-Challenge-fase-3/Tech-Challenge-fase-3/requirements-runtime.lock (line 10))
2026-09-15T22:57:58.0358144Z   Using cached idna-3.19-py3-none-any.whl.metadata (9.2 kB)
2026-09-15T22:57:58.0734075Z Collecting mpmath==1.3.0 (from -r /home/runner/work/Tech-Challenge-fase-3/Tech-Challenge-fase-3/requirements-runtime.lock (line 11))
2026-09-15T22:57:58.0747889Z   Using cached mpmath-1.3.0-py3-none-any.whl.metadata (8.6 kB)
2026-09-15T22:57:58.2608101Z Collecting numpy==2.2.6 (from -r /home/runner/work/Tech-Challenge-fase-3/Tech-Challenge-fase-3/requirements-runtime.lock (line 12))
2026-09-15T22:57:58.2623931Z   Using cached numpy-2.2.6-cp311-cp311-manylinux_2_17_x86_64.manylinux2014_x86_64.whl.metadata (62 kB)
2026-09-15T22:57:58.3496944Z Collecting onnxruntime==1.23.2 (from -r /home/runner/work/Tech-Challenge-fase-3/Tech-Challenge-fase-3/requirements-runtime.lock (line 13))
2026-09-15T22:57:58.3512884Z   Using cached onnxruntime-1.23.2-cp311-cp311-manylinux_2_27_x86_64.manylinux_2_28_x86_64.whl.metadata (5.1 kB)
2026-09-15T22:57:58.3896796Z Collecting packaging==26.3 (from -r /home/runner/work/Tech-Challenge-fase-3/Tech-Challenge-fase-3/requirements-runtime.lock (line 14))
2026-09-15T22:57:58.3910823Z   Using cached packaging-26.3-py3-none-any.whl.metadata (3.5 kB)
2026-09-15T22:57:58.4287664Z Collecting prometheus-client==0.22.1 (from -r /home/runner/work/Tech-Challenge-fase-3/Tech-Challenge-fase-3/requirements-runtime.lock (line 15))
2026-09-15T22:57:58.4302484Z   Using cached prometheus_client-0.22.1-py3-none-any.whl.metadata (1.9 kB)
2026-09-15T22:57:58.5850740Z Collecting protobuf==7.36.1 (from -r /home/runner/work/Tech-Challenge-fase-3/Tech-Challenge-fase-3/requirements-runtime.lock (line 16))
2026-09-15T22:57:58.5866584Z   Using cached protobuf-7.36.1-cp310-abi3-manylinux2014_x86_64.whl.metadata (595 bytes)
2026-09-15T22:57:58.6928184Z Collecting pydantic==2.13.5 (from -r /home/runner/work/Tech-Challenge-fase-3/Tech-Challenge-fase-3/requirements-runtime.lock (line 17))
2026-09-15T22:57:58.6944038Z   Using cached pydantic-2.13.5-py3-none-any.whl.metadata (110 kB)
2026-09-15T22:57:59.2887033Z Collecting pydantic-core==2.46.5 (from -r /home/runner/work/Tech-Challenge-fase-3/Tech-Challenge-fase-3/requirements-runtime.lock (line 18))
2026-09-15T22:57:59.2903219Z   Using cached pydantic_core-2.46.5-cp311-cp311-manylinux_2_17_x86_64.manylinux2014_x86_64.whl.metadata (6.6 kB)
2026-09-15T22:57:59.3350223Z Collecting starlette==0.48.0 (from -r /home/runner/work/Tech-Challenge-fase-3/Tech-Challenge-fase-3/requirements-runtime.lock (line 20))
2026-09-15T22:57:59.3364676Z   Using cached starlette-0.48.0-py3-none-any.whl.metadata (6.3 kB)
2026-09-15T22:57:59.3755574Z Collecting sympy==1.14.0 (from -r /home/runner/work/Tech-Challenge-fase-3/Tech-Challenge-fase-3/requirements-runtime.lock (line 21))
2026-09-15T22:57:59.3769921Z   Using cached sympy-1.14.0-py3-none-any.whl.metadata (12 kB)
2026-09-15T22:57:59.4170231Z Collecting typing-extensions==4.16.0 (from -r /home/runner/work/Tech-Challenge-fase-3/Tech-Challenge-fase-3/requirements-runtime.lock (line 22))
2026-09-15T22:57:59.4184217Z   Using cached typing_extensions-4.16.0-py3-none-any.whl.metadata (3.3 kB)
2026-09-15T22:57:59.4538617Z Collecting typing-inspection==0.4.4 (from -r /home/runner/work/Tech-Challenge-fase-3/Tech-Challenge-fase-3/requirements-runtime.lock (line 23))
2026-09-15T22:57:59.4553378Z   Using cached typing_inspection-0.4.4-py3-none-any.whl.metadata (2.6 kB)
2026-09-15T22:57:59.4991459Z Collecting uvicorn==0.35.0 (from -r /home/runner/work/Tech-Challenge-fase-3/Tech-Challenge-fase-3/requirements-runtime.lock (line 24))
2026-09-15T22:57:59.5006037Z   Using cached uvicorn-0.35.0-py3-none-any.whl.metadata (6.5 kB)
2026-09-15T22:57:59.5639026Z Collecting joblib==1.5.3 (from -r /home/runner/work/Tech-Challenge-fase-3/Tech-Challenge-fase-3/requirements-treinamento.lock (line 3))
2026-09-15T22:57:59.5655457Z   Using cached joblib-1.5.3-py3-none-any.whl.metadata (5.5 kB)
2026-09-15T22:57:59.6135491Z Collecting ml-dtypes==0.6.0 (from -r /home/runner/work/Tech-Challenge-fase-3/Tech-Challenge-fase-3/requirements-treinamento.lock (line 5))
2026-09-15T22:57:59.6151258Z   Using cached ml_dtypes-0.6.0-cp311-cp311-manylinux_2_27_x86_64.manylinux_2_28_x86_64.whl.metadata (8.8 kB)
2026-09-15T22:57:59.6925105Z Collecting onnx==1.19.1 (from -r /home/runner/work/Tech-Challenge-fase-3/Tech-Challenge-fase-3/requirements-treinamento.lock (line 6))
2026-09-15T22:57:59.6940319Z   Using cached onnx-1.19.1-cp311-cp311-manylinux2014_x86_64.manylinux_2_17_x86_64.whl.metadata (7.0 kB)
2026-09-15T22:57:59.8093042Z Collecting pandas==2.3.3 (from -r /home/runner/work/Tech-Challenge-fase-3/Tech-Challenge-fase-3/requirements-treinamento.lock (line 7))
2026-09-15T22:57:59.8108388Z   Using cached pandas-2.3.3-cp311-cp311-manylinux_2_24_x86_64.manylinux_2_28_x86_64.whl.metadata (91 kB)
2026-09-15T22:57:59.8691984Z Collecting python-dateutil==2.9.0.post0 (from -r /home/runner/work/Tech-Challenge-fase-3/Tech-Challenge-fase-3/requirements-treinamento.lock (line 8))
2026-09-15T22:57:59.8707475Z   Using cached python_dateutil-2.9.0.post0-py2.py3-none-any.whl.metadata (8.4 kB)
2026-09-15T22:57:59.9244699Z Collecting pytz==2026.3.post1 (from -r /home/runner/work/Tech-Challenge-fase-3/Tech-Challenge-fase-3/requirements-treinamento.lock (line 9))
2026-09-15T22:57:59.9259588Z   Using cached pytz-2026.3.post1-py2.py3-none-any.whl.metadata (22 kB)
2026-09-15T22:58:00.0186533Z Collecting scikit-learn==1.7.2 (from -r /home/runner/work/Tech-Challenge-fase-3/Tech-Challenge-fase-3/requirements-treinamento.lock (line 10))
2026-09-15T22:58:00.0204280Z   Using cached scikit_learn-1.7.2-cp311-cp311-manylinux2014_x86_64.manylinux_2_17_x86_64.whl.metadata (11 kB)
2026-09-15T22:58:00.1530833Z Collecting scipy==1.17.1 (from -r /home/runner/work/Tech-Challenge-fase-3/Tech-Challenge-fase-3/requirements-treinamento.lock (line 11))
2026-09-15T22:58:00.1548037Z   Using cached scipy-1.17.1-cp311-cp311-manylinux_2_27_x86_64.manylinux_2_28_x86_64.whl.metadata (62 kB)
2026-09-15T22:58:00.2018843Z Collecting six==1.17.0 (from -r /home/runner/work/Tech-Challenge-fase-3/Tech-Challenge-fase-3/requirements-treinamento.lock (line 12))
2026-09-15T22:58:00.2034858Z   Using cached six-1.17.0-py2.py3-none-any.whl.metadata (1.7 kB)
2026-09-15T22:58:00.2413465Z Collecting skl2onnx==1.19.1 (from -r /home/runner/work/Tech-Challenge-fase-3/Tech-Challenge-fase-3/requirements-treinamento.lock (line 13))
2026-09-15T22:58:00.2430136Z   Using cached skl2onnx-1.19.1-py3-none-any.whl.metadata (3.8 kB)
2026-09-15T22:58:00.2799777Z Collecting threadpoolctl==3.6.0 (from -r /home/runner/work/Tech-Challenge-fase-3/Tech-Challenge-fase-3/requirements-treinamento.lock (line 14))
2026-09-15T22:58:00.2814539Z   Using cached threadpoolctl-3.6.0-py3-none-any.whl.metadata (13 kB)
2026-09-15T22:58:00.3191455Z Collecting tzdata==2026.4 (from -r /home/runner/work/Tech-Challenge-fase-3/Tech-Challenge-fase-3/requirements-treinamento.lock (line 15))
2026-09-15T22:58:00.3206939Z   Using cached tzdata-2026.4-py2.py3-none-any.whl.metadata (1.4 kB)
2026-09-15T22:58:00.3889787Z Collecting hatchling==1.32.0 (from -r /home/runner/work/Tech-Challenge-fase-3/Tech-Challenge-fase-3/requirements-build.lock (line 2))
2026-09-15T22:58:00.3905498Z   Using cached hatchling-1.32.0-py3-none-any.whl.metadata (3.9 kB)
2026-09-15T22:58:00.4270906Z Collecting pathspec==1.1.1 (from -r /home/runner/work/Tech-Challenge-fase-3/Tech-Challenge-fase-3/requirements-build.lock (line 4))
2026-09-15T22:58:00.4290701Z   Using cached pathspec-1.1.1-py3-none-any.whl.metadata (14 kB)
2026-09-15T22:58:00.4661270Z Collecting pluggy==1.6.0 (from -r /home/runner/work/Tech-Challenge-fase-3/Tech-Challenge-fase-3/requirements-build.lock (line 5))
2026-09-15T22:58:00.4675719Z   Using cached pluggy-1.6.0-py3-none-any.whl.metadata (4.8 kB)
2026-09-15T22:58:00.5058912Z Collecting tomlkit==0.15.1 (from -r /home/runner/work/Tech-Challenge-fase-3/Tech-Challenge-fase-3/requirements-build.lock (line 6))
2026-09-15T22:58:00.5072701Z   Using cached tomlkit-0.15.1-py3-none-any.whl.metadata (3.3 kB)
2026-09-15T22:58:00.5498449Z Collecting trove-classifiers==2026.6.1.19 (from -r /home/runner/work/Tech-Challenge-fase-3/Tech-Challenge-fase-3/requirements-build.lock (line 7))
2026-09-15T22:58:00.5513087Z   Using cached trove_classifiers-2026.6.1.19-py3-none-any.whl.metadata (2.3 kB)
2026-09-15T22:58:00.5901649Z Collecting certifi==2026.7.22 (from -r requirements.lock (line 4))
2026-09-15T22:58:00.5915320Z   Using cached certifi-2026.7.22-py3-none-any.whl.metadata (2.5 kB)
2026-09-15T22:58:00.6308999Z Collecting httpcore==1.0.9 (from -r requirements.lock (line 6))
2026-09-15T22:58:00.6323642Z   Using cached httpcore-1.0.9-py3-none-any.whl.metadata (21 kB)
2026-09-15T22:58:00.6729851Z Collecting httpx==0.28.1 (from -r requirements.lock (line 7))
2026-09-15T22:58:00.6743950Z   Using cached httpx-0.28.1-py3-none-any.whl.metadata (7.1 kB)
2026-09-15T22:58:00.7100367Z Collecting iniconfig==2.3.0 (from -r requirements.lock (line 8))
2026-09-15T22:58:00.7114582Z   Using cached iniconfig-2.3.0-py3-none-any.whl.metadata (2.5 kB)
2026-09-15T22:58:00.7518969Z Collecting pygments==2.21.0 (from -r requirements.lock (line 9))
2026-09-15T22:58:00.7538092Z   Using cached pygments-2.21.0-py3-none-any.whl.metadata (2.5 kB)
2026-09-15T22:58:00.8007760Z Collecting pytest==8.4.2 (from -r requirements.lock (line 10))
2026-09-15T22:58:00.8023191Z   Using cached pytest-8.4.2-py3-none-any.whl.metadata (7.7 kB)
2026-09-15T22:58:00.8582556Z Collecting pyyaml==6.0.3 (from -r requirements.lock (line 11))
2026-09-15T22:58:00.8598625Z   Using cached pyyaml-6.0.3-cp311-cp311-manylinux2014_x86_64.manylinux_2_17_x86_64.manylinux_2_28_x86_64.whl.metadata (2.4 kB)
2026-09-15T22:58:01.1993721Z Collecting ruff==0.13.3 (from -r requirements.lock (line 12))
2026-09-15T22:58:01.2011976Z   Using cached ruff-0.13.3-py3-none-manylinux_2_17_x86_64.manylinux2014_x86_64.whl.metadata (25 kB)
2026-09-15T22:58:01.2531304Z Using cached annotated_types-0.8.0-py3-none-any.whl (13 kB)
2026-09-15T22:58:01.2545667Z Using cached anyio-4.15.1-py3-none-any.whl (132 kB)
2026-09-15T22:58:01.2560648Z Using cached click-8.5.0-py3-none-any.whl (125 kB)
2026-09-15T22:58:01.2575487Z Using cached coloredlogs-15.0.1-py2.py3-none-any.whl (46 kB)
2026-09-15T22:58:01.2589688Z Using cached fastapi-0.116.2-py3-none-any.whl (95 kB)
2026-09-15T22:58:01.2603771Z Using cached pydantic-2.13.5-py3-none-any.whl (472 kB)
2026-09-15T22:58:01.2619463Z Using cached starlette-0.48.0-py3-none-any.whl (73 kB)
2026-09-15T22:58:01.2633492Z Using cached flatbuffers-25.12.19-py2.py3-none-any.whl (26 kB)
2026-09-15T22:58:01.2647128Z Using cached h11-0.16.0-py3-none-any.whl (37 kB)
2026-09-15T22:58:01.2661444Z Using cached humanfriendly-10.0-py2.py3-none-any.whl (86 kB)
2026-09-15T22:58:01.2675244Z Using cached idna-3.19-py3-none-any.whl (68 kB)
2026-09-15T22:58:01.2689230Z Using cached mpmath-1.3.0-py3-none-any.whl (536 kB)
2026-09-15T22:58:01.2705090Z Using cached numpy-2.2.6-cp311-cp311-manylinux_2_17_x86_64.manylinux2014_x86_64.whl (16.8 MB)
2026-09-15T22:58:01.2778187Z Using cached onnxruntime-1.23.2-cp311-cp311-manylinux_2_27_x86_64.manylinux_2_28_x86_64.whl (17.4 MB)
2026-09-15T22:58:01.2851390Z Using cached packaging-26.3-py3-none-any.whl (129 kB)
2026-09-15T22:58:01.2865852Z Using cached prometheus_client-0.22.1-py3-none-any.whl (58 kB)
2026-09-15T22:58:01.2880616Z Using cached protobuf-7.36.1-cp310-abi3-manylinux2014_x86_64.whl (343 kB)
2026-09-15T22:58:01.2895948Z Using cached pydantic_core-2.46.5-cp311-cp311-manylinux_2_17_x86_64.manylinux2014_x86_64.whl (2.1 MB)
2026-09-15T22:58:01.2916454Z Using cached sympy-1.14.0-py3-none-any.whl (6.3 MB)
2026-09-15T22:58:01.2951108Z Using cached typing_extensions-4.16.0-py3-none-any.whl (45 kB)
2026-09-15T22:58:01.2965292Z Using cached typing_inspection-0.4.4-py3-none-any.whl (14 kB)
2026-09-15T22:58:01.2979005Z Using cached uvicorn-0.35.0-py3-none-any.whl (66 kB)
2026-09-15T22:58:01.2993342Z Using cached joblib-1.5.3-py3-none-any.whl (309 kB)
2026-09-15T22:58:01.3008225Z Using cached ml_dtypes-0.6.0-cp311-cp311-manylinux_2_27_x86_64.manylinux_2_28_x86_64.whl (412 kB)
2026-09-15T22:58:01.3023471Z Using cached onnx-1.19.1-cp311-cp311-manylinux2014_x86_64.manylinux_2_17_x86_64.whl (18.2 MB)
2026-09-15T22:58:01.3099196Z Using cached pandas-2.3.3-cp311-cp311-manylinux_2_24_x86_64.manylinux_2_28_x86_64.whl (12.8 MB)
2026-09-15T22:58:01.3158395Z Using cached python_dateutil-2.9.0.post0-py2.py3-none-any.whl (229 kB)
2026-09-15T22:58:01.3173240Z Using cached pytz-2026.3.post1-py2.py3-none-any.whl (508 kB)
2026-09-15T22:58:01.3188681Z Using cached scikit_learn-1.7.2-cp311-cp311-manylinux2014_x86_64.manylinux_2_17_x86_64.whl (9.7 MB)
2026-09-15T22:58:01.3233823Z Using cached scipy-1.17.1-cp311-cp311-manylinux_2_27_x86_64.manylinux_2_28_x86_64.whl (35.3 MB)
2026-09-15T22:58:01.3365843Z Using cached six-1.17.0-py2.py3-none-any.whl (11 kB)
2026-09-15T22:58:01.3379146Z Using cached skl2onnx-1.19.1-py3-none-any.whl (315 kB)
2026-09-15T22:58:01.3393373Z Using cached threadpoolctl-3.6.0-py3-none-any.whl (18 kB)
2026-09-15T22:58:01.3406686Z Using cached tzdata-2026.4-py2.py3-none-any.whl (347 kB)
2026-09-15T22:58:01.3421460Z Using cached hatchling-1.32.0-py3-none-any.whl (78 kB)
2026-09-15T22:58:01.3435046Z Using cached pathspec-1.1.1-py3-none-any.whl (57 kB)
2026-09-15T22:58:01.3448640Z Using cached pluggy-1.6.0-py3-none-any.whl (20 kB)
2026-09-15T22:58:01.3462699Z Using cached tomlkit-0.15.1-py3-none-any.whl (49 kB)
2026-09-15T22:58:01.3476587Z Using cached trove_classifiers-2026.6.1.19-py3-none-any.whl (14 kB)
2026-09-15T22:58:01.3490494Z Using cached certifi-2026.7.22-py3-none-any.whl (136 kB)
2026-09-15T22:58:01.3503910Z Using cached httpcore-1.0.9-py3-none-any.whl (78 kB)
2026-09-15T22:58:01.3517471Z Using cached httpx-0.28.1-py3-none-any.whl (73 kB)
2026-09-15T22:58:01.3531069Z Using cached iniconfig-2.3.0-py3-none-any.whl (7.5 kB)
2026-09-15T22:58:01.3544093Z Using cached pygments-2.21.0-py3-none-any.whl (1.3 MB)
2026-09-15T22:58:01.3561506Z Using cached pytest-8.4.2-py3-none-any.whl (365 kB)
2026-09-15T22:58:01.3576333Z Using cached pyyaml-6.0.3-cp311-cp311-manylinux2014_x86_64.manylinux_2_17_x86_64.manylinux_2_28_x86_64.whl (806 kB)
2026-09-15T22:58:01.3592184Z Using cached ruff-0.13.3-py3-none-manylinux_2_17_x86_64.manylinux2014_x86_64.whl (13.4 MB)
2026-09-15T22:58:02.0981853Z Installing collected packages: trove-classifiers, pytz, mpmath, flatbuffers, tzdata, typing-extensions, tomlkit, threadpoolctl, sympy, six, ruff, pyyaml, pygments, protobuf, prometheus-client, pluggy, pathspec, packaging, numpy, joblib, iniconfig, idna, humanfriendly, h11, click, certifi, annotated-types, uvicorn, typing-inspection, scipy, python-dateutil, pytest, pydantic-core, ml-dtypes, httpcore, hatchling, coloredlogs, anyio, starlette, scikit-learn, pydantic, pandas, onnxruntime, onnx, httpx, skl2onnx, fastapi
2026-09-15T22:58:25.3465232Z 
2026-09-15T22:58:25.3489249Z Successfully installed annotated-types-0.8.0 anyio-4.15.1 certifi-2026.7.22 click-8.5.0 coloredlogs-15.0.1 fastapi-0.116.2 flatbuffers-25.12.19 h11-0.16.0 hatchling-1.32.0 httpcore-1.0.9 httpx-0.28.1 humanfriendly-10.0 idna-3.19 iniconfig-2.3.0 joblib-1.5.3 ml-dtypes-0.6.0 mpmath-1.3.0 numpy-2.2.6 onnx-1.19.1 onnxruntime-1.23.2 packaging-26.3 pandas-2.3.3 pathspec-1.1.1 pluggy-1.6.0 prometheus-client-0.22.1 protobuf-7.36.1 pydantic-2.13.5 pydantic-core-2.46.5 pygments-2.21.0 pytest-8.4.2 python-dateutil-2.9.0.post0 pytz-2026.3.post1 pyyaml-6.0.3 ruff-0.13.3 scikit-learn-1.7.2 scipy-1.17.1 six-1.17.0 skl2onnx-1.19.1 starlette-0.48.0 sympy-1.14.0 threadpoolctl-3.6.0 tomlkit-0.15.1 trove-classifiers-2026.6.1.19 typing-extensions-4.16.0 typing-inspection-0.4.4 tzdata-2026.4 uvicorn-0.35.0
2026-09-15T22:58:26.2834533Z Processing ./.
2026-09-15T22:58:26.2847196Z   Preparing metadata (pyproject.toml): started
2026-09-15T22:58:26.5258843Z   Preparing metadata (pyproject.toml): finished with status 'done'
2026-09-15T22:58:26.5285541Z Building wheels for collected packages: medical-classifier
2026-09-15T22:58:26.5295619Z   Building wheel for medical-classifier (pyproject.toml): started
2026-09-15T22:58:26.5599798Z   Building wheel for medical-classifier (pyproject.toml): finished with status 'done'
2026-09-15T22:58:26.5605581Z   Created wheel for medical-classifier: filename=medical_classifier-0.1.0-py3-none-any.whl size=21017 sha256=48e16e60137005a870a09e046358d5489c85624fb4167aecceb787e812967821
2026-09-15T22:58:26.5607672Z   Stored in directory: /tmp/pip-ephem-wheel-cache-nincj3gc/wheels/45/f7/fc/56cd8f902018edf99513fef8c9c09aa425bd18ea61dc1cb415
2026-09-15T22:58:26.5626357Z Successfully built medical-classifier
2026-09-15T22:58:26.5725839Z Installing collected packages: medical-classifier
2026-09-15T22:58:26.5918720Z Successfully installed medical-classifier-0.1.0
2026-09-15T22:58:26.8631185Z No broken requirements found.
2026-09-15T22:58:26.8932851Z ##[group]Run mkdir -p reports
2026-09-15T22:58:26.8933186Z [36;1mmkdir -p reports[0m
2026-09-15T22:58:26.8933488Z [36;1mpython -m ruff check src tests scripts dags[0m
2026-09-15T22:58:26.8933901Z [36;1mpython -m ruff format --check src tests scripts dags[0m
2026-09-15T22:58:26.8934316Z [36;1mpython -m pytest -q --junitxml=reports/testes.xml[0m
2026-09-15T22:58:26.8975714Z shell: /usr/bin/bash --noprofile --norc -e -o pipefail {0}
2026-09-15T22:58:26.8976261Z env:
2026-09-15T22:58:26.8976527Z   GRAFANA_ADMIN_PASSWORD: senha-local-do-runner-ci
2026-09-15T22:58:26.8976857Z   OMP_NUM_THREADS: 1
2026-09-15T22:58:26.8977109Z   OPENBLAS_NUM_THREADS: 1
2026-09-15T22:58:26.8977588Z   MKL_NUM_THREADS: 1
2026-09-15T22:58:26.8977883Z   pythonLocation: /opt/hostedtoolcache/Python/3.11.16/x64
2026-09-15T22:58:26.8978325Z   PKG_CONFIG_PATH: /opt/hostedtoolcache/Python/3.11.16/x64/lib/pkgconfig
2026-09-15T22:58:26.8978756Z   Python_ROOT_DIR: /opt/hostedtoolcache/Python/3.11.16/x64
2026-09-15T22:58:26.8979182Z   Python2_ROOT_DIR: /opt/hostedtoolcache/Python/3.11.16/x64
2026-09-15T22:58:26.8979573Z   Python3_ROOT_DIR: /opt/hostedtoolcache/Python/3.11.16/x64
2026-09-15T22:58:26.8979966Z   LD_LIBRARY_PATH: /opt/hostedtoolcache/Python/3.11.16/x64/lib
2026-09-15T22:58:26.8980308Z ##[endgroup]
2026-09-15T22:58:26.9348051Z All checks passed!
2026-09-15T22:58:26.9658896Z 25 files already formatted
2026-09-15T22:58:31.2879092Z ................s....................................................... [ 66%]
2026-09-15T22:58:33.3901124Z ....................................                                     [100%]
2026-09-15T22:58:33.3901922Z =============================== warnings summary ===============================
2026-09-15T22:58:33.3902794Z ../../../../../opt/hostedtoolcache/Python/3.11.16/x64/lib/python3.11/site-packages/starlette/testclient.py:51
2026-09-15T22:58:33.3904621Z   /opt/hostedtoolcache/Python/3.11.16/x64/lib/python3.11/site-packages/starlette/testclient.py:51: DeprecationWarning: The anyio.abc.BlockingPortal alias is deprecated, use anyio.from_thread.BlockingPortal instead.
2026-09-15T22:58:33.3932782Z     _PortalFactoryType = Callable[[], AbstractContextManager[anyio.abc.BlockingPortal]]
2026-09-15T22:58:33.3933360Z 
2026-09-15T22:58:33.3933697Z -- Docs: https://docs.pytest.org/en/stable/how-to/capture-warnings.html
2026-09-15T22:58:33.3934619Z - generated xml file: /home/runner/work/Tech-Challenge-fase-3/Tech-Challenge-fase-3/reports/testes.xml -
2026-09-15T22:58:33.3935438Z 107 passed, 1 skipped, 1 warning in 4.91s
2026-09-15T22:58:33.7674922Z ##[group]Run docker compose config --quiet
2026-09-15T22:58:33.7675305Z [36;1mdocker compose config --quiet[0m
2026-09-15T22:58:33.7675785Z [36;1mdocker compose -f docker-compose.yml -f docker-compose.benchmark.yml config --quiet[0m
2026-09-15T22:58:33.7676360Z [36;1mdocker compose -f docker-compose.airflow.yml config --quiet[0m
2026-09-15T22:58:33.7716243Z shell: /usr/bin/bash --noprofile --norc -e -o pipefail {0}
2026-09-15T22:58:33.7716606Z env:
2026-09-15T22:58:33.7716884Z   GRAFANA_ADMIN_PASSWORD: senha-local-do-runner-ci
2026-09-15T22:58:33.7717223Z   OMP_NUM_THREADS: 1
2026-09-15T22:58:33.7717611Z   OPENBLAS_NUM_THREADS: 1
2026-09-15T22:58:33.7717853Z   MKL_NUM_THREADS: 1
2026-09-15T22:58:33.7718142Z   pythonLocation: /opt/hostedtoolcache/Python/3.11.16/x64
2026-09-15T22:58:33.7718593Z   PKG_CONFIG_PATH: /opt/hostedtoolcache/Python/3.11.16/x64/lib/pkgconfig
2026-09-15T22:58:33.7719041Z   Python_ROOT_DIR: /opt/hostedtoolcache/Python/3.11.16/x64
2026-09-15T22:58:33.7719469Z   Python2_ROOT_DIR: /opt/hostedtoolcache/Python/3.11.16/x64
2026-09-15T22:58:33.7719863Z   Python3_ROOT_DIR: /opt/hostedtoolcache/Python/3.11.16/x64
2026-09-15T22:58:33.7720252Z   LD_LIBRARY_PATH: /opt/hostedtoolcache/Python/3.11.16/x64/lib
2026-09-15T22:58:33.7720589Z ##[endgroup]
2026-09-15T22:58:39.4194470Z ##[group]Run docker compose build api pipeline
2026-09-15T22:58:39.4194881Z [36;1mdocker compose build api pipeline[0m
2026-09-15T22:58:39.4235005Z shell: /usr/bin/bash --noprofile --norc -e -o pipefail {0}
2026-09-15T22:58:39.4235361Z env:
2026-09-15T22:58:39.4235631Z   GRAFANA_ADMIN_PASSWORD: senha-local-do-runner-ci
2026-09-15T22:58:39.4235956Z   OMP_NUM_THREADS: 1
2026-09-15T22:58:39.4236196Z   OPENBLAS_NUM_THREADS: 1
2026-09-15T22:58:39.4236434Z   MKL_NUM_THREADS: 1
2026-09-15T22:58:39.4236720Z   pythonLocation: /opt/hostedtoolcache/Python/3.11.16/x64
2026-09-15T22:58:39.4237540Z   PKG_CONFIG_PATH: /opt/hostedtoolcache/Python/3.11.16/x64/lib/pkgconfig
2026-09-15T22:58:39.4237985Z   Python_ROOT_DIR: /opt/hostedtoolcache/Python/3.11.16/x64
2026-09-15T22:58:39.4238367Z   Python2_ROOT_DIR: /opt/hostedtoolcache/Python/3.11.16/x64
2026-09-15T22:58:39.4238754Z   Python3_ROOT_DIR: /opt/hostedtoolcache/Python/3.11.16/x64
2026-09-15T22:58:39.4239180Z   LD_LIBRARY_PATH: /opt/hostedtoolcache/Python/3.11.16/x64/lib
2026-09-15T22:58:39.4239518Z ##[endgroup]
2026-09-15T22:58:43.6275262Z #1 [internal] load local bake definitions
2026-09-15T22:58:43.7782686Z #1 reading from stdin 846B done
2026-09-15T22:58:43.7783145Z #1 DONE 0.0s
2026-09-15T22:58:44.0797631Z 
2026-09-15T22:58:44.0800176Z #2 [api internal] load build definition from Dockerfile
2026-09-15T22:58:44.0800621Z #2 transferring dockerfile: 2.63kB 0.0s done
2026-09-15T22:58:44.0800932Z #2 DONE 0.0s
2026-09-15T22:58:44.0801069Z 
2026-09-15T22:58:44.0801333Z #3 [api internal] load metadata for docker.io/library/python:3.11.16-slim-bookworm
2026-09-15T22:58:44.2538992Z #3 ...
2026-09-15T22:58:44.2539246Z 
2026-09-15T22:58:44.2539551Z #4 [auth] library/python:pull token for registry-1.docker.io
2026-09-15T22:58:44.2540072Z #4 DONE 0.0s
2026-09-15T22:58:44.4039774Z 
2026-09-15T22:58:44.4040178Z #3 [api internal] load metadata for docker.io/library/python:3.11.16-slim-bookworm
2026-09-15T22:58:44.7823201Z #3 DONE 0.7s
2026-09-15T22:58:44.7823539Z 
2026-09-15T22:58:44.7823693Z #5 [pipeline internal] load .dockerignore
2026-09-15T22:58:44.7824042Z #5 transferring context: 335B done
2026-09-15T22:58:44.7824317Z #5 DONE 0.0s
2026-09-15T22:58:44.7824443Z 
2026-09-15T22:58:44.7824551Z #6 [api internal] load build context
2026-09-15T22:58:44.7824867Z #6 transferring context: 51.42kB 0.0s done
2026-09-15T22:58:44.7825157Z #6 DONE 0.0s
2026-09-15T22:58:44.7825268Z 
2026-09-15T22:58:44.7825389Z #7 [pipeline internal] load build context
2026-09-15T22:58:44.7825686Z #7 transferring context: 51.87kB 0.0s done
2026-09-15T22:58:44.7825968Z #7 DONE 0.0s
2026-09-15T22:58:44.7826094Z 
2026-09-15T22:58:44.7826581Z #8 [pipeline base 1/2] FROM docker.io/library/python:3.11.16-slim-bookworm@sha256:528257d48c1da0dcecc2e725d1ae34498d60c965f1241e39cd6a85a8859bdf84
2026-09-15T22:58:44.7828130Z #8 resolve docker.io/library/python:3.11.16-slim-bookworm@sha256:528257d48c1da0dcecc2e725d1ae34498d60c965f1241e39cd6a85a8859bdf84 done
2026-09-15T22:58:44.7829394Z #8 sha256:5916320cd9ac92ae5ba3f99d8c7e3a3821d03b6bac8c7cd2cd1459bf1cc4f327 0B / 3.53MB 0.1s
2026-09-15T22:58:44.7830036Z #8 sha256:882a85d461488e9f738169100e18dabf5b52710cf9de01203645106010390643 0B / 16.02MB 0.1s
2026-09-15T22:58:44.7830668Z #8 sha256:528257d48c1da0dcecc2e725d1ae34498d60c965f1241e39cd6a85a8859bdf84 6.55kB / 6.55kB done
2026-09-15T22:58:44.7831298Z #8 sha256:b1add8a6f2aca6bcfcf0b9c9b522352f7ce0d62a3d556a2f2f32511aa0cca250 1.75kB / 1.75kB done
2026-09-15T22:58:44.7831946Z #8 sha256:9356cb064a7cbecce9a3ccba46e7fd5459d3a3e939db884ef7fbf3f757cc5ec8 5.50kB / 5.50kB done
2026-09-15T22:58:44.7832954Z #8 sha256:a8ac7f6c67abc236e4c745052c404112b8fab6fe8ac3a329d1ef3b867ad67c71 0B / 28.23MB 0.1s
2026-09-15T22:58:44.9814751Z #8 sha256:5916320cd9ac92ae5ba3f99d8c7e3a3821d03b6bac8c7cd2cd1459bf1cc4f327 3.53MB / 3.53MB 0.3s done
2026-09-15T22:58:44.9815700Z #8 sha256:882a85d461488e9f738169100e18dabf5b52710cf9de01203645106010390643 10.49MB / 16.02MB 0.3s
2026-09-15T22:58:44.9816848Z #8 sha256:528257d48c1da0dcecc2e725d1ae34498d60c965f1241e39cd6a85a8859bdf84 6.55kB / 6.55kB done
2026-09-15T22:58:44.9817967Z #8 sha256:b1add8a6f2aca6bcfcf0b9c9b522352f7ce0d62a3d556a2f2f32511aa0cca250 1.75kB / 1.75kB done
2026-09-15T22:58:44.9818982Z #8 sha256:9356cb064a7cbecce9a3ccba46e7fd5459d3a3e939db884ef7fbf3f757cc5ec8 5.50kB / 5.50kB done
2026-09-15T22:58:44.9821109Z #8 sha256:a8ac7f6c67abc236e4c745052c404112b8fab6fe8ac3a329d1ef3b867ad67c71 28.23MB / 28.23MB 0.3s done
2026-09-15T22:58:44.9822298Z #8 sha256:6128e8861235d84a1b973ae2b2847000f2c1163dbf138e56f6ca2127512afdd2 0B / 250B 0.3s
2026-09-15T22:58:45.0978742Z #8 sha256:5916320cd9ac92ae5ba3f99d8c7e3a3821d03b6bac8c7cd2cd1459bf1cc4f327 3.53MB / 3.53MB 0.3s done
2026-09-15T22:58:45.0982245Z #8 sha256:882a85d461488e9f738169100e18dabf5b52710cf9de01203645106010390643 16.02MB / 16.02MB 0.3s done
2026-09-15T22:58:45.0983472Z #8 sha256:a8ac7f6c67abc236e4c745052c404112b8fab6fe8ac3a329d1ef3b867ad67c71 28.23MB / 28.23MB 0.3s done
2026-09-15T22:58:45.0984666Z #8 sha256:6128e8861235d84a1b973ae2b2847000f2c1163dbf138e56f6ca2127512afdd2 250B / 250B 0.3s done
2026-09-15T22:58:45.0985396Z #8 extracting sha256:a8ac7f6c67abc236e4c745052c404112b8fab6fe8ac3a329d1ef3b867ad67c71 0.1s
2026-09-15T22:58:46.0178767Z #8 extracting sha256:a8ac7f6c67abc236e4c745052c404112b8fab6fe8ac3a329d1ef3b867ad67c71 1.0s done
2026-09-15T22:58:46.1847791Z #8 extracting sha256:a8ac7f6c67abc236e4c745052c404112b8fab6fe8ac3a329d1ef3b867ad67c71 1.0s done
2026-09-15T22:58:46.1848701Z #8 extracting sha256:5916320cd9ac92ae5ba3f99d8c7e3a3821d03b6bac8c7cd2cd1459bf1cc4f327 0.1s
2026-09-15T22:58:46.3404700Z #8 extracting sha256:5916320cd9ac92ae5ba3f99d8c7e3a3821d03b6bac8c7cd2cd1459bf1cc4f327 0.1s done
2026-09-15T22:58:47.0572141Z #8 extracting sha256:882a85d461488e9f738169100e18dabf5b52710cf9de01203645106010390643
2026-09-15T22:58:47.8334344Z #8 extracting sha256:882a85d461488e9f738169100e18dabf5b52710cf9de01203645106010390643 0.7s done
2026-09-15T22:58:47.8339134Z #8 extracting sha256:6128e8861235d84a1b973ae2b2847000f2c1163dbf138e56f6ca2127512afdd2
2026-09-15T22:58:48.0349018Z #8 extracting sha256:6128e8861235d84a1b973ae2b2847000f2c1163dbf138e56f6ca2127512afdd2 done
2026-09-15T22:58:48.0350148Z #8 DONE 3.2s
2026-09-15T22:58:48.0350555Z 
2026-09-15T22:58:48.0350831Z #9 [api base 2/2] WORKDIR /app
2026-09-15T22:58:48.0351266Z #9 DONE 0.0s
2026-09-15T22:58:48.0351486Z 
2026-09-15T22:58:48.0351852Z #10 [pipeline builder 1/5] COPY requirements-build.lock /tmp/requirements-build.lock
2026-09-15T22:58:48.0352520Z #10 DONE 0.0s
2026-09-15T22:58:48.0352698Z 
2026-09-15T22:58:48.0353206Z #11 [pipeline builder 2/5] RUN pip install --no-cache-dir --no-compile -r /tmp/requirements-build.lock
2026-09-15T22:58:48.3001846Z #11 ...
2026-09-15T22:58:48.3002354Z 
2026-09-15T22:58:48.3003480Z #12 [pipeline operacao 1/1] RUN groupadd --gid 10001 app     && useradd --uid 10001 --gid 10001 --create-home app     && mkdir -p /app/models /app/data     && chown app:app /app/models /app/data
2026-09-15T22:58:48.3004756Z #12 DONE 0.3s
2026-09-15T22:58:48.3213461Z 
2026-09-15T22:58:48.3215596Z #13 [pipeline dependencias_runtime 1/4] RUN python -m venv --without-pip /opt/venv
2026-09-15T22:58:48.4928235Z #13 DONE 0.4s
2026-09-15T22:58:48.4928529Z 
2026-09-15T22:58:48.4929116Z #14 [pipeline dependencias_runtime 2/4] COPY requirements-runtime.lock /tmp/requirements-runtime.lock
2026-09-15T22:58:48.4929951Z #14 DONE 0.0s
2026-09-15T22:58:48.4930157Z 
2026-09-15T22:58:48.4930986Z #15 [api dependencias_runtime 3/4] RUN python -m pip --python /opt/venv/bin/python install --no-cache-dir --no-compile     -r /tmp/requirements-runtime.lock
2026-09-15T22:58:50.7754259Z #15 ...
2026-09-15T22:58:50.7754869Z 
2026-09-15T22:58:50.7755697Z #11 [pipeline builder 2/5] RUN pip install --no-cache-dir --no-compile -r /tmp/requirements-build.lock
2026-09-15T22:58:50.7757036Z #11 1.737 Collecting hatchling==1.32.0 (from -r /tmp/requirements-build.lock (line 2))
2026-09-15T22:58:50.7758415Z #11 1.875   Downloading hatchling-1.32.0-py3-none-any.whl.metadata (3.9 kB)
2026-09-15T22:58:50.7760619Z #11 1.878 Requirement already satisfied: packaging==26.3 in /usr/local/lib/python3.11/site-packages (from -r /tmp/requirements-build.lock (line 3)) (26.3)
2026-09-15T22:58:50.7761948Z #11 1.921 Collecting pathspec==1.1.1 (from -r /tmp/requirements-build.lock (line 4))
2026-09-15T22:58:50.7762810Z #11 1.958   Downloading pathspec-1.1.1-py3-none-any.whl.metadata (14 kB)
2026-09-15T22:58:50.7763641Z #11 2.011 Collecting pluggy==1.6.0 (from -r /tmp/requirements-build.lock (line 5))
2026-09-15T22:58:50.7764449Z #11 2.048   Downloading pluggy-1.6.0-py3-none-any.whl.metadata (4.8 kB)
2026-09-15T22:58:50.7765273Z #11 2.107 Collecting tomlkit==0.15.1 (from -r /tmp/requirements-build.lock (line 6))
2026-09-15T22:58:50.7766611Z #11 2.144   Downloading tomlkit-0.15.1-py3-none-any.whl.metadata (3.3 kB)
2026-09-15T22:58:50.7768026Z #11 2.208 Collecting trove-classifiers==2026.6.1.19 (from -r /tmp/requirements-build.lock (line 7))
2026-09-15T22:58:50.7769286Z #11 2.246   Downloading trove_classifiers-2026.6.1.19-py3-none-any.whl.metadata (2.3 kB)
2026-09-15T22:58:50.7770113Z #11 2.303 Downloading hatchling-1.32.0-py3-none-any.whl (78 kB)
2026-09-15T22:58:50.7771268Z #11 2.352    ━━━━━━━━━━━━━━━━━━━━━━━━━━━━━━━━━━━━━━━━ 78.4/78.4 kB 1.7 MB/s eta 0:00:00
2026-09-15T22:58:50.7772006Z #11 2.389 Downloading pathspec-1.1.1-py3-none-any.whl (57 kB)
2026-09-15T22:58:50.7772812Z #11 2.398    ━━━━━━━━━━━━━━━━━━━━━━━━━━━━━━━━━━━━━━━━ 57.3/57.3 kB 7.7 MB/s eta 0:00:00
2026-09-15T22:58:50.7773380Z #11 2.436 Downloading pluggy-1.6.0-py3-none-any.whl (20 kB)
2026-09-15T22:58:50.7774015Z #11 2.474 Downloading tomlkit-0.15.1-py3-none-any.whl (49 kB)
2026-09-15T22:58:50.7774828Z #11 2.481    ━━━━━━━━━━━━━━━━━━━━━━━━━━━━━━━━━━━━━━━━ 49.4/49.4 kB 8.8 MB/s eta 0:00:00
2026-09-15T22:58:50.7775607Z #11 2.518 Downloading trove_classifiers-2026.6.1.19-py3-none-any.whl (14 kB)
2026-09-15T22:58:50.7776589Z #11 2.566 Installing collected packages: trove-classifiers, tomlkit, pluggy, pathspec, hatchling
2026-09-15T22:58:50.7777996Z #11 2.615 Successfully installed hatchling-1.32.0 pathspec-1.1.1 pluggy-1.6.0 tomlkit-0.15.1 trove-classifiers-2026.6.1.19
2026-09-15T22:58:50.7779984Z #11 2.616 WARNING: Running pip as the 'root' user can result in broken permissions and conflicting behaviour with the system package manager. It is recommended to use a virtual environment instead: https://pip.pypa.io/warnings/venv
2026-09-15T22:58:50.7781496Z #11 DONE 2.7s
2026-09-15T22:58:50.7781697Z 
2026-09-15T22:58:50.7781913Z #16 [pipeline builder 3/5] COPY pyproject.toml ./
2026-09-15T22:58:50.7782401Z #16 DONE 0.0s
2026-09-15T22:58:50.7782575Z 
2026-09-15T22:58:50.7782750Z #17 [pipeline builder 4/5] COPY src ./src
2026-09-15T22:58:50.7783184Z #17 DONE 0.0s
2026-09-15T22:58:50.7783364Z 
2026-09-15T22:58:50.7784157Z #15 [api dependencias_runtime 3/4] RUN python -m pip --python /opt/venv/bin/python install --no-cache-dir --no-compile     -r /tmp/requirements-runtime.lock
2026-09-15T22:58:50.7785475Z #15 2.433 Ignoring pyreadline3: markers 'sys_platform == "win32"' don't match your environment
2026-09-15T22:58:50.9119928Z #15 2.570 Collecting annotated-types==0.8.0 (from -r /tmp/requirements-runtime.lock (line 2))
2026-09-15T22:58:51.0470132Z #15 2.643   Downloading annotated_types-0.8.0-py3-none-any.whl.metadata (15 kB)
2026-09-15T22:58:51.0471435Z #15 2.705 Collecting anyio==4.15.1 (from -r /tmp/requirements-runtime.lock (line 3))
2026-09-15T22:58:51.1872442Z #15 2.721   Downloading anyio-4.15.1-py3-none-any.whl.metadata (4.7 kB)
2026-09-15T22:58:51.1873702Z #15 2.776 Collecting click==8.5.0 (from -r /tmp/requirements-runtime.lock (line 4))
2026-09-15T22:58:51.1874857Z #15 2.793   Downloading click-8.5.0-py3-none-any.whl.metadata (2.6 kB)
2026-09-15T22:58:51.3521484Z #15 2.845 Collecting coloredlogs==15.0.1 (from -r /tmp/requirements-runtime.lock (line 5))
2026-09-15T22:58:51.3522989Z #15 2.861   Downloading coloredlogs-15.0.1-py2.py3-none-any.whl.metadata (12 kB)
2026-09-15T22:58:51.3524147Z #15 3.010 Collecting fastapi==0.116.2 (from -r /tmp/requirements-runtime.lock (line 6))
2026-09-15T22:58:51.4719971Z #15 3.027   Downloading fastapi-0.116.2-py3-none-any.whl.metadata (28 kB)
2026-09-15T22:58:51.4721074Z #15 3.074 Collecting flatbuffers==25.12.19 (from -r /tmp/requirements-runtime.lock (line 7))
2026-09-15T22:58:51.4722087Z #15 3.090   Downloading flatbuffers-25.12.19-py2.py3-none-any.whl.metadata (1.0 kB)
2026-09-15T22:58:51.4723006Z #15 3.130 Collecting h11==0.16.0 (from -r /tmp/requirements-runtime.lock (line 8))
2026-09-15T22:58:51.6022538Z #15 3.145   Downloading h11-0.16.0-py3-none-any.whl.metadata (8.3 kB)
2026-09-15T22:58:51.6023860Z #15 3.199 Collecting humanfriendly==10.0 (from -r /tmp/requirements-runtime.lock (line 9))
2026-09-15T22:58:51.6025510Z #15 3.215   Downloading humanfriendly-10.0-py2.py3-none-any.whl.metadata (9.2 kB)
2026-09-15T22:58:51.8291096Z #15 3.260 Collecting idna==3.19 (from -r /tmp/requirements-runtime.lock (line 10))
2026-09-15T22:58:51.8292024Z #15 3.276   Downloading idna-3.19-py3-none-any.whl.metadata (9.2 kB)
2026-09-15T22:58:51.8292932Z #15 3.320 Collecting mpmath==1.3.0 (from -r /tmp/requirements-runtime.lock (line 11))
2026-09-15T22:58:51.8293801Z #15 3.337   Downloading mpmath-1.3.0-py3-none-any.whl.metadata (8.6 kB)
2026-09-15T22:58:52.1699394Z #15 3.683 Collecting numpy==2.2.6 (from -r /tmp/requirements-runtime.lock (line 12))
2026-09-15T22:58:52.1701327Z #15 3.708   Downloading numpy-2.2.6-cp311-cp311-manylinux_2_17_x86_64.manylinux2014_x86_64.whl.metadata (62 kB)
2026-09-15T22:58:52.1703117Z #15 3.722      ━━━━━━━━━━━━━━━━━━━━━━━━━━━━━━━━━━━━━━━━ 62.0/62.0 kB 4.5 MB/s eta 0:00:00
2026-09-15T22:58:52.3013358Z #15 3.828 Collecting onnxruntime==1.23.2 (from -r /tmp/requirements-runtime.lock (line 13))
2026-09-15T22:58:52.3014675Z #15 3.847   Downloading onnxruntime-1.23.2-cp311-cp311-manylinux_2_27_x86_64.manylinux_2_28_x86_64.whl.metadata (5.1 kB)
2026-09-15T22:58:52.3015846Z #15 3.897 Collecting packaging==26.3 (from -r /tmp/requirements-runtime.lock (line 14))
2026-09-15T22:58:52.3016750Z #15 3.914   Downloading packaging-26.3-py3-none-any.whl.metadata (3.5 kB)
2026-09-15T22:58:52.3018000Z #15 3.959 Collecting prometheus-client==0.22.1 (from -r /tmp/requirements-runtime.lock (line 15))
2026-09-15T22:58:52.4531017Z #15 3.979   Downloading prometheus_client-0.22.1-py3-none-any.whl.metadata (1.9 kB)
2026-09-15T22:58:52.5669009Z #15 4.179 Collecting protobuf==7.36.1 (from -r /tmp/requirements-runtime.lock (line 16))
2026-09-15T22:58:52.5669728Z #15 4.195   Downloading protobuf-7.36.1-cp310-abi3-manylinux2014_x86_64.whl.metadata (595 bytes)
2026-09-15T22:58:52.7239008Z #15 ...
2026-09-15T22:58:52.7239570Z 
2026-09-15T22:58:52.7240573Z #18 [pipeline builder 5/5] RUN pip wheel --no-deps --no-build-isolation --wheel-dir /dist .
2026-09-15T22:58:52.7241716Z #18 1.381 Processing /app
2026-09-15T22:58:52.7242448Z #18 1.383   Preparing metadata (pyproject.toml): started
2026-09-15T22:58:52.7243331Z #18 1.813   Preparing metadata (pyproject.toml): finished with status 'done'
2026-09-15T22:58:52.7244274Z #18 1.826 Building wheels for collected packages: medical-classifier
2026-09-15T22:58:52.7245131Z #18 1.827   Building wheel for medical-classifier (pyproject.toml): started
2026-09-15T22:58:52.7246158Z #18 1.927   Building wheel for medical-classifier (pyproject.toml): finished with status 'done'
2026-09-15T22:58:52.7247602Z #18 1.928   Created wheel for medical-classifier: filename=medical_classifier-0.1.0-py3-none-any.whl size=21017 sha256=48e16e60137005a870a09e046358d5489c85624fb4167aecceb787e812967821
2026-09-15T22:58:52.7249536Z #18 1.929   Stored in directory: /tmp/pip-ephem-wheel-cache-9e42j9vs/wheels/57/0f/98/bb57b2b57b95807699b822a35c022f139d38a02c27922f27ce
2026-09-15T22:58:52.7250568Z #18 1.932 Successfully built medical-classifier
2026-09-15T22:58:52.7251034Z #18 DONE 2.0s
2026-09-15T22:58:52.7251209Z 
2026-09-15T22:58:52.7251995Z #15 [api dependencias_runtime 3/4] RUN python -m pip --python /opt/venv/bin/python install --no-cache-dir --no-compile     -r /tmp/requirements-runtime.lock
2026-09-15T22:58:52.7253645Z #15 4.382 Collecting pydantic==2.13.5 (from -r /tmp/requirements-runtime.lock (line 17))
2026-09-15T22:58:52.8970941Z #15 4.399   Downloading pydantic-2.13.5-py3-none-any.whl.metadata (110 kB)
2026-09-15T22:58:52.8972216Z #15 4.404      ━━━━━━━━━━━━━━━━━━━━━━━━━━━━━━━━━━━━━━ 110.2/110.2 kB 34.4 MB/s eta 0:00:00
2026-09-15T22:58:53.7234613Z #15 5.234 Collecting pydantic-core==2.46.5 (from -r /tmp/requirements-runtime.lock (line 18))
2026-09-15T22:58:53.7235462Z #15 5.250   Downloading pydantic_core-2.46.5-cp311-cp311-manylinux_2_17_x86_64.manylinux2014_x86_64.whl.metadata (6.6 kB)
2026-09-15T22:58:53.7236186Z #15 5.316 Collecting starlette==0.48.0 (from -r /tmp/requirements-runtime.lock (line 20))
2026-09-15T22:58:53.7237129Z #15 5.334   Downloading starlette-0.48.0-py3-none-any.whl.metadata (6.3 kB)
2026-09-15T22:58:53.8418290Z #15 5.381 Collecting sympy==1.14.0 (from -r /tmp/requirements-runtime.lock (line 21))
2026-09-15T22:58:53.8419555Z #15 5.397   Downloading sympy-1.14.0-py3-none-any.whl.metadata (12 kB)
2026-09-15T22:58:53.8421194Z #15 5.444 Collecting typing-extensions==4.16.0 (from -r /tmp/requirements-runtime.lock (line 22))
2026-09-15T22:58:53.8422458Z #15 5.460   Downloading typing_extensions-4.16.0-py3-none-any.whl.metadata (3.3 kB)
2026-09-15T22:58:53.8423651Z #15 5.500 Collecting typing-inspection==0.4.4 (from -r /tmp/requirements-runtime.lock (line 23))
2026-09-15T22:58:54.0844866Z #15 5.516   Downloading typing_inspection-0.4.4-py3-none-any.whl.metadata (2.6 kB)
2026-09-15T22:58:54.0845844Z #15 5.576 Collecting uvicorn==0.35.0 (from -r /tmp/requirements-runtime.lock (line 24))
2026-09-15T22:58:54.0846723Z #15 5.592   Downloading uvicorn-0.35.0-py3-none-any.whl.metadata (6.5 kB)
2026-09-15T22:58:54.2767115Z #15 5.822 Downloading annotated_types-0.8.0-py3-none-any.whl (13 kB)
2026-09-15T22:58:54.2767920Z #15 5.838 Downloading anyio-4.15.1-py3-none-any.whl (132 kB)
2026-09-15T22:58:54.2768729Z #15 5.842    ━━━━━━━━━━━━━━━━━━━━━━━━━━━━━━━━━━━━━━━━ 132.1/132.1 kB 66.9 MB/s eta 0:00:00
2026-09-15T22:58:54.2769244Z #15 5.858 Downloading click-8.5.0-py3-none-any.whl (125 kB)
2026-09-15T22:58:54.2769748Z #15 5.861    ━━━━━━━━━━━━━━━━━━━━━━━━━━━━━━━━━━━━━━━━ 125.3/125.3 kB 92.9 MB/s eta 0:00:00
2026-09-15T22:58:54.2770224Z #15 5.876 Downloading coloredlogs-15.0.1-py2.py3-none-any.whl (46 kB)
2026-09-15T22:58:54.2770764Z #15 5.878    ━━━━━━━━━━━━━━━━━━━━━━━━━━━━━━━━━━━━━━━━ 46.0/46.0 kB 279.8 MB/s eta 0:00:00
2026-09-15T22:58:54.2771201Z #15 5.896 Downloading fastapi-0.116.2-py3-none-any.whl (95 kB)
2026-09-15T22:58:54.2771709Z #15 5.898    ━━━━━━━━━━━━━━━━━━━━━━━━━━━━━━━━━━━━━━━━ 95.7/95.7 kB 138.7 MB/s eta 0:00:00
2026-09-15T22:58:54.2772180Z #15 5.918 Downloading flatbuffers-25.12.19-py2.py3-none-any.whl (26 kB)
2026-09-15T22:58:54.2772631Z #15 5.935 Downloading h11-0.16.0-py3-none-any.whl (37 kB)
2026-09-15T22:58:54.3824882Z #15 5.950 Downloading humanfriendly-10.0-py2.py3-none-any.whl (86 kB)
2026-09-15T22:58:54.3825940Z #15 5.953    ━━━━━━━━━━━━━━━━━━━━━━━━━━━━━━━━━━━━━━━━ 86.8/86.8 kB 137.7 MB/s eta 0:00:00
2026-09-15T22:58:54.3826467Z #15 5.969 Downloading idna-3.19-py3-none-any.whl (68 kB)
2026-09-15T22:58:54.3827011Z #15 5.971    ━━━━━━━━━━━━━━━━━━━━━━━━━━━━━━━━━━━━━━━━ 68.5/68.5 kB 150.4 MB/s eta 0:00:00
2026-09-15T22:58:54.3827668Z #15 5.987 Downloading mpmath-1.3.0-py3-none-any.whl (536 kB)
2026-09-15T22:58:54.3828192Z #15 6.016    ━━━━━━━━━━━━━━━━━━━━━━━━━━━━━━━━━━━━━━━━ 536.2/536.2 kB 19.3 MB/s eta 0:00:00
2026-09-15T22:58:54.3828775Z #15 6.040 Downloading numpy-2.2.6-cp311-cp311-manylinux_2_17_x86_64.manylinux2014_x86_64.whl (16.8 MB)
2026-09-15T22:58:54.6002078Z #15 6.157    ━━━━━━━━━━━━━━━━━━━━━━━━━━━━━━━━━━━━━━━━ 16.8/16.8 MB 247.9 MB/s eta 0:00:00
2026-09-15T22:58:54.6003177Z #15 6.175 Downloading onnxruntime-1.23.2-cp311-cp311-manylinux_2_27_x86_64.manylinux_2_28_x86_64.whl (17.4 MB)
2026-09-15T22:58:54.6003910Z #15 6.240    ━━━━━━━━━━━━━━━━━━━━━━━━━━━━━━━━━━━━━━━━ 17.4/17.4 MB 283.7 MB/s eta 0:00:00
2026-09-15T22:58:54.6004358Z #15 6.256 Downloading packaging-26.3-py3-none-any.whl (129 kB)
2026-09-15T22:58:54.7004552Z #15 6.258    ━━━━━━━━━━━━━━━━━━━━━━━━━━━━━━━━━━━━━━━ 130.0/130.0 kB 351.7 MB/s eta 0:00:00
2026-09-15T22:58:54.7005144Z #15 6.274 Downloading prometheus_client-0.22.1-py3-none-any.whl (58 kB)
2026-09-15T22:58:54.7005750Z #15 6.276    ━━━━━━━━━━━━━━━━━━━━━━━━━━━━━━━━━━━━━━━━ 58.7/58.7 kB 300.2 MB/s eta 0:00:00
2026-09-15T22:58:54.7006266Z #15 6.292 Downloading protobuf-7.36.1-cp310-abi3-manylinux2014_x86_64.whl (343 kB)
2026-09-15T22:58:54.7006868Z #15 6.294    ━━━━━━━━━━━━━━━━━━━━━━━━━━━━━━━━━━━━━━━ 343.2/343.2 kB 369.9 MB/s eta 0:00:00
2026-09-15T22:58:54.7007475Z #15 6.311 Downloading pydantic-2.13.5-py3-none-any.whl (472 kB)
2026-09-15T22:58:54.7008150Z #15 6.314    ━━━━━━━━━━━━━━━━━━━━━━━━━━━━━━━━━━━━━━━ 472.6/472.6 kB 374.1 MB/s eta 0:00:00
2026-09-15T22:58:54.7008727Z #15 6.330 Downloading pydantic_core-2.46.5-cp311-cp311-manylinux_2_17_x86_64.manylinux2014_x86_64.whl (2.1 MB)
2026-09-15T22:58:54.7009391Z #15 6.340    ━━━━━━━━━━━━━━━━━━━━━━━━━━━━━━━━━━━━━━━━ 2.1/2.1 MB 260.9 MB/s eta 0:00:00
2026-09-15T22:58:54.9386684Z #15 6.358 Downloading starlette-0.48.0-py3-none-any.whl (73 kB)
2026-09-15T22:58:54.9387923Z #15 6.360    ━━━━━━━━━━━━━━━━━━━━━━━━━━━━━━━━━━━━━━━━ 73.7/73.7 kB 276.9 MB/s eta 0:00:00
2026-09-15T22:58:54.9388404Z #15 6.376 Downloading sympy-1.14.0-py3-none-any.whl (6.3 MB)
2026-09-15T22:58:54.9388916Z #15 6.395    ━━━━━━━━━━━━━━━━━━━━━━━━━━━━━━━━━━━━━━━━ 6.3/6.3 MB 369.1 MB/s eta 0:00:00
2026-09-15T22:58:54.9389422Z #15 6.411 Downloading typing_extensions-4.16.0-py3-none-any.whl (45 kB)
2026-09-15T22:58:54.9389971Z #15 6.412    ━━━━━━━━━━━━━━━━━━━━━━━━━━━━━━━━━━━━━━━━ 45.6/45.6 kB 293.4 MB/s eta 0:00:00
2026-09-15T22:58:54.9390445Z #15 6.428 Downloading typing_inspection-0.4.4-py3-none-any.whl (14 kB)
2026-09-15T22:58:54.9390868Z #15 6.444 Downloading uvicorn-0.35.0-py3-none-any.whl (66 kB)
2026-09-15T22:58:54.9391361Z #15 6.446    ━━━━━━━━━━━━━━━━━━━━━━━━━━━━━━━━━━━━━━━━ 66.4/66.4 kB 249.6 MB/s eta 0:00:00
2026-09-15T22:58:54.9433811Z #15 6.601 Installing collected packages: mpmath, flatbuffers, typing-extensions, sympy, protobuf, prometheus-client, packaging, numpy, idna, humanfriendly, h11, click, annotated-types, uvicorn, typing-inspection, pydantic-core, coloredlogs, anyio, starlette, pydantic, onnxruntime, fastapi
2026-09-15T22:58:56.3217011Z #15 7.829 Successfully installed annotated-types-0.8.0 anyio-4.15.1 click-8.5.0 coloredlogs-15.0.1 fastapi-0.116.2 flatbuffers-25.12.19 h11-0.16.0 humanfriendly-10.0 idna-3.19 mpmath-1.3.0 numpy-2.2.6 onnxruntime-1.23.2 packaging-26.3 prometheus-client-0.22.1 protobuf-7.36.1 pydantic-2.13.5 pydantic-core-2.46.5 starlette-0.48.0 sympy-1.14.0 typing-extensions-4.16.0 typing-inspection-0.4.4 uvicorn-0.35.0
2026-09-15T22:58:56.9554448Z #15 DONE 8.5s
2026-09-15T22:58:56.9554733Z 
2026-09-15T22:58:56.9555832Z #19 [api dependencias_runtime 4/4] RUN --mount=type=bind,from=builder,source=/dist,target=/tmp/pacote     python -m pip --python /opt/venv/bin/python install --no-deps --no-compile /tmp/pacote/*.whl     && python -m pip --python /opt/venv/bin/python check
2026-09-15T22:58:59.2701281Z #19 2.303 Processing /tmp/pacote/medical_classifier-0.1.0-py3-none-any.whl
2026-09-15T22:58:59.2702171Z #19 2.307 Installing collected packages: medical-classifier
2026-09-15T22:58:59.2702852Z #19 2.315 Successfully installed medical-classifier-0.1.0
2026-09-15T22:59:01.3462025Z #19 4.541 No broken requirements found.
2026-09-15T22:59:01.6328704Z #19 DONE 4.7s
2026-09-15T22:59:01.6328991Z 
2026-09-15T22:59:01.6329200Z #20 [pipeline builder 4/5] COPY src ./src
2026-09-15T22:59:01.6329673Z #20 CACHED
2026-09-15T22:59:01.6329847Z 
2026-09-15T22:59:01.6330742Z #21 [pipeline dependencias_runtime 3/4] RUN python -m pip --python /opt/venv/bin/python install --no-cache-dir --no-compile     -r /tmp/requirements-runtime.lock
2026-09-15T22:59:01.6332448Z #21 CACHED
2026-09-15T22:59:01.6332634Z 
2026-09-15T22:59:01.6333025Z #22 [pipeline builder 1/5] COPY requirements-build.lock /tmp/requirements-build.lock
2026-09-15T22:59:01.6333676Z #22 CACHED
2026-09-15T22:59:01.6333858Z 
2026-09-15T22:59:01.6334285Z #23 [pipeline builder 5/5] RUN pip wheel --no-deps --no-build-isolation --wheel-dir /dist .
2026-09-15T22:59:01.6334994Z #23 CACHED
2026-09-15T22:59:01.6335158Z 
2026-09-15T22:59:01.6335629Z #24 [pipeline builder 2/5] RUN pip install --no-cache-dir --no-compile -r /tmp/requirements-build.lock
2026-09-15T22:59:01.6336362Z #24 CACHED
2026-09-15T22:59:01.6336528Z 
2026-09-15T22:59:01.6336729Z #25 [pipeline builder 3/5] COPY pyproject.toml ./
2026-09-15T22:59:01.6337208Z #25 CACHED
2026-09-15T22:59:01.6338008Z 
2026-09-15T22:59:01.6339335Z #26 [pipeline dependencias_runtime 4/4] RUN --mount=type=bind,from=builder,source=/dist,target=/tmp/pacote     python -m pip --python /opt/venv/bin/python install --no-deps --no-compile /tmp/pacote/*.whl     && python -m pip --python /opt/venv/bin/python check
2026-09-15T22:59:01.6341232Z #26 CACHED
2026-09-15T22:59:01.6341947Z 
2026-09-15T22:59:01.6342617Z #27 [pipeline dependencias_runtime 2/4] COPY requirements-runtime.lock /tmp/requirements-runtime.lock
2026-09-15T22:59:01.6343617Z #27 CACHED
2026-09-15T22:59:01.6343988Z 
2026-09-15T22:59:01.6344768Z #28 [pipeline dependencias_treinamento 1/2] COPY requirements-treinamento.lock /tmp/requirements-treinamento.lock
2026-09-15T22:59:01.6345820Z #28 DONE 0.0s
2026-09-15T22:59:01.6346213Z 
2026-09-15T22:59:01.6347851Z #29 [pipeline dependencias_treinamento 2/2] RUN python -m pip --python /opt/venv/bin/python install --no-cache-dir --no-compile     -r /tmp/requirements-treinamento.lock     && python -m pip --python /opt/venv/bin/python check
2026-09-15T22:59:02.4189137Z #29 ...
2026-09-15T22:59:02.4189331Z 
2026-09-15T22:59:02.4189865Z #30 [api runtime 1/1] COPY --from=dependencias_runtime /opt/venv /opt/venv
2026-09-15T22:59:02.4190454Z #30 DONE 0.6s
2026-09-15T22:59:02.5710169Z 
2026-09-15T22:59:02.5710841Z #31 [api] exporting to image
2026-09-15T22:59:02.5711329Z #31 exporting layers
2026-09-15T22:59:03.5282693Z #31 exporting layers 1.1s done
2026-09-15T22:59:03.7106556Z #31 writing image sha256:6c05ff6e3a2bcf53c927229ff5e9bd3f4f3e2b266334b8cd76cf9f5db44eaad7 done
2026-09-15T22:59:03.7107621Z #31 naming to docker.io/library/medical-classifier:local done
2026-09-15T22:59:03.7108057Z #31 DONE 1.1s
2026-09-15T22:59:03.7108186Z 
2026-09-15T22:59:03.7108335Z #32 [api] resolving provenance for metadata file
2026-09-15T22:59:03.7108648Z #32 DONE 0.0s
2026-09-15T22:59:03.7108776Z 
2026-09-15T22:59:03.7109522Z #29 [pipeline dependencias_treinamento 2/2] RUN python -m pip --python /opt/venv/bin/python install --no-cache-dir --no-compile     -r /tmp/requirements-treinamento.lock     && python -m pip --python /opt/venv/bin/python check
2026-09-15T22:59:04.1556343Z #29 2.674 Ignoring pyreadline3: markers 'sys_platform == "win32"' don't match your environment
2026-09-15T22:59:04.3368776Z #29 2.674 Ignoring ml-dtypes: markers 'python_full_version >= "3.14"' don't match your environment
2026-09-15T22:59:04.3370838Z #29 2.676 Requirement already satisfied: annotated-types==0.8.0 in /opt/venv/lib/python3.11/site-packages (from -r /tmp/requirements-runtime.lock (line 2)) (0.8.0)
2026-09-15T22:59:04.3372374Z #29 2.677 Requirement already satisfied: anyio==4.15.1 in /opt/venv/lib/python3.11/site-packages (from -r /tmp/requirements-runtime.lock (line 3)) (4.15.1)
2026-09-15T22:59:04.3373331Z #29 2.678 Requirement already satisfied: click==8.5.0 in /opt/venv/lib/python3.11/site-packages (from -r /tmp/requirements-runtime.lock (line 4)) (8.5.0)
2026-09-15T22:59:04.3374285Z #29 2.679 Requirement already satisfied: coloredlogs==15.0.1 in /opt/venv/lib/python3.11/site-packages (from -r /tmp/requirements-runtime.lock (line 5)) (15.0.1)
2026-09-15T22:59:04.3375253Z #29 2.681 Requirement already satisfied: fastapi==0.116.2 in /opt/venv/lib/python3.11/site-packages (from -r /tmp/requirements-runtime.lock (line 6)) (0.116.2)
2026-09-15T22:59:04.3376405Z #29 2.682 Requirement already satisfied: flatbuffers==25.12.19 in /opt/venv/lib/python3.11/site-packages (from -r /tmp/requirements-runtime.lock (line 7)) (25.12.19)
2026-09-15T22:59:04.3377540Z #29 2.683 Requirement already satisfied: h11==0.16.0 in /opt/venv/lib/python3.11/site-packages (from -r /tmp/requirements-runtime.lock (line 8)) (0.16.0)
2026-09-15T22:59:04.3378483Z #29 2.684 Requirement already satisfied: humanfriendly==10.0 in /opt/venv/lib/python3.11/site-packages (from -r /tmp/requirements-runtime.lock (line 9)) (10.0)
2026-09-15T22:59:04.3379436Z #29 2.685 Requirement already satisfied: idna==3.19 in /opt/venv/lib/python3.11/site-packages (from -r /tmp/requirements-runtime.lock (line 10)) (3.19)
2026-09-15T22:59:04.3380411Z #29 2.686 Requirement already satisfied: mpmath==1.3.0 in /opt/venv/lib/python3.11/site-packages (from -r /tmp/requirements-runtime.lock (line 11)) (1.3.0)
2026-09-15T22:59:04.3381342Z #29 2.692 Requirement already satisfied: numpy==2.2.6 in /opt/venv/lib/python3.11/site-packages (from -r /tmp/requirements-runtime.lock (line 12)) (2.2.6)
2026-09-15T22:59:04.3382303Z #29 2.693 Requirement already satisfied: onnxruntime==1.23.2 in /opt/venv/lib/python3.11/site-packages (from -r /tmp/requirements-runtime.lock (line 13)) (1.23.2)
2026-09-15T22:59:04.3383259Z #29 2.694 Requirement already satisfied: packaging==26.3 in /opt/venv/lib/python3.11/site-packages (from -r /tmp/requirements-runtime.lock (line 14)) (26.3)
2026-09-15T22:59:04.3384283Z #29 2.695 Requirement already satisfied: prometheus-client==0.22.1 in /opt/venv/lib/python3.11/site-packages (from -r /tmp/requirements-runtime.lock (line 15)) (0.22.1)
2026-09-15T22:59:04.3385316Z #29 2.696 Requirement already satisfied: protobuf==7.36.1 in /opt/venv/lib/python3.11/site-packages (from -r /tmp/requirements-runtime.lock (line 16)) (7.36.1)
2026-09-15T22:59:04.3386263Z #29 2.698 Requirement already satisfied: pydantic==2.13.5 in /opt/venv/lib/python3.11/site-packages (from -r /tmp/requirements-runtime.lock (line 17)) (2.13.5)
2026-09-15T22:59:04.3387217Z #29 2.699 Requirement already satisfied: pydantic-core==2.46.5 in /opt/venv/lib/python3.11/site-packages (from -r /tmp/requirements-runtime.lock (line 18)) (2.46.5)
2026-09-15T22:59:04.3388437Z #29 2.700 Requirement already satisfied: starlette==0.48.0 in /opt/venv/lib/python3.11/site-packages (from -r /tmp/requirements-runtime.lock (line 20)) (0.48.0)
2026-09-15T22:59:04.3389394Z #29 2.701 Requirement already satisfied: sympy==1.14.0 in /opt/venv/lib/python3.11/site-packages (from -r /tmp/requirements-runtime.lock (line 21)) (1.14.0)
2026-09-15T22:59:04.3390377Z #29 2.702 Requirement already satisfied: typing-extensions==4.16.0 in /opt/venv/lib/python3.11/site-packages (from -r /tmp/requirements-runtime.lock (line 22)) (4.16.0)
2026-09-15T22:59:04.3391406Z #29 2.703 Requirement already satisfied: typing-inspection==0.4.4 in /opt/venv/lib/python3.11/site-packages (from -r /tmp/requirements-runtime.lock (line 23)) (0.4.4)
2026-09-15T22:59:04.3392389Z #29 2.705 Requirement already satisfied: uvicorn==0.35.0 in /opt/venv/lib/python3.11/site-packages (from -r /tmp/requirements-runtime.lock (line 24)) (0.35.0)
2026-09-15T22:59:04.3578903Z #29 2.876 Collecting joblib==1.5.3 (from -r /tmp/requirements-treinamento.lock (line 3))
2026-09-15T22:59:04.4745841Z #29 2.993   Downloading joblib-1.5.3-py3-none-any.whl.metadata (5.5 kB)
2026-09-15T22:59:04.6991354Z #29 3.062 Collecting ml-dtypes==0.6.0 (from -r /tmp/requirements-treinamento.lock (line 5))
2026-09-15T22:59:04.6992573Z #29 3.093   Downloading ml_dtypes-0.6.0-cp311-cp311-manylinux_2_27_x86_64.manylinux_2_28_x86_64.whl.metadata (8.8 kB)
2026-09-15T22:59:04.6993702Z #29 3.217 Collecting onnx==1.19.1 (from -r /tmp/requirements-treinamento.lock (line 6))
2026-09-15T22:59:04.9002926Z #29 3.268   Downloading onnx-1.19.1-cp311-cp311-manylinux2014_x86_64.manylinux_2_17_x86_64.whl.metadata (7.0 kB)
2026-09-15T22:59:04.9301247Z #29 3.448 Collecting pandas==2.3.3 (from -r /tmp/requirements-treinamento.lock (line 7))
2026-09-15T22:59:05.0598279Z #29 3.479   Downloading pandas-2.3.3-cp311-cp311-manylinux_2_24_x86_64.manylinux_2_28_x86_64.whl.metadata (91 kB)
2026-09-15T22:59:05.0599341Z #29 3.520      ━━━━━━━━━━━━━━━━━━━━━━━━━━━━━━━━━━━━━━━━ 91.2/91.2 kB 2.2 MB/s eta 0:00:00
2026-09-15T22:59:05.0600001Z #29 3.578 Collecting python-dateutil==2.9.0.post0 (from -r /tmp/requirements-treinamento.lock (line 8))
2026-09-15T22:59:05.1620952Z #29 3.609   Downloading python_dateutil-2.9.0.post0-py2.py3-none-any.whl.metadata (8.4 kB)
2026-09-15T22:59:05.1621697Z #29 3.680 Collecting pytz==2026.3.post1 (from -r /tmp/requirements-treinamento.lock (line 9))
2026-09-15T22:59:05.3431290Z #29 3.711   Downloading pytz-2026.3.post1-py2.py3-none-any.whl.metadata (22 kB)
2026-09-15T22:59:05.3492889Z #29 3.868 Collecting scikit-learn==1.7.2 (from -r /tmp/requirements-treinamento.lock (line 10))
2026-09-15T22:59:05.5309687Z #29 3.899   Downloading scikit_learn-1.7.2-cp311-cp311-manylinux2014_x86_64.manylinux_2_17_x86_64.whl.metadata (11 kB)
2026-09-15T22:59:05.5497275Z #29 4.068 Collecting scipy==1.17.1 (from -r /tmp/requirements-treinamento.lock (line 11))
2026-09-15T22:59:05.6684088Z #29 4.099   Downloading scipy-1.17.1-cp311-cp311-manylinux_2_27_x86_64.manylinux_2_28_x86_64.whl.metadata (62 kB)
2026-09-15T22:59:05.6685569Z #29 4.105      ━━━━━━━━━━━━━━━━━━━━━━━━━━━━━━━━━━━━━━━━ 62.1/62.1 kB 10.8 MB/s eta 0:00:00
2026-09-15T22:59:05.6686636Z #29 4.156 Collecting six==1.17.0 (from -r /tmp/requirements-treinamento.lock (line 12))
2026-09-15T22:59:05.6687905Z #29 4.187   Downloading six-1.17.0-py2.py3-none-any.whl.metadata (1.7 kB)
2026-09-15T22:59:05.7840460Z #29 4.230 Collecting skl2onnx==1.19.1 (from -r /tmp/requirements-treinamento.lock (line 13))
2026-09-15T22:59:05.7841431Z #29 4.263   Downloading skl2onnx-1.19.1-py3-none-any.whl.metadata (3.8 kB)
2026-09-15T22:59:05.7842376Z #29 4.302 Collecting threadpoolctl==3.6.0 (from -r /tmp/requirements-treinamento.lock (line 14))
2026-09-15T22:59:05.8893538Z #29 4.333   Downloading threadpoolctl-3.6.0-py3-none-any.whl.metadata (13 kB)
2026-09-15T22:59:05.8894362Z #29 4.377 Collecting tzdata==2026.4 (from -r /tmp/requirements-treinamento.lock (line 15))
2026-09-15T22:59:05.8894960Z #29 4.408   Downloading tzdata-2026.4-py2.py3-none-any.whl.metadata (1.4 kB)
2026-09-15T22:59:06.2101583Z #29 4.728 Downloading joblib-1.5.3-py3-none-any.whl (309 kB)
2026-09-15T22:59:06.3364896Z #29 4.788    ━━━━━━━━━━━━━━━━━━━━━━━━━━━━━━━━━━━━━━━━ 309.1/309.1 kB 5.2 MB/s eta 0:00:00
2026-09-15T22:59:06.3365941Z #29 4.820 Downloading ml_dtypes-0.6.0-cp311-cp311-manylinux_2_27_x86_64.manylinux_2_28_x86_64.whl (412 kB)
2026-09-15T22:59:06.5207727Z #29 4.855    ━━━━━━━━━━━━━━━━━━━━━━━━━━━━━━━━━━━━━━━━ 412.0/412.0 kB 12.4 MB/s eta 0:00:00
2026-09-15T22:59:06.5208403Z #29 4.889 Downloading onnx-1.19.1-cp311-cp311-manylinux2014_x86_64.manylinux_2_17_x86_64.whl (18.2 MB)
2026-09-15T22:59:06.7156336Z #29 5.122    ━━━━━━━━━━━━━━━━━━━━━━━━━━━━━━━━━━━━━━━━ 18.2/18.2 MB 168.5 MB/s eta 0:00:00
2026-09-15T22:59:06.7157673Z #29 5.153 Downloading pandas-2.3.3-cp311-cp311-manylinux_2_24_x86_64.manylinux_2_28_x86_64.whl (12.8 MB)
2026-09-15T22:59:06.7158403Z #29 5.203    ━━━━━━━━━━━━━━━━━━━━━━━━━━━━━━━━━━━━━━━━ 12.8/12.8 MB 260.8 MB/s eta 0:00:00
2026-09-15T22:59:06.7159158Z #29 5.234 Downloading python_dateutil-2.9.0.post0-py2.py3-none-any.whl (229 kB)
2026-09-15T22:59:06.8163975Z #29 5.237    ━━━━━━━━━━━━━━━━━━━━━━━━━━━━━━━━━━━━━━━ 229.9/229.9 kB 365.1 MB/s eta 0:00:00
2026-09-15T22:59:06.8164849Z #29 5.267 Downloading pytz-2026.3.post1-py2.py3-none-any.whl (508 kB)
2026-09-15T22:59:06.8165719Z #29 5.270    ━━━━━━━━━━━━━━━━━━━━━━━━━━━━━━━━━━━━━━━ 508.3/508.3 kB 386.0 MB/s eta 0:00:00
2026-09-15T22:59:06.8166715Z #29 5.301 Downloading scikit_learn-1.7.2-cp311-cp311-manylinux2014_x86_64.manylinux_2_17_x86_64.whl (9.7 MB)
2026-09-15T22:59:06.9503488Z #29 5.334    ━━━━━━━━━━━━━━━━━━━━━━━━━━━━━━━━━━━━━━━━ 9.7/9.7 MB 306.3 MB/s eta 0:00:00
2026-09-15T22:59:06.9510163Z #29 5.365 Downloading scipy-1.17.1-cp311-cp311-manylinux_2_27_x86_64.manylinux_2_28_x86_64.whl (35.3 MB)
2026-09-15T22:59:07.0535517Z #29 5.468    ━━━━━━━━━━━━━━━━━━━━━━━━━━━━━━━━━━━━━━━━ 35.3/35.3 MB 388.9 MB/s eta 0:00:00
2026-09-15T22:59:07.0536338Z #29 5.499 Downloading six-1.17.0-py2.py3-none-any.whl (11 kB)
2026-09-15T22:59:07.0537105Z #29 5.539 Downloading skl2onnx-1.19.1-py3-none-any.whl (315 kB)
2026-09-15T22:59:07.0538221Z #29 5.541    ━━━━━━━━━━━━━━━━━━━━━━━━━━━━━━━━━━━━━━━ 315.5/315.5 kB 367.3 MB/s eta 0:00:00
2026-09-15T22:59:07.0538971Z #29 5.572 Downloading threadpoolctl-3.6.0-py3-none-any.whl (18 kB)
2026-09-15T22:59:07.2374852Z #29 5.602 Downloading tzdata-2026.4-py2.py3-none-any.whl (347 kB)
2026-09-15T22:59:07.2375726Z #29 5.605    ━━━━━━━━━━━━━━━━━━━━━━━━━━━━━━━━━━━━━━━ 347.5/347.5 kB 359.8 MB/s eta 0:00:00
2026-09-15T22:59:07.4903242Z #29 6.008 Installing collected packages: pytz, tzdata, threadpoolctl, six, scipy, ml-dtypes, joblib, scikit-learn, python-dateutil, onnx, skl2onnx, pandas
2026-09-15T22:59:10.6054022Z #29 9.123 Successfully installed joblib-1.5.3 ml-dtypes-0.6.0 onnx-1.19.1 pandas-2.3.3 python-dateutil-2.9.0.post0 pytz-2026.3.post1 scikit-learn-1.7.2 scipy-1.17.1 six-1.17.0 skl2onnx-1.19.1 threadpoolctl-3.6.0 tzdata-2026.4
2026-09-15T22:59:13.0162378Z #29 11.53 No broken requirements found.
2026-09-15T22:59:13.3293029Z #29 DONE 11.8s
2026-09-15T22:59:14.9091929Z 
2026-09-15T22:59:14.9093296Z #33 [pipeline treinamento 1/1] COPY --from=dependencias_treinamento /opt/venv /opt/venv
2026-09-15T22:59:18.2088408Z #33 DONE 3.3s
2026-09-15T22:59:18.3602835Z 
2026-09-15T22:59:18.3603472Z #34 [pipeline] exporting to image
2026-09-15T22:59:18.3603979Z #34 exporting layers
2026-09-15T22:59:21.3333733Z #34 exporting layers 3.1s done
2026-09-15T22:59:21.3556325Z #34 writing image sha256:4fce2fd15c787771f26a88e82908a40c7bd86023be55eeb0afdac485cb87c70a done
2026-09-15T22:59:21.3557178Z #34 naming to docker.io/library/medical-classifier-treino:local done
2026-09-15T22:59:21.3557947Z #34 DONE 3.1s
2026-09-15T22:59:21.3558142Z 
2026-09-15T22:59:21.3558362Z #35 [pipeline] resolving provenance for metadata file
2026-09-15T22:59:21.3558855Z #35 DONE 0.0s
2026-09-15T22:59:21.3559205Z  api  Built
2026-09-15T22:59:21.3559515Z  pipeline  Built
2026-09-15T22:59:21.3625585Z ##[group]Run mkdir -p reports/imagens
2026-09-15T22:59:21.3625950Z [36;1mmkdir -p reports/imagens[0m
2026-09-15T22:59:21.3626266Z [36;1mfor perfil in runtime treinamento; do[0m
2026-09-15T22:59:21.3626591Z [36;1m  if [ "$perfil" = runtime ]; then[0m
2026-09-15T22:59:21.3626900Z [36;1m    imagem=medical-classifier:local[0m
2026-09-15T22:59:21.3627188Z [36;1m  else[0m
2026-09-15T22:59:21.3627718Z [36;1m    imagem=medical-classifier-treino:local[0m
2026-09-15T22:59:21.3628024Z [36;1m  fi[0m
2026-09-15T22:59:21.3628493Z [36;1m  docker image inspect "$imagem" --format '{"id": {{json .Id}}, "bytes": {{.Size}}}' > "reports/imagens/$perfil-imagem.json"[0m
2026-09-15T22:59:21.3629323Z [36;1m  docker run --rm --network none --read-only --entrypoint /usr/local/bin/python "$imagem" -m pip --python /opt/venv/bin/python check[0m
2026-09-15T22:59:21.3630626Z [36;1m  docker run --rm -i --network none --read-only --entrypoint python "$imagem" - --perfil "$perfil" < scripts/verificar_dependencias_imagem.py > "reports/imagens/$perfil-dependencias.json"[0m
2026-09-15T22:59:21.3631486Z [36;1mdone[0m
2026-09-15T22:59:21.3673495Z shell: /usr/bin/bash --noprofile --norc -e -o pipefail {0}
2026-09-15T22:59:21.3674005Z env:
2026-09-15T22:59:21.3674434Z   GRAFANA_ADMIN_PASSWORD: senha-local-do-runner-ci
2026-09-15T22:59:21.3674988Z   OMP_NUM_THREADS: 1
2026-09-15T22:59:21.3675350Z   OPENBLAS_NUM_THREADS: 1
2026-09-15T22:59:21.3675744Z   MKL_NUM_THREADS: 1
2026-09-15T22:59:21.3676169Z   pythonLocation: /opt/hostedtoolcache/Python/3.11.16/x64
2026-09-15T22:59:21.3689131Z   PKG_CONFIG_PATH: /opt/hostedtoolcache/Python/3.11.16/x64/lib/pkgconfig
2026-09-15T22:59:21.3689611Z   Python_ROOT_DIR: /opt/hostedtoolcache/Python/3.11.16/x64
2026-09-15T22:59:21.3690059Z   Python2_ROOT_DIR: /opt/hostedtoolcache/Python/3.11.16/x64
2026-09-15T22:59:21.3690448Z   Python3_ROOT_DIR: /opt/hostedtoolcache/Python/3.11.16/x64
2026-09-15T22:59:21.3690835Z   LD_LIBRARY_PATH: /opt/hostedtoolcache/Python/3.11.16/x64/lib
2026-09-15T22:59:21.3691166Z ##[endgroup]
2026-09-15T22:59:24.4426871Z No broken requirements found.
2026-09-15T22:59:28.3780554Z No broken requirements found.
2026-09-15T22:59:33.4376698Z ##[group]Run docker compose create pipeline
2026-09-15T22:59:33.4377079Z [36;1mdocker compose create pipeline[0m
2026-09-15T22:59:33.4377731Z [36;1mdocker compose -f docker-compose.airflow.yml build airflow[0m
2026-09-15T22:59:33.4418594Z shell: /usr/bin/bash --noprofile --norc -e -o pipefail {0}
2026-09-15T22:59:33.4418955Z env:
2026-09-15T22:59:33.4419218Z   GRAFANA_ADMIN_PASSWORD: senha-local-do-runner-ci
2026-09-15T22:59:33.4419551Z   OMP_NUM_THREADS: 1
2026-09-15T22:59:33.4419782Z   OPENBLAS_NUM_THREADS: 1
2026-09-15T22:59:33.4420027Z   MKL_NUM_THREADS: 1
2026-09-15T22:59:33.4420306Z   pythonLocation: /opt/hostedtoolcache/Python/3.11.16/x64
2026-09-15T22:59:33.4420742Z   PKG_CONFIG_PATH: /opt/hostedtoolcache/Python/3.11.16/x64/lib/pkgconfig
2026-09-15T22:59:33.4421163Z   Python_ROOT_DIR: /opt/hostedtoolcache/Python/3.11.16/x64
2026-09-15T22:59:33.4421545Z   Python2_ROOT_DIR: /opt/hostedtoolcache/Python/3.11.16/x64
2026-09-15T22:59:33.4421981Z   Python3_ROOT_DIR: /opt/hostedtoolcache/Python/3.11.16/x64
2026-09-15T22:59:33.4422362Z   LD_LIBRARY_PATH: /opt/hostedtoolcache/Python/3.11.16/x64/lib
2026-09-15T22:59:33.4422691Z ##[endgroup]
2026-09-15T22:59:33.5279659Z  Network medical-classifier_default  Creating
2026-09-15T22:59:33.5676397Z  Network medical-classifier_default  Created
2026-09-15T22:59:33.5921847Z  Volume "medical-classifier_dados"  Creating
2026-09-15T22:59:33.5936696Z  Volume "medical-classifier_dados"  Created
2026-09-15T22:59:33.5940488Z  Volume "medical-classifier_modelos"  Creating
2026-09-15T22:59:33.5948430Z  Volume "medical-classifier_modelos"  Created
2026-09-15T22:59:33.5953026Z  Container medical-classifier-pipeline-1  Creating
2026-09-15T22:59:33.6172639Z  Container medical-classifier-pipeline-1  Created
2026-09-15T22:59:33.7468661Z #1 [internal] load local bake definitions
2026-09-15T22:59:33.9533343Z #1 reading from stdin 453B done
2026-09-15T22:59:33.9533781Z #1 DONE 0.0s
2026-09-15T22:59:33.9533968Z 
2026-09-15T22:59:33.9534262Z #2 [internal] load build definition from Dockerfile.airflow
2026-09-15T22:59:33.9534818Z #2 transferring dockerfile: 1.91kB done
2026-09-15T22:59:33.9535094Z #2 DONE 0.0s
2026-09-15T22:59:33.9535215Z 
2026-09-15T22:59:33.9535452Z #3 [internal] load metadata for docker.io/library/medical-classifier-treino:local
2026-09-15T22:59:33.9535853Z #3 DONE 0.0s
2026-09-15T22:59:33.9535965Z 
2026-09-15T22:59:33.9536073Z #4 [internal] load .dockerignore
2026-09-15T22:59:33.9536342Z #4 transferring context: 335B done
2026-09-15T22:59:33.9536596Z #4 DONE 0.0s
2026-09-15T22:59:33.9536717Z 
2026-09-15T22:59:33.9537233Z #5 [internal] load build context
2026-09-15T22:59:33.9537786Z #5 transferring context: 1.28kB done
2026-09-15T22:59:33.9538073Z #5 DONE 0.0s
2026-09-15T22:59:33.9538186Z 
2026-09-15T22:59:33.9538350Z #6 [1/7] FROM docker.io/library/medical-classifier-treino:local
2026-09-15T22:59:33.9538695Z #6 DONE 0.0s
2026-09-15T22:59:33.9538809Z 
2026-09-15T22:59:33.9539689Z #7 [2/7] ADD --checksum=sha256:b32ab3fa687c0e04b2260526fee79813bfb7944da5b6805e429c9f71b07c53f3     https://raw.githubusercontent.com/apache/airflow/338bcef28071e8b833876554c502079adb3739d0/constraints-3.11.txt     /opt/airflow-constraints-3.11.txt
2026-09-15T22:59:33.9789734Z #7 DONE 0.2s
2026-09-15T22:59:34.1376778Z 
2026-09-15T22:59:34.1378646Z #8 [2/7] ADD --checksum=sha256:b32ab3fa687c0e04b2260526fee79813bfb7944da5b6805e429c9f71b07c53f3     https://raw.githubusercontent.com/apache/airflow/338bcef28071e8b833876554c502079adb3739d0/constraints-3.11.txt     /opt/airflow-constraints-3.11.txt
2026-09-15T22:59:34.1379753Z #8 DONE 0.0s
2026-09-15T22:59:34.1379934Z 
2026-09-15T22:59:34.1381997Z #9 [3/7] RUN /usr/local/bin/python -m venv --without-pip /opt/airflow-venv     && /usr/local/bin/python -m pip --python /opt/airflow-venv/bin/python install --no-cache-dir --no-compile         "apache-airflow==2.11.0" --constraint /opt/airflow-constraints-3.11.txt     && /usr/local/bin/python -m pip --python /opt/airflow-venv/bin/python check     && ln -s /opt/venv /opt/model-venv     && mkdir -p /opt/airflow/dags /opt/airflow/estado     && chown -R 10001:0 /opt/airflow     && chmod -R g+rwX /opt/airflow
2026-09-15T22:59:36.9464942Z #9 2.959 Collecting apache-airflow==2.11.0
2026-09-15T22:59:37.0882109Z #9 3.101   Downloading apache_airflow-2.11.0-py3-none-any.whl.metadata (45 kB)
2026-09-15T22:59:37.2742133Z #9 3.136      ━━━━━━━━━━━━━━━━━━━━━━━━━━━━━━━━━━━━━━━━ 45.4/45.4 kB 1.1 MB/s eta 0:00:00
2026-09-15T22:59:37.4360159Z #9 3.449 Collecting alembic<2.0,>=1.13.1 (from apache-airflow==2.11.0)
2026-09-15T22:59:37.5716924Z #9 3.488   Downloading alembic-1.15.2-py3-none-any.whl.metadata (7.3 kB)
2026-09-15T22:59:37.5717857Z #9 3.546 Collecting argcomplete>=1.10 (from apache-airflow==2.11.0)
2026-09-15T22:59:37.5718467Z #9 3.585   Downloading argcomplete-3.6.2-py3-none-any.whl.metadata (16 kB)
2026-09-15T22:59:37.7096132Z #9 3.639 Collecting asgiref>=2.3.0 (from apache-airflow==2.11.0)
2026-09-15T22:59:37.7096966Z #9 3.676   Downloading asgiref-3.8.1-py3-none-any.whl.metadata (9.3 kB)
2026-09-15T22:59:37.7097932Z #9 3.722 Collecting attrs>=22.1.0 (from apache-airflow==2.11.0)
2026-09-15T22:59:37.8232983Z #9 3.759   Downloading attrs-25.3.0-py3-none-any.whl.metadata (10 kB)
2026-09-15T22:59:37.8233791Z #9 3.800 Collecting blinker>=1.6.2 (from apache-airflow==2.11.0)
2026-09-15T22:59:37.8234527Z #9 3.836   Downloading blinker-1.9.0-py3-none-any.whl.metadata (1.6 kB)
2026-09-15T22:59:37.9505607Z #9 3.883 Collecting colorlog>=6.8.2 (from apache-airflow==2.11.0)
2026-09-15T22:59:37.9506267Z #9 3.921   Downloading colorlog-6.9.0-py3-none-any.whl.metadata (10 kB)
2026-09-15T22:59:37.9506811Z #9 3.963 Collecting configupdater>=3.1.1 (from apache-airflow==2.11.0)
2026-09-15T22:59:38.0550974Z #9 4.000   Downloading ConfigUpdater-3.2-py2.py3-none-any.whl.metadata (10 kB)
2026-09-15T22:59:38.0551679Z #9 4.068 Collecting connexion<3.0,>=2.14.2 (from connexion[flask]<3.0,>=2.14.2->apache-airflow==2.11.0)
2026-09-15T22:59:38.1859910Z #9 4.104   Downloading connexion-2.14.2-py2.py3-none-any.whl.metadata (28 kB)
2026-09-15T22:59:38.1860549Z #9 4.151 Collecting cron-descriptor>=1.2.24 (from apache-airflow==2.11.0)
2026-09-15T22:59:38.1861111Z #9 4.199   Downloading cron_descriptor-1.4.5-py3-none-any.whl.metadata (5.7 kB)
2026-09-15T22:59:38.2868741Z #9 4.263 Collecting croniter>=2.0.2 (from apache-airflow==2.11.0)
2026-09-15T22:59:38.2869335Z #9 4.300   Downloading croniter-6.0.0-py2.py3-none-any.whl.metadata (32 kB)
2026-09-15T22:59:38.6393160Z #9 4.652 Collecting cryptography>=41.0.0 (from apache-airflow==2.11.0)
2026-09-15T22:59:38.7582986Z #9 4.689   Downloading cryptography-42.0.8-cp39-abi3-manylinux_2_28_x86_64.whl.metadata (5.3 kB)
2026-09-15T22:59:38.7584281Z #9 4.735 Collecting deprecated>=1.2.13 (from apache-airflow==2.11.0)
2026-09-15T22:59:38.7585103Z #9 4.771   Downloading Deprecated-1.2.18-py2.py3-none-any.whl.metadata (5.7 kB)
2026-09-15T22:59:38.8882108Z #9 4.816 Collecting dill>=0.2.2 (from apache-airflow==2.11.0)
2026-09-15T22:59:38.8882796Z #9 4.853   Downloading dill-0.3.1.1.tar.gz (151 kB)
2026-09-15T22:59:39.0531849Z #9 4.901      ━━━━━━━━━━━━━━━━━━━━━━━━━━━━━━━━━━━━━━━ 152.0/152.0 kB 3.2 MB/s eta 0:00:00
2026-09-15T22:59:39.0532601Z #9 4.916   Installing build dependencies: started
2026-09-15T22:59:41.3185487Z #9 7.331   Installing build dependencies: finished with status 'done'
2026-09-15T22:59:41.4695610Z #9 7.332   Getting requirements to build wheel: started
2026-09-15T22:59:41.7783869Z #9 7.791   Getting requirements to build wheel: finished with status 'done'
2026-09-15T22:59:41.9299166Z #9 7.792   Preparing metadata (pyproject.toml): started
2026-09-15T22:59:42.2450230Z #9 8.256   Preparing metadata (pyproject.toml): finished with status 'done'
2026-09-15T22:59:42.3663898Z #9 8.301 Collecting flask-caching>=2.0.0 (from apache-airflow==2.11.0)
2026-09-15T22:59:42.3664503Z #9 8.338   Downloading Flask_Caching-2.3.1-py3-none-any.whl.metadata (2.2 kB)
2026-09-15T22:59:42.3665039Z #9 8.379 Collecting flask-session<0.6,>=0.4.0 (from apache-airflow==2.11.0)
2026-09-15T22:59:42.4818213Z #9 8.416   Downloading flask_session-0.5.0-py3-none-any.whl.metadata (1.4 kB)
2026-09-15T22:59:42.4818802Z #9 8.458 Collecting flask-wtf>=1.1.0 (from apache-airflow==2.11.0)
2026-09-15T22:59:42.4819311Z #9 8.495   Downloading flask_wtf-1.2.2-py3-none-any.whl.metadata (3.4 kB)
2026-09-15T22:59:42.6215924Z #9 8.543 Collecting flask<2.3,>=2.2.1 (from apache-airflow==2.11.0)
2026-09-15T22:59:42.6216774Z #9 8.580   Downloading Flask-2.2.5-py3-none-any.whl.metadata (3.9 kB)
2026-09-15T22:59:42.6217887Z #9 8.634 Collecting fsspec>=2023.10.0 (from apache-airflow==2.11.0)
2026-09-15T22:59:42.7474718Z #9 8.672   Downloading fsspec-2025.3.2-py3-none-any.whl.metadata (11 kB)
2026-09-15T22:59:42.7475523Z #9 8.760 Collecting google-re2>=1.0 (from apache-airflow==2.11.0)
2026-09-15T22:59:42.8712516Z #9 8.798   Downloading google_re2-1.1.20240702-1-cp311-cp311-manylinux_2_24_x86_64.manylinux_2_28_x86_64.whl.metadata (2.2 kB)
2026-09-15T22:59:42.8713622Z #9 8.847 Collecting gunicorn>=20.1.0 (from apache-airflow==2.11.0)
2026-09-15T22:59:42.8714493Z #9 8.884   Downloading gunicorn-23.0.0-py3-none-any.whl.metadata (4.4 kB)
2026-09-15T22:59:43.0307567Z #9 8.935 Collecting httpx>=0.25.0 (from apache-airflow==2.11.0)
2026-09-15T22:59:43.0308241Z #9 8.972   Downloading httpx-0.27.0-py3-none-any.whl.metadata (7.2 kB)
2026-09-15T22:59:43.0308753Z #9 9.044 Collecting importlib_metadata>=6.5 (from apache-airflow==2.11.0)
2026-09-15T22:59:43.1445780Z #9 9.080   Downloading importlib_metadata-6.11.0-py3-none-any.whl.metadata (4.9 kB)
2026-09-15T22:59:43.1446478Z #9 9.121 Collecting itsdangerous>=2.0 (from apache-airflow==2.11.0)
2026-09-15T22:59:43.1447035Z #9 9.157   Downloading itsdangerous-2.2.0-py3-none-any.whl.metadata (1.9 kB)
2026-09-15T22:59:43.2819136Z #9 9.202 Collecting jinja2>=3.0.0 (from apache-airflow==2.11.0)
2026-09-15T22:59:43.2819955Z #9 9.239   Downloading jinja2-3.1.6-py3-none-any.whl.metadata (2.9 kB)
2026-09-15T22:59:43.2820720Z #9 9.295 Collecting jsonschema>=4.18.0 (from apache-airflow==2.11.0)
2026-09-15T22:59:43.3820533Z #9 9.332   Downloading jsonschema-4.23.0-py3-none-any.whl.metadata (7.9 kB)
2026-09-15T22:59:43.3821454Z #9 9.395 Collecting lazy-object-proxy>=1.2.0 (from apache-airflow==2.11.0)
2026-09-15T22:59:43.4965601Z #9 9.433   Downloading lazy_object_proxy-1.11.0-py3-none-any.whl.metadata (8.2 kB)
2026-09-15T22:59:43.4966342Z #9 9.473 Collecting linkify-it-py>=2.0.0 (from apache-airflow==2.11.0)
2026-09-15T22:59:43.4966856Z #9 9.509   Downloading linkify_it_py-2.0.3-py3-none-any.whl.metadata (8.5 kB)
2026-09-15T22:59:43.6522633Z #9 9.548 Collecting lockfile>=0.12.2 (from apache-airflow==2.11.0)
2026-09-15T22:59:43.6523772Z #9 9.584   Downloading lockfile-0.12.2-py2.py3-none-any.whl.metadata (2.4 kB)
2026-09-15T22:59:43.6524316Z #9 9.665 Collecting markdown-it-py>=2.1.0 (from apache-airflow==2.11.0)
2026-09-15T22:59:43.7695412Z #9 9.702   Downloading markdown_it_py-3.0.0-py3-none-any.whl.metadata (6.9 kB)
2026-09-15T22:59:43.7696262Z #9 9.782 Collecting markupsafe>=1.1.1 (from apache-airflow==2.11.0)
2026-09-15T22:59:43.8864804Z #9 9.819   Downloading MarkupSafe-3.0.2-cp311-cp311-manylinux_2_17_x86_64.manylinux2014_x86_64.whl.metadata (4.0 kB)
2026-09-15T22:59:43.8865806Z #9 9.862 Collecting marshmallow-oneofschema>=2.0.1 (from apache-airflow==2.11.0)
2026-09-15T22:59:43.8866693Z #9 9.899   Downloading marshmallow_oneofschema-3.2.0-py3-none-any.whl.metadata (5.3 kB)
2026-09-15T22:59:44.0047158Z #9 9.942 Collecting mdit-py-plugins>=0.3.0 (from apache-airflow==2.11.0)
2026-09-15T22:59:44.0048355Z #9 9.980   Downloading mdit_py_plugins-0.4.2-py3-none-any.whl.metadata (2.8 kB)
2026-09-15T22:59:44.0049219Z #9 10.02 Collecting methodtools>=0.4.7 (from apache-airflow==2.11.0)
2026-09-15T22:59:44.1313450Z #9 10.05   Downloading methodtools-0.4.7-py2.py3-none-any.whl.metadata (3.0 kB)
2026-09-15T22:59:44.1314368Z #9 10.11 Collecting opentelemetry-api>=1.24.0 (from apache-airflow==2.11.0)
2026-09-15T22:59:44.1315229Z #9 10.14   Downloading opentelemetry_api-1.27.0-py3-none-any.whl.metadata (1.4 kB)
2026-09-15T22:59:44.2693655Z #9 10.20 Collecting opentelemetry-exporter-otlp>=1.24.0 (from apache-airflow==2.11.0)
2026-09-15T22:59:44.2694361Z #9 10.23   Downloading opentelemetry_exporter_otlp-1.27.0-py3-none-any.whl.metadata (2.3 kB)
2026-09-15T22:59:44.2694912Z #9 10.28 Collecting packaging>=23.0 (from apache-airflow==2.11.0)
2026-09-15T22:59:44.3850143Z #9 10.32   Downloading packaging-25.0-py3-none-any.whl.metadata (3.3 kB)
2026-09-15T22:59:44.3850822Z #9 10.36 Collecting pathspec>=0.9.0 (from apache-airflow==2.11.0)
2026-09-15T22:59:44.3851313Z #9 10.40   Downloading pathspec-0.12.1-py3-none-any.whl.metadata (21 kB)
2026-09-15T22:59:44.4990541Z #9 10.47 Collecting pendulum<4.0,>=2.1.2 (from apache-airflow==2.11.0)
2026-09-15T22:59:44.4991379Z #9 10.51   Downloading pendulum-3.1.0-cp311-cp311-manylinux_2_17_x86_64.manylinux2014_x86_64.whl.metadata (6.8 kB)
2026-09-15T22:59:44.6835807Z #9 10.55 Collecting pluggy>=1.5.0 (from apache-airflow==2.11.0)
2026-09-15T22:59:44.6836646Z #9 10.59   Downloading pluggy-1.6.0-py3-none-any.whl.metadata (4.8 kB)
2026-09-15T22:59:44.6837555Z #9 10.70 Collecting psutil>=5.8.0 (from apache-airflow==2.11.0)
2026-09-15T22:59:44.8085766Z #9 10.73   Downloading psutil-7.0.0-cp36-abi3-manylinux_2_12_x86_64.manylinux2010_x86_64.manylinux_2_17_x86_64.manylinux2014_x86_64.whl.metadata (22 kB)
2026-09-15T22:59:44.8087031Z #9 10.78 Collecting pygments>=2.0.1 (from apache-airflow==2.11.0)
2026-09-15T22:59:44.8088045Z #9 10.82   Downloading pygments-2.19.1-py3-none-any.whl.metadata (2.5 kB)
2026-09-15T22:59:44.9354104Z #9 10.87 Collecting pyjwt>=2.0.0 (from apache-airflow==2.11.0)
2026-09-15T22:59:44.9354760Z #9 10.91   Downloading PyJWT-2.10.1-py3-none-any.whl.metadata (4.0 kB)
2026-09-15T22:59:44.9355263Z #9 10.95 Collecting python-daemon>=3.0.0 (from apache-airflow==2.11.0)
2026-09-15T22:59:45.0521602Z #9 10.98   Downloading python_daemon-3.1.2-py3-none-any.whl.metadata (4.8 kB)
2026-09-15T22:59:45.0522359Z #9 11.03 Collecting python-dateutil>=2.7.0 (from apache-airflow==2.11.0)
2026-09-15T22:59:45.0522967Z #9 11.06   Downloading python_dateutil-2.9.0.post0-py2.py3-none-any.whl.metadata (8.4 kB)
2026-09-15T22:59:45.2965594Z #9 11.11 Collecting python-nvd3>=0.15.0 (from apache-airflow==2.11.0)
2026-09-15T22:59:45.2966633Z #9 11.14   Downloading python-nvd3-0.16.0.tar.gz (34 kB)
2026-09-15T22:59:45.2967819Z #9 11.16   Installing build dependencies: started
2026-09-15T22:59:47.5200628Z #9 13.53   Installing build dependencies: finished with status 'done'
2026-09-15T22:59:47.6710277Z #9 13.53   Getting requirements to build wheel: started
2026-09-15T22:59:47.9808878Z #9 13.99   Getting requirements to build wheel: finished with status 'done'
2026-09-15T22:59:48.1321561Z #9 13.99   Preparing metadata (pyproject.toml): started
2026-09-15T22:59:48.4433627Z #9 14.46   Preparing metadata (pyproject.toml): finished with status 'done'
2026-09-15T22:59:48.5823493Z #9 14.50 Collecting python-slugify>=5.0 (from apache-airflow==2.11.0)
2026-09-15T22:59:48.5824881Z #9 14.54   Downloading python_slugify-8.0.4-py2.py3-none-any.whl.metadata (8.5 kB)
2026-09-15T22:59:48.5825911Z #9 14.60 Collecting requests<3,>=2.27.0 (from apache-airflow==2.11.0)
2026-09-15T22:59:48.6963094Z #9 14.63   Downloading requests-2.32.3-py3-none-any.whl.metadata (4.6 kB)
2026-09-15T22:59:48.6963881Z #9 14.67 Collecting requests-toolbelt>=0.4.0 (from apache-airflow==2.11.0)
2026-09-15T22:59:48.6964479Z #9 14.71   Downloading requests_toolbelt-1.0.0-py2.py3-none-any.whl.metadata (14 kB)
2026-09-15T22:59:48.8141201Z #9 14.75 Collecting rfc3339-validator>=0.1.4 (from apache-airflow==2.11.0)
2026-09-15T22:59:48.8141955Z #9 14.79   Downloading rfc3339_validator-0.1.4-py2.py3-none-any.whl.metadata (1.5 kB)
2026-09-15T22:59:48.8142545Z #9 14.83 Collecting rich-argparse>=1.0.0 (from apache-airflow==2.11.0)
2026-09-15T22:59:48.9353375Z #9 14.86   Downloading rich_argparse-1.7.0-py3-none-any.whl.metadata (14 kB)
2026-09-15T22:59:48.9354015Z #9 14.95 Collecting rich>=12.4.4 (from apache-airflow==2.11.0)
2026-09-15T22:59:49.0476098Z #9 14.98   Downloading rich-13.9.4-py3-none-any.whl.metadata (18 kB)
2026-09-15T22:59:49.0478064Z #9 15.06 Collecting setproctitle>=1.3.3 (from apache-airflow==2.11.0)
2026-09-15T22:59:49.2357882Z #9 15.10   Downloading setproctitle-1.3.6-cp311-cp311-manylinux_2_5_x86_64.manylinux1_x86_64.manylinux_2_17_x86_64.manylinux2014_x86_64.whl.metadata (10 kB)
2026-09-15T22:59:49.4905646Z #9 15.50 Collecting sqlalchemy<2.0,>=1.4.36 (from apache-airflow==2.11.0)
2026-09-15T22:59:49.6074356Z #9 15.54   Downloading SQLAlchemy-1.4.54-cp311-cp311-manylinux_2_5_x86_64.manylinux1_x86_64.manylinux_2_17_x86_64.manylinux2014_x86_64.whl.metadata (10 kB)
2026-09-15T22:59:49.6075703Z #9 15.58 Collecting sqlalchemy-jsonfield>=1.0 (from apache-airflow==2.11.0)
2026-09-15T22:59:49.6076608Z #9 15.62   Downloading SQLAlchemy_JSONField-1.0.2-py3-none-any.whl.metadata (5.2 kB)
2026-09-15T22:59:49.7328228Z #9 15.66 Collecting tabulate>=0.7.5 (from apache-airflow==2.11.0)
2026-09-15T22:59:49.7328971Z #9 15.70   Downloading tabulate-0.9.0-py3-none-any.whl.metadata (34 kB)
2026-09-15T22:59:49.7329844Z #9 15.75 Collecting tenacity!=8.2.0,>=8.0.0 (from apache-airflow==2.11.0)
2026-09-15T22:59:49.8460370Z #9 15.78   Downloading tenacity-9.1.2-py3-none-any.whl.metadata (1.2 kB)
2026-09-15T22:59:49.8460926Z #9 15.82 Collecting termcolor>=1.1.0 (from apache-airflow==2.11.0)
2026-09-15T22:59:49.8461413Z #9 15.86   Downloading termcolor-3.1.0-py3-none-any.whl.metadata (6.4 kB)
2026-09-15T22:59:49.9872952Z #9 15.91 Collecting universal-pathlib!=0.2.4,>=0.2.2 (from apache-airflow==2.11.0)
2026-09-15T22:59:49.9873596Z #9 15.94   Downloading universal_pathlib-0.2.6-py3-none-any.whl.metadata (25 kB)
2026-09-15T22:59:49.9874144Z #9 16.00 Collecting werkzeug<3,>=2.0 (from apache-airflow==2.11.0)
2026-09-15T22:59:50.1120735Z #9 16.04   Downloading Werkzeug-2.2.3-py3-none-any.whl.metadata (4.4 kB)
2026-09-15T22:59:50.1121708Z #9 16.09 Collecting apache-airflow-providers-common-compat (from apache-airflow==2.11.0)
2026-09-15T22:59:50.1122814Z #9 16.12   Downloading apache_airflow_providers_common_compat-1.7.0-py3-none-any.whl.metadata (5.3 kB)
2026-09-15T22:59:50.2182652Z #9 16.19 Collecting apache-airflow-providers-common-io (from apache-airflow==2.11.0)
2026-09-15T22:59:50.2184023Z #9 16.23   Downloading apache_airflow_providers_common_io-1.6.0-py3-none-any.whl.metadata (5.2 kB)
2026-09-15T22:59:50.3265867Z #9 16.30 Collecting apache-airflow-providers-common-sql (from apache-airflow==2.11.0)
2026-09-15T22:59:50.3266968Z #9 16.34   Downloading apache_airflow_providers_common_sql-1.27.1-py3-none-any.whl.metadata (5.3 kB)
2026-09-15T22:59:50.4463575Z #9 16.42 Collecting apache-airflow-providers-fab>=1.0.2 (from apache-airflow==2.11.0)
2026-09-15T22:59:50.4464646Z #9 16.46   Downloading apache_airflow_providers_fab-1.5.3-py3-none-any.whl.metadata (6.4 kB)
2026-09-15T22:59:50.5735179Z #9 16.59 Collecting apache-airflow-providers-ftp (from apache-airflow==2.11.0)
2026-09-15T22:59:50.7017750Z #9 16.63   Downloading apache_airflow_providers_ftp-3.13.0-py3-none-any.whl.metadata (5.2 kB)
2026-09-15T22:59:50.7018481Z #9 16.71 Collecting apache-airflow-providers-http (from apache-airflow==2.11.0)
2026-09-15T22:59:50.8359093Z #9 16.75   Downloading apache_airflow_providers_http-5.3.0-py3-none-any.whl.metadata (4.1 kB)
2026-09-15T22:59:50.8360111Z #9 16.81 Collecting apache-airflow-providers-imap (from apache-airflow==2.11.0)
2026-09-15T22:59:50.8361070Z #9 16.85   Downloading apache_airflow_providers_imap-3.9.0-py3-none-any.whl.metadata (3.8 kB)
2026-09-15T22:59:51.0060177Z #9 16.90 Collecting apache-airflow-providers-smtp (from apache-airflow==2.11.0)
2026-09-15T22:59:51.0060941Z #9 16.94   Downloading apache_airflow_providers_smtp-2.1.0-py3-none-any.whl.metadata (5.1 kB)
2026-09-15T22:59:51.0061604Z #9 17.02 Collecting apache-airflow-providers-sqlite (from apache-airflow==2.11.0)
2026-09-15T22:59:51.1419070Z #9 17.06   Downloading apache_airflow_providers_sqlite-4.1.0-py3-none-any.whl.metadata (5.0 kB)
2026-09-15T22:59:51.1419774Z #9 17.12 Collecting Mako (from alembic<2.0,>=1.13.1->apache-airflow==2.11.0)
2026-09-15T22:59:51.1420591Z #9 17.15   Downloading mako-1.3.10-py3-none-any.whl.metadata (2.9 kB)
2026-09-15T22:59:51.3370665Z #9 17.20 Collecting typing-extensions>=4.12 (from alembic<2.0,>=1.13.1->apache-airflow==2.11.0)
2026-09-15T22:59:51.3371686Z #9 17.24   Downloading typing_extensions-4.13.2-py3-none-any.whl.metadata (3.0 kB)
2026-09-15T22:59:51.3372735Z #9 17.35 Collecting flask-appbuilder==4.5.3 (from apache-airflow-providers-fab>=1.0.2->apache-airflow==2.11.0)
2026-09-15T22:59:51.4527869Z #9 17.39   Downloading Flask_AppBuilder-4.5.3-py3-none-any.whl.metadata (8.9 kB)
2026-09-15T22:59:51.4529359Z #9 17.43 Collecting flask-login>=0.6.2 (from apache-airflow-providers-fab>=1.0.2->apache-airflow==2.11.0)
2026-09-15T22:59:51.4530715Z #9 17.47   Downloading Flask_Login-0.6.3-py3-none-any.whl.metadata (5.8 kB)
2026-09-15T22:59:51.6045774Z #9 17.51 Collecting jmespath>=0.7.0 (from apache-airflow-providers-fab>=1.0.2->apache-airflow==2.11.0)
2026-09-15T22:59:51.6046870Z #9 17.55   Downloading jmespath-0.10.0-py2.py3-none-any.whl.metadata (8.0 kB)
2026-09-15T22:59:51.6048287Z #9 17.62 Collecting apispec<7,>=6.0.0 (from apispec[yaml]<7,>=6.0.0->flask-appbuilder==4.5.3->apache-airflow-providers-fab>=1.0.2->apache-airflow==2.11.0)
2026-09-15T22:59:51.7265473Z #9 17.66   Downloading apispec-6.8.2-py3-none-any.whl.metadata (10 kB)
2026-09-15T22:59:51.7266465Z #9 17.70 Collecting colorama<1,>=0.3.9 (from flask-appbuilder==4.5.3->apache-airflow-providers-fab>=1.0.2->apache-airflow==2.11.0)
2026-09-15T22:59:51.7267185Z #9 17.74   Downloading colorama-0.4.6-py2.py3-none-any.whl.metadata (17 kB)
2026-09-15T22:59:51.8553055Z #9 17.79 Collecting click<9,>=8 (from flask-appbuilder==4.5.3->apache-airflow-providers-fab>=1.0.2->apache-airflow==2.11.0)
2026-09-15T22:59:51.8553774Z #9 17.82   Downloading click-8.2.0-py3-none-any.whl.metadata (2.5 kB)
2026-09-15T22:59:51.8554470Z #9 17.87 Collecting email-validator>=1.0.5 (from flask-appbuilder==4.5.3->apache-airflow-providers-fab>=1.0.2->apache-airflow==2.11.0)
2026-09-15T22:59:51.9742760Z #9 17.90   Downloading email_validator-2.2.0-py3-none-any.whl.metadata (25 kB)
2026-09-15T22:59:51.9743908Z #9 17.95 Collecting Flask-Babel<3,>=1 (from flask-appbuilder==4.5.3->apache-airflow-providers-fab>=1.0.2->apache-airflow==2.11.0)
2026-09-15T22:59:51.9744600Z #9 17.99   Downloading Flask_Babel-2.0.0-py3-none-any.whl.metadata (2.1 kB)
2026-09-15T22:59:52.1125514Z #9 18.04 Collecting Flask-Limiter<4,>3 (from flask-appbuilder==4.5.3->apache-airflow-providers-fab>=1.0.2->apache-airflow==2.11.0)
2026-09-15T22:59:52.1126309Z #9 18.08   Downloading flask_limiter-3.12-py3-none-any.whl.metadata (6.3 kB)
2026-09-15T22:59:52.1127655Z #9 18.13 Collecting Flask-SQLAlchemy<3,>=2.4 (from flask-appbuilder==4.5.3->apache-airflow-providers-fab>=1.0.2->apache-airflow==2.11.0)
2026-09-15T22:59:52.2366795Z #9 18.16   Downloading Flask_SQLAlchemy-2.5.1-py2.py3-none-any.whl.metadata (3.1 kB)
2026-09-15T22:59:52.2367956Z #9 18.21 Collecting Flask-JWT-Extended<5.0.0,>=4.0.0 (from flask-appbuilder==4.5.3->apache-airflow-providers-fab>=1.0.2->apache-airflow==2.11.0)
2026-09-15T22:59:52.2368732Z #9 18.25   Downloading Flask_JWT_Extended-4.7.1-py2.py3-none-any.whl.metadata (3.8 kB)
2026-09-15T22:59:52.3536551Z #9 18.33 Collecting marshmallow<4,>=3.18.0 (from flask-appbuilder==4.5.3->apache-airflow-providers-fab>=1.0.2->apache-airflow==2.11.0)
2026-09-15T22:59:52.3537558Z #9 18.37   Downloading marshmallow-3.26.1-py3-none-any.whl.metadata (7.3 kB)
2026-09-15T22:59:52.4788684Z #9 18.41 Collecting marshmallow-sqlalchemy<0.29.0,>=0.22.0 (from flask-appbuilder==4.5.3->apache-airflow-providers-fab>=1.0.2->apache-airflow==2.11.0)
2026-09-15T22:59:52.4789662Z #9 18.45   Downloading marshmallow_sqlalchemy-0.28.2-py2.py3-none-any.whl.metadata (6.8 kB)
2026-09-15T22:59:52.4790429Z #9 18.49 Collecting prison<1.0.0,>=0.2.1 (from flask-appbuilder==4.5.3->apache-airflow-providers-fab>=1.0.2->apache-airflow==2.11.0)
2026-09-15T22:59:52.5889184Z #9 18.53   Downloading prison-0.2.1-py2.py3-none-any.whl.metadata (973 bytes)
2026-09-15T22:59:52.5890916Z #9 18.60 Collecting sqlalchemy-utils<1,>=0.32.21 (from flask-appbuilder==4.5.3->apache-airflow-providers-fab>=1.0.2->apache-airflow==2.11.0)
2026-09-15T22:59:52.7041303Z #9 18.64   Downloading SQLAlchemy_Utils-0.41.2-py3-none-any.whl.metadata (4.2 kB)
2026-09-15T22:59:52.7042659Z #9 18.68 Collecting WTForms<4 (from flask-appbuilder==4.5.3->apache-airflow-providers-fab>=1.0.2->apache-airflow==2.11.0)
2026-09-15T22:59:52.7043777Z #9 18.72   Downloading wtforms-3.2.1-py3-none-any.whl.metadata (5.3 kB)
2026-09-15T22:59:52.8320733Z #9 18.84 Collecting clickclick<21,>=1.2 (from connexion<3.0,>=2.14.2->connexion[flask]<3.0,>=2.14.2->apache-airflow==2.11.0)
2026-09-15T22:59:52.9391578Z #9 18.88   Downloading clickclick-20.10.2-py2.py3-none-any.whl.metadata (7.6 kB)
2026-09-15T22:59:52.9392347Z #9 18.95 Collecting PyYAML<7,>=5.1 (from connexion<3.0,>=2.14.2->connexion[flask]<3.0,>=2.14.2->apache-airflow==2.11.0)
2026-09-15T22:59:53.0568930Z #9 18.99   Downloading PyYAML-6.0.2-cp311-cp311-manylinux_2_17_x86_64.manylinux2014_x86_64.whl.metadata (2.1 kB)
2026-09-15T22:59:53.0570097Z #9 19.03 Collecting inflection<0.6,>=0.3.1 (from connexion<3.0,>=2.14.2->connexion[flask]<3.0,>=2.14.2->apache-airflow==2.11.0)
2026-09-15T22:59:53.0570964Z #9 19.07   Downloading inflection-0.5.1-py2.py3-none-any.whl.metadata (1.7 kB)
2026-09-15T22:59:53.1646720Z #9 19.18 Collecting pytz>2021.1 (from croniter>=2.0.2->apache-airflow==2.11.0)
2026-09-15T22:59:53.3519736Z #9 19.21   Downloading pytz-2025.2-py2.py3-none-any.whl.metadata (22 kB)
2026-09-15T22:59:53.4426966Z #9 19.46 Collecting cffi>=1.12 (from cryptography>=41.0.0->apache-airflow==2.11.0)
2026-09-15T22:59:53.6298350Z #9 19.49   Downloading cffi-1.17.1-cp311-cp311-manylinux_2_17_x86_64.manylinux2014_x86_64.whl.metadata (1.5 kB)
2026-09-15T22:59:53.8235195Z #9 19.84 Collecting wrapt<2,>=1.10 (from deprecated>=1.2.13->apache-airflow==2.11.0)
2026-09-15T22:59:53.9251454Z #9 19.87   Downloading wrapt-1.17.2-cp311-cp311-manylinux_2_5_x86_64.manylinux1_x86_64.manylinux_2_17_x86_64.manylinux2014_x86_64.whl.metadata (6.4 kB)
2026-09-15T22:59:53.9252307Z #9 19.94 Collecting cachelib>=0.9.0 (from flask-caching>=2.0.0->apache-airflow==2.11.0)
2026-09-15T22:59:54.0885233Z #9 19.97   Downloading cachelib-0.13.0-py3-none-any.whl.metadata (2.0 kB)
2026-09-15T22:59:54.0886140Z #9 20.10 Collecting anyio (from httpx>=0.25.0->apache-airflow==2.11.0)
2026-09-15T22:59:54.1912587Z #9 20.16   Downloading anyio-4.9.0-py3-none-any.whl.metadata (4.7 kB)
2026-09-15T22:59:54.1913428Z #9 20.20 Collecting certifi (from httpx>=0.25.0->apache-airflow==2.11.0)
2026-09-15T22:59:54.3128187Z #9 20.24   Downloading certifi-2025.4.26-py3-none-any.whl.metadata (2.5 kB)
2026-09-15T22:59:54.3129219Z #9 20.29 Collecting httpcore==1.* (from httpx>=0.25.0->apache-airflow==2.11.0)
2026-09-15T22:59:54.3129765Z #9 20.33   Downloading httpcore-1.0.9-py3-none-any.whl.metadata (21 kB)
2026-09-15T22:59:54.4325228Z #9 20.37 Collecting idna (from httpx>=0.25.0->apache-airflow==2.11.0)
2026-09-15T22:59:54.4326026Z #9 20.41   Downloading idna-3.10-py3-none-any.whl.metadata (10 kB)
2026-09-15T22:59:54.4326965Z #9 20.45 Collecting sniffio (from httpx>=0.25.0->apache-airflow==2.11.0)
2026-09-15T22:59:54.5522994Z #9 20.48   Downloading sniffio-1.3.1-py3-none-any.whl.metadata (3.9 kB)
2026-09-15T22:59:54.5523896Z #9 20.53 Collecting h11>=0.16 (from httpcore==1.*->httpx>=0.25.0->apache-airflow==2.11.0)
2026-09-15T22:59:54.5524691Z #9 20.57   Downloading h11-0.16.0-py3-none-any.whl.metadata (8.3 kB)
2026-09-15T22:59:54.6560125Z #9 20.63 Collecting zipp>=0.5 (from importlib_metadata>=6.5->apache-airflow==2.11.0)
2026-09-15T22:59:54.6560781Z #9 20.67   Downloading zipp-3.21.0-py3-none-any.whl.metadata (3.7 kB)
2026-09-15T22:59:54.7639900Z #9 20.74 Collecting jsonschema-specifications>=2023.03.6 (from jsonschema>=4.18.0->apache-airflow==2.11.0)
2026-09-15T22:59:54.7640665Z #9 20.78   Downloading jsonschema_specifications-2025.4.1-py3-none-any.whl.metadata (2.9 kB)
2026-09-15T22:59:55.0068276Z #9 20.83 Collecting referencing>=0.28.4 (from jsonschema>=4.18.0->apache-airflow==2.11.0)
2026-09-15T22:59:55.0068934Z #9 20.87   Downloading referencing-0.36.2-py3-none-any.whl.metadata (2.8 kB)
2026-09-15T22:59:55.2814070Z #9 21.29 Collecting rpds-py>=0.7.1 (from jsonschema>=4.18.0->apache-airflow==2.11.0)
2026-09-15T22:59:55.4114176Z #9 21.33   Downloading rpds_py-0.25.0-cp311-cp311-manylinux_2_17_x86_64.manylinux2014_x86_64.whl.metadata (4.1 kB)
2026-09-15T22:59:55.4115290Z #9 21.39 Collecting uc-micro-py (from linkify-it-py>=2.0.0->apache-airflow==2.11.0)
2026-09-15T22:59:55.4116143Z #9 21.42   Downloading uc_micro_py-1.0.3-py3-none-any.whl.metadata (2.0 kB)
2026-09-15T22:59:55.5891282Z #9 21.48 Collecting mdurl~=0.1 (from markdown-it-py>=2.1.0->apache-airflow==2.11.0)
2026-09-15T22:59:55.5891887Z #9 21.52   Downloading mdurl-0.1.2-py3-none-any.whl.metadata (1.6 kB)
2026-09-15T22:59:55.5892402Z #9 21.60 Collecting wirerope>=0.4.7 (from methodtools>=0.4.7->apache-airflow==2.11.0)
2026-09-15T22:59:55.7003063Z #9 21.64   Downloading wirerope-1.0.0-py2.py3-none-any.whl.metadata (3.3 kB)
2026-09-15T22:59:55.7003914Z #9 21.71 Collecting opentelemetry-exporter-otlp-proto-grpc==1.27.0 (from opentelemetry-exporter-otlp>=1.24.0->apache-airflow==2.11.0)
2026-09-15T22:59:55.8225216Z #9 21.75   Downloading opentelemetry_exporter_otlp_proto_grpc-1.27.0-py3-none-any.whl.metadata (2.3 kB)
2026-09-15T22:59:55.8226122Z #9 21.80 Collecting opentelemetry-exporter-otlp-proto-http==1.27.0 (from opentelemetry-exporter-otlp>=1.24.0->apache-airflow==2.11.0)
2026-09-15T22:59:55.8226978Z #9 21.84   Downloading opentelemetry_exporter_otlp_proto_http-1.27.0-py3-none-any.whl.metadata (2.3 kB)
2026-09-15T22:59:56.0693793Z #9 21.90 Collecting googleapis-common-protos~=1.52 (from opentelemetry-exporter-otlp-proto-grpc==1.27.0->opentelemetry-exporter-otlp>=1.24.0->apache-airflow==2.11.0)
2026-09-15T22:59:56.0695392Z #9 21.93   Downloading googleapis_common_protos-1.70.0-py3-none-any.whl.metadata (9.3 kB)
2026-09-15T22:59:56.5881901Z #9 22.60 Collecting grpcio<2.0.0,>=1.0.0 (from opentelemetry-exporter-otlp-proto-grpc==1.27.0->opentelemetry-exporter-otlp>=1.24.0->apache-airflow==2.11.0)
2026-09-15T22:59:56.7125654Z #9 22.64   Downloading grpcio-1.71.0-cp311-cp311-manylinux_2_17_x86_64.manylinux2014_x86_64.whl.metadata (3.8 kB)
2026-09-15T22:59:56.7126983Z #9 22.69 Collecting opentelemetry-exporter-otlp-proto-common==1.27.0 (from opentelemetry-exporter-otlp-proto-grpc==1.27.0->opentelemetry-exporter-otlp>=1.24.0->apache-airflow==2.11.0)
2026-09-15T22:59:56.7128314Z #9 22.73   Downloading opentelemetry_exporter_otlp_proto_common-1.27.0-py3-none-any.whl.metadata (1.8 kB)
2026-09-15T22:59:56.8605183Z #9 22.78 Collecting opentelemetry-proto==1.27.0 (from opentelemetry-exporter-otlp-proto-grpc==1.27.0->opentelemetry-exporter-otlp>=1.24.0->apache-airflow==2.11.0)
2026-09-15T22:59:56.8606271Z #9 22.81   Downloading opentelemetry_proto-1.27.0-py3-none-any.whl.metadata (2.3 kB)
2026-09-15T22:59:56.8607177Z #9 22.87 Collecting opentelemetry-sdk~=1.27.0 (from opentelemetry-exporter-otlp-proto-grpc==1.27.0->opentelemetry-exporter-otlp>=1.24.0->apache-airflow==2.11.0)
2026-09-15T22:59:57.0479940Z #9 22.91   Downloading opentelemetry_sdk-1.27.0-py3-none-any.whl.metadata (1.5 kB)
2026-09-15T22:59:57.1196492Z #9 23.13 Collecting protobuf<5.0,>=3.19 (from opentelemetry-proto==1.27.0->opentelemetry-exporter-otlp-proto-grpc==1.27.0->opentelemetry-exporter-otlp>=1.24.0->apache-airflow==2.11.0)
2026-09-15T22:59:57.2305607Z #9 23.18   Downloading protobuf-4.25.7-cp37-abi3-manylinux2014_x86_64.whl.metadata (541 bytes)
2026-09-15T22:59:57.2306373Z #9 23.24 Collecting tzdata>=2020.1 (from pendulum<4.0,>=2.1.2->apache-airflow==2.11.0)
2026-09-15T22:59:57.3794247Z #9 23.28   Downloading tzdata-2025.2-py2.py3-none-any.whl.metadata (1.4 kB)
2026-09-15T22:59:57.3794970Z #9 23.39 Collecting six>=1.5 (from python-dateutil>=2.7.0->apache-airflow==2.11.0)
2026-09-15T22:59:57.5114057Z #9 23.43   Downloading six-1.17.0-py2.py3-none-any.whl.metadata (1.7 kB)
2026-09-15T22:59:57.5115157Z #9 23.49 Collecting text-unidecode>=1.3 (from python-slugify>=5.0->apache-airflow==2.11.0)
2026-09-15T22:59:57.5115774Z #9 23.52   Downloading text_unidecode-1.3-py2.py3-none-any.whl.metadata (2.4 kB)
2026-09-15T22:59:57.6753618Z #9 23.69 Collecting charset-normalizer<4,>=2 (from requests<3,>=2.27.0->apache-airflow==2.11.0)
2026-09-15T22:59:57.7822641Z #9 23.73   Downloading charset_normalizer-3.4.2-cp311-cp311-manylinux_2_17_x86_64.manylinux2014_x86_64.whl.metadata (35 kB)
2026-09-15T22:59:57.7823451Z #9 23.79 Collecting urllib3<3,>=1.21.1 (from requests<3,>=2.27.0->apache-airflow==2.11.0)
2026-09-15T22:59:57.9691825Z #9 23.83   Downloading urllib3-2.4.0-py3-none-any.whl.metadata (6.5 kB)
2026-09-15T22:59:58.1171706Z #9 24.13 Collecting greenlet!=0.4.17 (from sqlalchemy<2.0,>=1.4.36->apache-airflow==2.11.0)
2026-09-15T22:59:58.3007711Z #9 24.17   Downloading greenlet-3.2.2-cp311-cp311-manylinux_2_24_x86_64.manylinux_2_28_x86_64.whl.metadata (4.1 kB)
2026-09-15T22:59:58.3008587Z #9 24.31 Collecting sqlparse>=0.5.1 (from apache-airflow-providers-common-sql->apache-airflow==2.11.0)
2026-09-15T22:59:58.4208924Z #9 24.35   Downloading sqlparse-0.5.3-py3-none-any.whl.metadata (3.9 kB)
2026-09-15T22:59:58.4209631Z #9 24.40 Collecting more-itertools>=9.0.0 (from apache-airflow-providers-common-sql->apache-airflow==2.11.0)
2026-09-15T22:59:58.4210311Z #9 24.43   Downloading more_itertools-10.7.0-py3-none-any.whl.metadata (37 kB)
2026-09-15T22:59:59.1610073Z #9 25.17 Collecting aiohttp!=3.11.0,>=3.9.2 (from apache-airflow-providers-http->apache-airflow==2.11.0)
2026-09-15T22:59:59.3085028Z #9 25.21   Downloading aiohttp-3.11.18-cp311-cp311-manylinux_2_17_x86_64.manylinux2014_x86_64.whl.metadata (7.7 kB)
2026-09-15T22:59:59.3086480Z #9 25.32 Collecting aiohappyeyeballs>=2.3.0 (from aiohttp!=3.11.0,>=3.9.2->apache-airflow-providers-http->apache-airflow==2.11.0)
2026-09-15T22:59:59.4211019Z #9 25.36   Downloading aiohappyeyeballs-2.6.1-py3-none-any.whl.metadata (5.9 kB)
2026-09-15T22:59:59.4211829Z #9 25.40 Collecting aiosignal>=1.1.2 (from aiohttp!=3.11.0,>=3.9.2->apache-airflow-providers-http->apache-airflow==2.11.0)
2026-09-15T22:59:59.4212493Z #9 25.43   Downloading aiosignal-1.3.2-py2.py3-none-any.whl.metadata (3.8 kB)
2026-09-15T22:59:59.5546383Z #9 25.53 Collecting frozenlist>=1.1.1 (from aiohttp!=3.11.0,>=3.9.2->apache-airflow-providers-http->apache-airflow==2.11.0)
2026-09-15T22:59:59.5547626Z #9 25.57   Downloading frozenlist-1.6.0-cp311-cp311-manylinux_2_5_x86_64.manylinux1_x86_64.manylinux_2_17_x86_64.manylinux2014_x86_64.whl.metadata (16 kB)
2026-09-15T22:59:59.8116668Z #9 25.82 Collecting multidict<7.0,>=4.5 (from aiohttp!=3.11.0,>=3.9.2->apache-airflow-providers-http->apache-airflow==2.11.0)
2026-09-15T22:59:59.9410241Z #9 25.86   Downloading multidict-6.4.4-cp311-cp311-manylinux_2_17_x86_64.manylinux2014_x86_64.whl.metadata (5.3 kB)
2026-09-15T22:59:59.9411104Z #9 25.95 Collecting propcache>=0.2.0 (from aiohttp!=3.11.0,>=3.9.2->apache-airflow-providers-http->apache-airflow==2.11.0)
2026-09-15T23:00:00.1323300Z #9 25.99   Downloading propcache-0.3.1-cp311-cp311-manylinux_2_17_x86_64.manylinux2014_x86_64.whl.metadata (10 kB)
2026-09-15T23:00:00.4894121Z #9 26.50 Collecting yarl<2.0,>=1.17.0 (from aiohttp!=3.11.0,>=3.9.2->apache-airflow-providers-http->apache-airflow==2.11.0)
2026-09-15T23:00:00.6130914Z #9 26.54   Downloading yarl-1.20.0-cp311-cp311-manylinux_2_17_x86_64.manylinux2014_x86_64.whl.metadata (72 kB)
2026-09-15T23:00:00.6132309Z #9 26.55      ━━━━━━━━━━━━━━━━━━━━━━━━━━━━━━━━━━━━━━━━ 72.4/72.4 kB 21.0 MB/s eta 0:00:00
2026-09-15T23:00:00.6133409Z #9 26.63 Collecting pycparser (from cffi>=1.12->cryptography>=41.0.0->apache-airflow==2.11.0)
2026-09-15T23:00:00.8001261Z #9 26.66   Downloading pycparser-2.22-py3-none-any.whl.metadata (943 bytes)
2026-09-15T23:00:01.2867749Z #9 27.30 Collecting dnspython>=2.0.0 (from email-validator>=1.0.5->flask-appbuilder==4.5.3->apache-airflow-providers-fab>=1.0.2->apache-airflow==2.11.0)
2026-09-15T23:00:01.3932863Z #9 27.34   Downloading dnspython-2.7.0-py3-none-any.whl.metadata (5.8 kB)
2026-09-15T23:00:01.3934570Z #9 27.41 Collecting Babel>=2.3 (from Flask-Babel<3,>=1->flask-appbuilder==4.5.3->apache-airflow-providers-fab>=1.0.2->apache-airflow==2.11.0)
2026-09-15T23:00:01.5350124Z #9 27.44   Downloading babel-2.17.0-py3-none-any.whl.metadata (2.0 kB)
2026-09-15T23:00:01.5351375Z #9 27.55 Collecting limits>=3.13 (from Flask-Limiter<4,>3->flask-appbuilder==4.5.3->apache-airflow-providers-fab>=1.0.2->apache-airflow==2.11.0)
2026-09-15T23:00:01.6505646Z #9 27.59   Downloading limits-5.2.0-py3-none-any.whl.metadata (10 kB)
2026-09-15T23:00:01.6506911Z #9 27.63 Collecting ordered-set<5,>4 (from Flask-Limiter<4,>3->flask-appbuilder==4.5.3->apache-airflow-providers-fab>=1.0.2->apache-airflow==2.11.0)
2026-09-15T23:00:01.6508397Z #9 27.66   Downloading ordered_set-4.1.0-py3-none-any.whl.metadata (5.3 kB)
2026-09-15T23:00:01.9399303Z #9 27.95 Collecting opentelemetry-semantic-conventions==0.48b0 (from opentelemetry-sdk~=1.27.0->opentelemetry-exporter-otlp-proto-grpc==1.27.0->opentelemetry-exporter-otlp>=1.24.0->apache-airflow==2.11.0)
2026-09-15T23:00:02.1272929Z #9 27.99   Downloading opentelemetry_semantic_conventions-0.48b0-py3-none-any.whl.metadata (2.4 kB)
2026-09-15T23:00:02.3118947Z #9 28.32 Downloading apache_airflow-2.11.0-py3-none-any.whl (13.5 MB)
2026-09-15T23:00:02.7851046Z #9 28.68    ━━━━━━━━━━━━━━━━━━━━━━━━━━━━━━━━━━━━━━━━ 13.5/13.5 MB 74.5 MB/s eta 0:00:00
2026-09-15T23:00:02.7851664Z #9 28.72 Downloading alembic-1.15.2-py3-none-any.whl (231 kB)
2026-09-15T23:00:02.7852356Z #9 28.72    ━━━━━━━━━━━━━━━━━━━━━━━━━━━━━━━━━━━━━━━ 231.9/231.9 kB 292.6 MB/s eta 0:00:00
2026-09-15T23:00:02.7853020Z #9 28.75 Downloading apache_airflow_providers_fab-1.5.3-py3-none-any.whl (98 kB)
2026-09-15T23:00:02.7854015Z #9 28.76    ━━━━━━━━━━━━━━━━━━━━━━━━━━━━━━━━━━━━━━━━ 98.1/98.1 kB 329.6 MB/s eta 0:00:00
2026-09-15T23:00:02.7854671Z #9 28.80 Downloading Flask_AppBuilder-4.5.3-py3-none-any.whl (2.2 MB)
2026-09-15T23:00:02.9078547Z #9 28.81    ━━━━━━━━━━━━━━━━━━━━━━━━━━━━━━━━━━━━━━━━ 2.2/2.2 MB 347.0 MB/s eta 0:00:00
2026-09-15T23:00:02.9079452Z #9 28.84 Downloading apache_airflow_providers_common_compat-1.7.0-py3-none-any.whl (30 kB)
2026-09-15T23:00:02.9080418Z #9 28.88 Downloading argcomplete-3.6.2-py3-none-any.whl (43 kB)
2026-09-15T23:00:02.9081451Z #9 28.88    ━━━━━━━━━━━━━━━━━━━━━━━━━━━━━━━━━━━━━━━━ 43.7/43.7 kB 272.6 MB/s eta 0:00:00
2026-09-15T23:00:02.9082146Z #9 28.92 Downloading asgiref-3.8.1-py3-none-any.whl (23 kB)
2026-09-15T23:00:03.0198844Z #9 28.96 Downloading attrs-25.3.0-py3-none-any.whl (63 kB)
2026-09-15T23:00:03.0199827Z #9 28.96    ━━━━━━━━━━━━━━━━━━━━━━━━━━━━━━━━━━━━━━━━ 63.8/63.8 kB 306.8 MB/s eta 0:00:00
2026-09-15T23:00:03.0200341Z #9 29.00 Downloading blinker-1.9.0-py3-none-any.whl (8.5 kB)
2026-09-15T23:00:03.0200742Z #9 29.03 Downloading colorlog-6.9.0-py3-none-any.whl (11 kB)
2026-09-15T23:00:03.1326014Z #9 29.07 Downloading ConfigUpdater-3.2-py2.py3-none-any.whl (34 kB)
2026-09-15T23:00:03.1326796Z #9 29.11 Downloading connexion-2.14.2-py2.py3-none-any.whl (95 kB)
2026-09-15T23:00:03.1327932Z #9 29.11    ━━━━━━━━━━━━━━━━━━━━━━━━━━━━━━━━━━━━━━━━ 95.1/95.1 kB 293.0 MB/s eta 0:00:00
2026-09-15T23:00:03.1328650Z #9 29.15 Downloading cron_descriptor-1.4.5-py3-none-any.whl (50 kB)
2026-09-15T23:00:03.2617626Z #9 29.15    ━━━━━━━━━━━━━━━━━━━━━━━━━━━━━━━━━━━━━━━━ 50.4/50.4 kB 181.7 MB/s eta 0:00:00
2026-09-15T23:00:03.2618222Z #9 29.18 Downloading croniter-6.0.0-py2.py3-none-any.whl (25 kB)
2026-09-15T23:00:03.2618752Z #9 29.22 Downloading cryptography-42.0.8-cp39-abi3-manylinux_2_28_x86_64.whl (3.9 MB)
2026-09-15T23:00:03.2619374Z #9 29.24    ━━━━━━━━━━━━━━━━━━━━━━━━━━━━━━━━━━━━━━━━ 3.9/3.9 MB 284.9 MB/s eta 0:00:00
2026-09-15T23:00:03.2619882Z #9 29.27 Downloading Deprecated-1.2.18-py2.py3-none-any.whl (10.0 kB)
2026-09-15T23:00:03.3755166Z #9 29.31 Downloading Flask-2.2.5-py3-none-any.whl (101 kB)
2026-09-15T23:00:03.3756162Z #9 29.31    ━━━━━━━━━━━━━━━━━━━━━━━━━━━━━━━━━━━━━━━ 101.8/101.8 kB 296.2 MB/s eta 0:00:00
2026-09-15T23:00:03.3756643Z #9 29.35 Downloading Flask_Caching-2.3.1-py3-none-any.whl (28 kB)
2026-09-15T23:00:03.3757635Z #9 29.39 Downloading flask_session-0.5.0-py3-none-any.whl (7.2 kB)
2026-09-15T23:00:03.4889119Z #9 29.43 Downloading flask_wtf-1.2.2-py3-none-any.whl (12 kB)
2026-09-15T23:00:03.4889990Z #9 29.46 Downloading fsspec-2025.3.2-py3-none-any.whl (194 kB)
2026-09-15T23:00:03.4891088Z #9 29.46    ━━━━━━━━━━━━━━━━━━━━━━━━━━━━━━━━━━━━━━━ 194.4/194.4 kB 342.1 MB/s eta 0:00:00
2026-09-15T23:00:03.4892171Z #9 29.50 Downloading google_re2-1.1.20240702-1-cp311-cp311-manylinux_2_24_x86_64.manylinux_2_28_x86_64.whl (548 kB)
2026-09-15T23:00:03.6075213Z #9 29.51    ━━━━━━━━━━━━━━━━━━━━━━━━━━━━━━━━━━━━━━━ 548.4/548.4 kB 334.0 MB/s eta 0:00:00
2026-09-15T23:00:03.6076048Z #9 29.54 Downloading gunicorn-23.0.0-py3-none-any.whl (85 kB)
2026-09-15T23:00:03.6076892Z #9 29.54    ━━━━━━━━━━━━━━━━━━━━━━━━━━━━━━━━━━━━━━━━ 85.0/85.0 kB 322.6 MB/s eta 0:00:00
2026-09-15T23:00:03.6077780Z #9 29.58 Downloading httpx-0.27.0-py3-none-any.whl (75 kB)
2026-09-15T23:00:03.6078611Z #9 29.58    ━━━━━━━━━━━━━━━━━━━━━━━━━━━━━━━━━━━━━━━━ 75.6/75.6 kB 318.5 MB/s eta 0:00:00
2026-09-15T23:00:03.6079278Z #9 29.62 Downloading httpcore-1.0.9-py3-none-any.whl (78 kB)
2026-09-15T23:00:03.7198348Z #9 29.62    ━━━━━━━━━━━━━━━━━━━━━━━━━━━━━━━━━━━━━━━━ 78.8/78.8 kB 206.9 MB/s eta 0:00:00
2026-09-15T23:00:03.7199197Z #9 29.66 Downloading importlib_metadata-6.11.0-py3-none-any.whl (23 kB)
2026-09-15T23:00:03.7200111Z #9 29.70 Downloading itsdangerous-2.2.0-py3-none-any.whl (16 kB)
2026-09-15T23:00:03.7200862Z #9 29.73 Downloading jinja2-3.1.6-py3-none-any.whl (134 kB)
2026-09-15T23:00:03.8341500Z #9 29.74    ━━━━━━━━━━━━━━━━━━━━━━━━━━━━━━━━━━━━━━━ 134.9/134.9 kB 256.8 MB/s eta 0:00:00
2026-09-15T23:00:03.8342716Z #9 29.77 Downloading jsonschema-4.23.0-py3-none-any.whl (88 kB)
2026-09-15T23:00:03.8343612Z #9 29.77    ━━━━━━━━━━━━━━━━━━━━━━━━━━━━━━━━━━━━━━━━ 88.5/88.5 kB 323.2 MB/s eta 0:00:00
2026-09-15T23:00:03.8344355Z #9 29.81 Downloading lazy_object_proxy-1.11.0-py3-none-any.whl (16 kB)
2026-09-15T23:00:03.8345059Z #9 29.85 Downloading linkify_it_py-2.0.3-py3-none-any.whl (19 kB)
2026-09-15T23:00:03.9466632Z #9 29.88 Downloading lockfile-0.12.2-py2.py3-none-any.whl (13 kB)
2026-09-15T23:00:03.9467668Z #9 29.92 Downloading markdown_it_py-3.0.0-py3-none-any.whl (87 kB)
2026-09-15T23:00:03.9468820Z #9 29.92    ━━━━━━━━━━━━━━━━━━━━━━━━━━━━━━━━━━━━━━━━ 87.5/87.5 kB 267.9 MB/s eta 0:00:00
2026-09-15T23:00:03.9469803Z #9 29.96 Downloading MarkupSafe-3.0.2-cp311-cp311-manylinux_2_17_x86_64.manylinux2014_x86_64.whl (23 kB)
2026-09-15T23:00:04.0589033Z #9 30.00 Downloading marshmallow_oneofschema-3.2.0-py3-none-any.whl (5.9 kB)
2026-09-15T23:00:04.0589990Z #9 30.03 Downloading mdit_py_plugins-0.4.2-py3-none-any.whl (55 kB)
2026-09-15T23:00:04.0591145Z #9 30.04    ━━━━━━━━━━━━━━━━━━━━━━━━━━━━━━━━━━━━━━━━ 55.3/55.3 kB 255.1 MB/s eta 0:00:00
2026-09-15T23:00:04.0591933Z #9 30.07 Downloading methodtools-0.4.7-py2.py3-none-any.whl (4.0 kB)
2026-09-15T23:00:04.1711619Z #9 30.11 Downloading opentelemetry_api-1.27.0-py3-none-any.whl (63 kB)
2026-09-15T23:00:04.1713238Z #9 30.11    ━━━━━━━━━━━━━━━━━━━━━━━━━━━━━━━━━━━━━━━━ 64.0/64.0 kB 308.7 MB/s eta 0:00:00
2026-09-15T23:00:04.1714121Z #9 30.15 Downloading opentelemetry_exporter_otlp-1.27.0-py3-none-any.whl (7.0 kB)
2026-09-15T23:00:04.1715064Z #9 30.18 Downloading opentelemetry_exporter_otlp_proto_grpc-1.27.0-py3-none-any.whl (18 kB)
2026-09-15T23:00:04.2813953Z #9 30.22 Downloading opentelemetry_exporter_otlp_proto_http-1.27.0-py3-none-any.whl (17 kB)
2026-09-15T23:00:04.2815126Z #9 30.26 Downloading opentelemetry_exporter_otlp_proto_common-1.27.0-py3-none-any.whl (17 kB)
2026-09-15T23:00:04.2816234Z #9 30.29 Downloading opentelemetry_proto-1.27.0-py3-none-any.whl (52 kB)
2026-09-15T23:00:04.3954714Z #9 30.30    ━━━━━━━━━━━━━━━━━━━━━━━━━━━━━━━━━━━━━━━━ 52.5/52.5 kB 248.4 MB/s eta 0:00:00
2026-09-15T23:00:04.3955249Z #9 30.33 Downloading packaging-25.0-py3-none-any.whl (66 kB)
2026-09-15T23:00:04.3955789Z #9 30.33    ━━━━━━━━━━━━━━━━━━━━━━━━━━━━━━━━━━━━━━━━ 66.5/66.5 kB 303.1 MB/s eta 0:00:00
2026-09-15T23:00:04.3956287Z #9 30.37 Downloading pathspec-0.12.1-py3-none-any.whl (31 kB)
2026-09-15T23:00:04.3956852Z #9 30.41 Downloading pendulum-3.1.0-cp311-cp311-manylinux_2_17_x86_64.manylinux2014_x86_64.whl (353 kB)
2026-09-15T23:00:04.5123730Z #9 30.41    ━━━━━━━━━━━━━━━━━━━━━━━━━━━━━━━━━━━━━━━ 353.7/353.7 kB 230.1 MB/s eta 0:00:00
2026-09-15T23:00:04.5124305Z #9 30.45 Downloading pluggy-1.6.0-py3-none-any.whl (20 kB)
2026-09-15T23:00:04.5124986Z #9 30.49 Downloading psutil-7.0.0-cp36-abi3-manylinux_2_12_x86_64.manylinux2010_x86_64.manylinux_2_17_x86_64.manylinux2014_x86_64.whl (277 kB)
2026-09-15T23:00:04.5125760Z #9 30.49    ━━━━━━━━━━━━━━━━━━━━━━━━━━━━━━━━━━━━━━━ 278.0/278.0 kB 355.1 MB/s eta 0:00:00
2026-09-15T23:00:04.5126514Z #9 30.53 Downloading pygments-2.19.1-py3-none-any.whl (1.2 MB)
2026-09-15T23:00:04.6274692Z #9 30.53    ━━━━━━━━━━━━━━━━━━━━━━━━━━━━━━━━━━━━━━━━ 1.2/1.2 MB 328.4 MB/s eta 0:00:00
2026-09-15T23:00:04.6275238Z #9 30.57 Downloading PyJWT-2.10.1-py3-none-any.whl (22 kB)
2026-09-15T23:00:04.6275721Z #9 30.60 Downloading python_daemon-3.1.2-py3-none-any.whl (30 kB)
2026-09-15T23:00:04.6276205Z #9 30.64 Downloading python_dateutil-2.9.0.post0-py2.py3-none-any.whl (229 kB)
2026-09-15T23:00:04.7418632Z #9 30.64    ━━━━━━━━━━━━━━━━━━━━━━━━━━━━━━━━━━━━━━━ 229.9/229.9 kB 345.1 MB/s eta 0:00:00
2026-09-15T23:00:04.7419452Z #9 30.68 Downloading python_slugify-8.0.4-py2.py3-none-any.whl (10 kB)
2026-09-15T23:00:04.7420176Z #9 30.72 Downloading requests-2.32.3-py3-none-any.whl (64 kB)
2026-09-15T23:00:04.7420975Z #9 30.72    ━━━━━━━━━━━━━━━━━━━━━━━━━━━━━━━━━━━━━━━━ 64.9/64.9 kB 312.7 MB/s eta 0:00:00
2026-09-15T23:00:04.7421759Z #9 30.75 Downloading requests_toolbelt-1.0.0-py2.py3-none-any.whl (54 kB)
2026-09-15T23:00:04.8563677Z #9 30.76    ━━━━━━━━━━━━━━━━━━━━━━━━━━━━━━━━━━━━━━━━ 54.5/54.5 kB 285.3 MB/s eta 0:00:00
2026-09-15T23:00:04.8564260Z #9 30.79 Downloading rfc3339_validator-0.1.4-py2.py3-none-any.whl (3.5 kB)
2026-09-15T23:00:04.8564735Z #9 30.83 Downloading rich-13.9.4-py3-none-any.whl (242 kB)
2026-09-15T23:00:04.8565552Z #9 30.83    ━━━━━━━━━━━━━━━━━━━━━━━━━━━━━━━━━━━━━━━ 242.4/242.4 kB 338.6 MB/s eta 0:00:00
2026-09-15T23:00:04.8566014Z #9 30.87 Downloading rich_argparse-1.7.0-py3-none-any.whl (25 kB)
2026-09-15T23:00:04.9741632Z #9 30.91 Downloading setproctitle-1.3.6-cp311-cp311-manylinux_2_5_x86_64.manylinux1_x86_64.manylinux_2_17_x86_64.manylinux2014_x86_64.whl (31 kB)
2026-09-15T23:00:04.9743369Z #9 30.94 Downloading SQLAlchemy-1.4.54-cp311-cp311-manylinux_2_5_x86_64.manylinux1_x86_64.manylinux_2_17_x86_64.manylinux2014_x86_64.whl (1.6 MB)
2026-09-15T23:00:04.9744921Z #9 30.95    ━━━━━━━━━━━━━━━━━━━━━━━━━━━━━━━━━━━━━━━━ 1.6/1.6 MB 364.9 MB/s eta 0:00:00
2026-09-15T23:00:04.9745757Z #9 30.99 Downloading SQLAlchemy_JSONField-1.0.2-py3-none-any.whl (10 kB)
2026-09-15T23:00:05.0842102Z #9 31.02 Downloading tabulate-0.9.0-py3-none-any.whl (35 kB)
2026-09-15T23:00:05.0842869Z #9 31.06 Downloading tenacity-9.1.2-py3-none-any.whl (28 kB)
2026-09-15T23:00:05.0843573Z #9 31.10 Downloading termcolor-3.1.0-py3-none-any.whl (7.7 kB)
2026-09-15T23:00:05.2002529Z #9 31.13 Downloading universal_pathlib-0.2.6-py3-none-any.whl (50 kB)
2026-09-15T23:00:05.2003530Z #9 31.14    ━━━━━━━━━━━━━━━━━━━━━━━━━━━━━━━━━━━━━━━━ 50.1/50.1 kB 283.9 MB/s eta 0:00:00
2026-09-15T23:00:05.2004011Z #9 31.17 Downloading Werkzeug-2.2.3-py3-none-any.whl (233 kB)
2026-09-15T23:00:05.2004529Z #9 31.18    ━━━━━━━━━━━━━━━━━━━━━━━━━━━━━━━━━━━━━━━ 233.6/233.6 kB 293.2 MB/s eta 0:00:00
2026-09-15T23:00:05.2005058Z #9 31.21 Downloading apache_airflow_providers_common_io-1.6.0-py3-none-any.whl (19 kB)
2026-09-15T23:00:05.3125946Z #9 31.25 Downloading apache_airflow_providers_common_sql-1.27.1-py3-none-any.whl (63 kB)
2026-09-15T23:00:05.3127952Z #9 31.25    ━━━━━━━━━━━━━━━━━━━━━━━━━━━━━━━━━━━━━━━━ 64.0/64.0 kB 309.2 MB/s eta 0:00:00
2026-09-15T23:00:05.3128812Z #9 31.29 Downloading apache_airflow_providers_ftp-3.13.0-py3-none-any.whl (18 kB)
2026-09-15T23:00:05.3129766Z #9 31.33 Downloading apache_airflow_providers_http-5.3.0-py3-none-any.whl (27 kB)
2026-09-15T23:00:05.4236595Z #9 31.36 Downloading apache_airflow_providers_imap-3.9.0-py3-none-any.whl (16 kB)
2026-09-15T23:00:05.4238092Z #9 31.40 Downloading apache_airflow_providers_smtp-2.1.0-py3-none-any.whl (21 kB)
2026-09-15T23:00:05.4239266Z #9 31.44 Downloading apache_airflow_providers_sqlite-4.1.0-py3-none-any.whl (11 kB)
2026-09-15T23:00:05.5408309Z #9 31.47 Downloading aiohttp-3.11.18-cp311-cp311-manylinux_2_17_x86_64.manylinux2014_x86_64.whl (1.7 MB)
2026-09-15T23:00:05.5409646Z #9 31.48    ━━━━━━━━━━━━━━━━━━━━━━━━━━━━━━━━━━━━━━━━ 1.7/1.7 MB 328.7 MB/s eta 0:00:00
2026-09-15T23:00:05.5410280Z #9 31.52 Downloading cachelib-0.13.0-py3-none-any.whl (20 kB)
2026-09-15T23:00:05.5410920Z #9 31.55 Downloading certifi-2025.4.26-py3-none-any.whl (159 kB)
2026-09-15T23:00:05.6600498Z #9 31.56    ━━━━━━━━━━━━━━━━━━━━━━━━━━━━━━━━━━━━━━━ 159.6/159.6 kB 355.2 MB/s eta 0:00:00
2026-09-15T23:00:05.6601493Z #9 31.59 Downloading cffi-1.17.1-cp311-cp311-manylinux_2_17_x86_64.manylinux2014_x86_64.whl (467 kB)
2026-09-15T23:00:05.6602614Z #9 31.60    ━━━━━━━━━━━━━━━━━━━━━━━━━━━━━━━━━━━━━━━ 467.2/467.2 kB 364.7 MB/s eta 0:00:00
2026-09-15T23:00:05.6603601Z #9 31.63 Downloading charset_normalizer-3.4.2-cp311-cp311-manylinux_2_17_x86_64.manylinux2014_x86_64.whl (147 kB)
2026-09-15T23:00:05.6604749Z #9 31.64    ━━━━━━━━━━━━━━━━━━━━━━━━━━━━━━━━━━━━━━━ 147.3/147.3 kB 352.3 MB/s eta 0:00:00
2026-09-15T23:00:05.6605428Z #9 31.67 Downloading click-8.2.0-py3-none-any.whl (102 kB)
2026-09-15T23:00:05.7734649Z #9 31.68    ━━━━━━━━━━━━━━━━━━━━━━━━━━━━━━━━━━━━━━━ 102.2/102.2 kB 240.5 MB/s eta 0:00:00
2026-09-15T23:00:05.7735496Z #9 31.71 Downloading clickclick-20.10.2-py2.py3-none-any.whl (7.4 kB)
2026-09-15T23:00:05.7736073Z #9 31.75 Downloading Flask_Login-0.6.3-py3-none-any.whl (17 kB)
2026-09-15T23:00:05.7736807Z #9 31.79 Downloading greenlet-3.2.2-cp311-cp311-manylinux_2_24_x86_64.manylinux_2_28_x86_64.whl (583 kB)
2026-09-15T23:00:05.8890277Z #9 31.79    ━━━━━━━━━━━━━━━━━━━━━━━━━━━━━━━━━━━━━━━ 583.9/583.9 kB 371.7 MB/s eta 0:00:00
2026-09-15T23:00:05.8891884Z #9 31.83 Downloading idna-3.10-py3-none-any.whl (70 kB)
2026-09-15T23:00:05.8892962Z #9 31.83    ━━━━━━━━━━━━━━━━━━━━━━━━━━━━━━━━━━━━━━━━ 70.4/70.4 kB 284.6 MB/s eta 0:00:00
2026-09-15T23:00:05.8893962Z #9 31.87 Downloading inflection-0.5.1-py2.py3-none-any.whl (9.5 kB)
2026-09-15T23:00:05.8894884Z #9 31.90 Downloading jmespath-0.10.0-py2.py3-none-any.whl (24 kB)
2026-09-15T23:00:06.0017167Z #9 31.94 Downloading jsonschema_specifications-2025.4.1-py3-none-any.whl (18 kB)
2026-09-15T23:00:06.0018360Z #9 31.98 Downloading marshmallow-3.26.1-py3-none-any.whl (50 kB)
2026-09-15T23:00:06.0019878Z #9 31.98    ━━━━━━━━━━━━━━━━━━━━━━━━━━━━━━━━━━━━━━━━ 50.9/50.9 kB 283.3 MB/s eta 0:00:00
2026-09-15T23:00:06.0020630Z #9 32.01 Downloading mdurl-0.1.2-py3-none-any.whl (10.0 kB)
2026-09-15T23:00:06.1180611Z #9 32.05 Downloading more_itertools-10.7.0-py3-none-any.whl (65 kB)
2026-09-15T23:00:06.1181528Z #9 32.05    ━━━━━━━━━━━━━━━━━━━━━━━━━━━━━━━━━━━━━━━━ 65.3/65.3 kB 303.6 MB/s eta 0:00:00
2026-09-15T23:00:06.1182053Z #9 32.09 Downloading pytz-2025.2-py2.py3-none-any.whl (509 kB)
2026-09-15T23:00:06.1182597Z #9 32.09    ━━━━━━━━━━━━━━━━━━━━━━━━━━━━━━━━━━━━━━━ 509.2/509.2 kB 370.8 MB/s eta 0:00:00
2026-09-15T23:00:06.1183163Z #9 32.13 Downloading PyYAML-6.0.2-cp311-cp311-manylinux_2_17_x86_64.manylinux2014_x86_64.whl (762 kB)
2026-09-15T23:00:06.2366675Z #9 32.13    ━━━━━━━━━━━━━━━━━━━━━━━━━━━━━━━━━━━━━━━ 763.0/763.0 kB 373.4 MB/s eta 0:00:00
2026-09-15T23:00:06.2367758Z #9 32.17 Downloading referencing-0.36.2-py3-none-any.whl (26 kB)
2026-09-15T23:00:06.2368860Z #9 32.21 Downloading rpds_py-0.25.0-cp311-cp311-manylinux_2_17_x86_64.manylinux2014_x86_64.whl (387 kB)
2026-09-15T23:00:06.2369878Z #9 32.21    ━━━━━━━━━━━━━━━━━━━━━━━━━━━━━━━━━━━━━━━ 387.1/387.1 kB 157.6 MB/s eta 0:00:00
2026-09-15T23:00:06.2370323Z #9 32.25 Downloading six-1.17.0-py2.py3-none-any.whl (11 kB)
2026-09-15T23:00:06.3525379Z #9 32.29 Downloading sqlparse-0.5.3-py3-none-any.whl (44 kB)
2026-09-15T23:00:06.3526484Z #9 32.29    ━━━━━━━━━━━━━━━━━━━━━━━━━━━━━━━━━━━━━━━━ 44.4/44.4 kB 225.7 MB/s eta 0:00:00
2026-09-15T23:00:06.3526984Z #9 32.33 Downloading text_unidecode-1.3-py2.py3-none-any.whl (78 kB)
2026-09-15T23:00:06.3527840Z #9 32.33    ━━━━━━━━━━━━━━━━━━━━━━━━━━━━━━━━━━━━━━━━ 78.2/78.2 kB 323.9 MB/s eta 0:00:00
2026-09-15T23:00:06.3528328Z #9 32.37 Downloading typing_extensions-4.13.2-py3-none-any.whl (45 kB)
2026-09-15T23:00:06.4703837Z #9 32.37    ━━━━━━━━━━━━━━━━━━━━━━━━━━━━━━━━━━━━━━━━ 45.8/45.8 kB 219.6 MB/s eta 0:00:00
2026-09-15T23:00:06.4704960Z #9 32.40 Downloading tzdata-2025.2-py2.py3-none-any.whl (347 kB)
2026-09-15T23:00:06.4706140Z #9 32.41    ━━━━━━━━━━━━━━━━━━━━━━━━━━━━━━━━━━━━━━━ 347.8/347.8 kB 365.4 MB/s eta 0:00:00
2026-09-15T23:00:06.4707187Z #9 32.44 Downloading urllib3-2.4.0-py3-none-any.whl (128 kB)
2026-09-15T23:00:06.4708425Z #9 32.45    ━━━━━━━━━━━━━━━━━━━━━━━━━━━━━━━━━━━━━━━ 128.7/128.7 kB 348.1 MB/s eta 0:00:00
2026-09-15T23:00:06.4708942Z #9 32.48 Downloading wirerope-1.0.0-py2.py3-none-any.whl (9.2 kB)
2026-09-15T23:00:06.5856789Z #9 32.52 Downloading wrapt-1.17.2-cp311-cp311-manylinux_2_5_x86_64.manylinux1_x86_64.manylinux_2_17_x86_64.manylinux2014_x86_64.whl (83 kB)
2026-09-15T23:00:06.5858404Z #9 32.52    ━━━━━━━━━━━━━━━━━━━━━━━━━━━━━━━━━━━━━━━━ 83.2/83.2 kB 290.3 MB/s eta 0:00:00
2026-09-15T23:00:06.5858889Z #9 32.56 Downloading wtforms-3.2.1-py3-none-any.whl (152 kB)
2026-09-15T23:00:06.5859418Z #9 32.56    ━━━━━━━━━━━━━━━━━━━━━━━━━━━━━━━━━━━━━━━ 152.5/152.5 kB 359.6 MB/s eta 0:00:00
2026-09-15T23:00:06.5859854Z #9 32.60 Downloading zipp-3.21.0-py3-none-any.whl (9.6 kB)
2026-09-15T23:00:06.6981177Z #9 32.64 Downloading anyio-4.9.0-py3-none-any.whl (100 kB)
2026-09-15T23:00:06.6982274Z #9 32.64    ━━━━━━━━━━━━━━━━━━━━━━━━━━━━━━━━━━━━━━━ 100.9/100.9 kB 309.5 MB/s eta 0:00:00
2026-09-15T23:00:06.6982853Z #9 32.67 Downloading sniffio-1.3.1-py3-none-any.whl (10 kB)
2026-09-15T23:00:06.6983498Z #9 32.71 Downloading mako-1.3.10-py3-none-any.whl (78 kB)
2026-09-15T23:00:06.8102351Z #9 32.71    ━━━━━━━━━━━━━━━━━━━━━━━━━━━━━━━━━━━━━━━━ 78.5/78.5 kB 286.3 MB/s eta 0:00:00
2026-09-15T23:00:06.8102902Z #9 32.75 Downloading uc_micro_py-1.0.3-py3-none-any.whl (6.2 kB)
2026-09-15T23:00:06.8103378Z #9 32.79 Downloading aiohappyeyeballs-2.6.1-py3-none-any.whl (15 kB)
2026-09-15T23:00:06.8103835Z #9 32.82 Downloading aiosignal-1.3.2-py2.py3-none-any.whl (7.6 kB)
2026-09-15T23:00:06.9210274Z #9 32.86 Downloading apispec-6.8.2-py3-none-any.whl (30 kB)
2026-09-15T23:00:06.9210796Z #9 32.90 Downloading colorama-0.4.6-py2.py3-none-any.whl (25 kB)
2026-09-15T23:00:06.9211276Z #9 32.93 Downloading email_validator-2.2.0-py3-none-any.whl (33 kB)
2026-09-15T23:00:07.0321234Z #9 32.97 Downloading Flask_Babel-2.0.0-py3-none-any.whl (9.3 kB)
2026-09-15T23:00:07.0321780Z #9 33.01 Downloading Flask_JWT_Extended-4.7.1-py2.py3-none-any.whl (22 kB)
2026-09-15T23:00:07.0322261Z #9 33.04 Downloading flask_limiter-3.12-py3-none-any.whl (28 kB)
2026-09-15T23:00:07.1475113Z #9 33.08 Downloading Flask_SQLAlchemy-2.5.1-py2.py3-none-any.whl (17 kB)
2026-09-15T23:00:07.1476365Z #9 33.12 Downloading frozenlist-1.6.0-cp311-cp311-manylinux_2_5_x86_64.manylinux1_x86_64.manylinux_2_17_x86_64.manylinux2014_x86_64.whl (313 kB)
2026-09-15T23:00:07.1478135Z #9 33.12    ━━━━━━━━━━━━━━━━━━━━━━━━━━━━━━━━━━━━━━━ 313.6/313.6 kB 121.7 MB/s eta 0:00:00
2026-09-15T23:00:07.1478960Z #9 33.16 Downloading googleapis_common_protos-1.70.0-py3-none-any.whl (294 kB)
2026-09-15T23:00:07.2805988Z #9 33.16    ━━━━━━━━━━━━━━━━━━━━━━━━━━━━━━━━━━━━━━━ 294.5/294.5 kB 322.9 MB/s eta 0:00:00
2026-09-15T23:00:07.2806656Z #9 33.20 Downloading grpcio-1.71.0-cp311-cp311-manylinux_2_17_x86_64.manylinux2014_x86_64.whl (5.9 MB)
2026-09-15T23:00:07.2807884Z #9 33.22    ━━━━━━━━━━━━━━━━━━━━━━━━━━━━━━━━━━━━━━━━ 5.9/5.9 MB 352.6 MB/s eta 0:00:00
2026-09-15T23:00:07.2808354Z #9 33.26 Downloading h11-0.16.0-py3-none-any.whl (37 kB)
2026-09-15T23:00:07.2808951Z #9 33.29 Downloading marshmallow_sqlalchemy-0.28.2-py2.py3-none-any.whl (16 kB)
2026-09-15T23:00:07.3967966Z #9 33.33 Downloading multidict-6.4.4-cp311-cp311-manylinux_2_17_x86_64.manylinux2014_x86_64.whl (223 kB)
2026-09-15T23:00:07.3968965Z #9 33.33    ━━━━━━━━━━━━━━━━━━━━━━━━━━━━━━━━━━━━━━━ 223.7/223.7 kB 358.3 MB/s eta 0:00:00
2026-09-15T23:00:07.3969491Z #9 33.37 Downloading opentelemetry_sdk-1.27.0-py3-none-any.whl (110 kB)
2026-09-15T23:00:07.3970065Z #9 33.37    ━━━━━━━━━━━━━━━━━━━━━━━━━━━━━━━━━━━━━━━ 110.5/110.5 kB 343.1 MB/s eta 0:00:00
2026-09-15T23:00:07.3970594Z #9 33.41 Downloading opentelemetry_semantic_conventions-0.48b0-py3-none-any.whl (149 kB)
2026-09-15T23:00:07.5128362Z #9 33.41    ━━━━━━━━━━━━━━━━━━━━━━━━━━━━━━━━━━━━━━━ 149.7/149.7 kB 339.0 MB/s eta 0:00:00
2026-09-15T23:00:07.5128944Z #9 33.45 Downloading prison-0.2.1-py2.py3-none-any.whl (5.8 kB)
2026-09-15T23:00:07.5129523Z #9 33.49 Downloading propcache-0.3.1-cp311-cp311-manylinux_2_17_x86_64.manylinux2014_x86_64.whl (232 kB)
2026-09-15T23:00:07.5130197Z #9 33.49    ━━━━━━━━━━━━━━━━━━━━━━━━━━━━━━━━━━━━━━━ 232.5/232.5 kB 364.0 MB/s eta 0:00:00
2026-09-15T23:00:07.5130679Z #9 33.53 Downloading SQLAlchemy_Utils-0.41.2-py3-none-any.whl (93 kB)
2026-09-15T23:00:07.6300079Z #9 33.53    ━━━━━━━━━━━━━━━━━━━━━━━━━━━━━━━━━━━━━━━━ 93.1/93.1 kB 349.5 MB/s eta 0:00:00
2026-09-15T23:00:07.6300885Z #9 33.56 Downloading yarl-1.20.0-cp311-cp311-manylinux_2_17_x86_64.manylinux2014_x86_64.whl (358 kB)
2026-09-15T23:00:07.6301903Z #9 33.57    ━━━━━━━━━━━━━━━━━━━━━━━━━━━━━━━━━━━━━━━ 358.1/358.1 kB 370.6 MB/s eta 0:00:00
2026-09-15T23:00:07.6302362Z #9 33.60 Downloading pycparser-2.22-py3-none-any.whl (117 kB)
2026-09-15T23:00:07.6302956Z #9 33.61    ━━━━━━━━━━━━━━━━━━━━━━━━━━━━━━━━━━━━━━━ 117.6/117.6 kB 345.9 MB/s eta 0:00:00
2026-09-15T23:00:07.6304011Z #9 33.64 Downloading babel-2.17.0-py3-none-any.whl (10.2 MB)
2026-09-15T23:00:07.7389983Z #9 33.68    ━━━━━━━━━━━━━━━━━━━━━━━━━━━━━━━━━━━━━━━━ 10.2/10.2 MB 336.0 MB/s eta 0:00:00
2026-09-15T23:00:07.7390838Z #9 33.71 Downloading dnspython-2.7.0-py3-none-any.whl (313 kB)
2026-09-15T23:00:07.7391990Z #9 33.72    ━━━━━━━━━━━━━━━━━━━━━━━━━━━━━━━━━━━━━━━ 313.6/313.6 kB 368.7 MB/s eta 0:00:00
2026-09-15T23:00:07.7393202Z #9 33.75 Downloading limits-5.2.0-py3-none-any.whl (60 kB)
2026-09-15T23:00:07.9654825Z #9 33.75    ━━━━━━━━━━━━━━━━━━━━━━━━━━━━━━━━━━━━━━━━ 60.8/60.8 kB 268.1 MB/s eta 0:00:00
2026-09-15T23:00:07.9655409Z #9 33.79 Downloading ordered_set-4.1.0-py3-none-any.whl (7.6 kB)
2026-09-15T23:00:07.9655927Z #9 33.83 Downloading protobuf-4.25.7-cp37-abi3-manylinux2014_x86_64.whl (294 kB)
2026-09-15T23:00:07.9656533Z #9 33.83    ━━━━━━━━━━━━━━━━━━━━━━━━━━━━━━━━━━━━━━━ 294.6/294.6 kB 358.3 MB/s eta 0:00:00
2026-09-15T23:00:07.9656987Z #9 33.98 Building wheels for collected packages: dill, python-nvd3
2026-09-15T23:00:08.1166759Z #9 33.98   Building wheel for dill (pyproject.toml): started
2026-09-15T23:00:08.4935387Z #9 34.51   Building wheel for dill (pyproject.toml): finished with status 'done'
2026-09-15T23:00:08.6477818Z #9 34.51   Created wheel for dill: filename=dill-0.3.1.1-py3-none-any.whl size=78634 sha256=28ddbe3ccbc4558da01ecacd7326bd7423eda5a692c002096f02b391b5908d0b
2026-09-15T23:00:08.6480065Z #9 34.51   Stored in directory: /tmp/pip-ephem-wheel-cache-__yuc1xs/wheels/01/60/80/1622338bcecce31a5664ef01c203cc5a7b09f59588d9c07376
2026-09-15T23:00:08.6481216Z #9 34.51   Building wheel for python-nvd3 (pyproject.toml): started
2026-09-15T23:00:09.0102007Z #9 35.02   Building wheel for python-nvd3 (pyproject.toml): finished with status 'done'
2026-09-15T23:00:09.1640879Z #9 35.02   Created wheel for python-nvd3: filename=python_nvd3-0.16.0-py3-none-any.whl size=37651 sha256=f2c05ad0f556f132be18d762cd20d66d4c13e88a56986211570012717fa494df
2026-09-15T23:00:09.1642718Z #9 35.02   Stored in directory: /tmp/pip-ephem-wheel-cache-__yuc1xs/wheels/88/26/3f/0695457939a8025f982dca665d4d7018468ccf8ccf43e45c5f
2026-09-15T23:00:09.1643749Z #9 35.03 Successfully built dill python-nvd3
2026-09-15T23:00:09.7581951Z #9 35.77 Installing collected packages: text-unidecode, pytz, lockfile, cron-descriptor, zipp, wrapt, urllib3, uc-micro-py, tzdata, typing-extensions, termcolor, tenacity, tabulate, sqlparse, sniffio, six, setproctitle, rpds-py, PyYAML, python-slugify, python-daemon, pyjwt, pygments, pycparser, psutil, protobuf, propcache, pluggy, pathspec, packaging, ordered-set, multidict, more-itertools, mdurl, markupsafe, lazy-object-proxy, jmespath, itsdangerous, inflection, idna, h11, grpcio, greenlet, google-re2, fsspec, frozenlist, dnspython, dill, configupdater, colorlog, colorama, click, charset-normalizer, certifi, cachelib, blinker, Babel, attrs, asgiref, argcomplete, aiohappyeyeballs, yarl, WTForms, wirerope, werkzeug, universal-pathlib, sqlalchemy, rfc3339-validator, requests, referencing, python-dateutil, prison, opentelemetry-proto, marshmallow, markdown-it-py, Mako, linkify-it-py, jinja2, importlib_metadata, httpcore, gunicorn, googleapis-common-protos, email-validator, deprecated, clickclick, cffi, apispec, anyio, aiosignal, sqlalchemy-utils, sqlalchemy-jsonfield, rich, requests-toolbelt, python-nvd3, pendulum, opentelemetry-exporter-otlp-proto-common, opentelemetry-api, methodtools, mdit-py-plugins, marshmallow-sqlalchemy, marshmallow-oneofschema, limits, jsonschema-specifications, httpx, flask, cryptography, croniter, alembic, aiohttp, rich-argparse, opentelemetry-semantic-conventions, jsonschema, flask-wtf, Flask-SQLAlchemy, flask-session, flask-login, Flask-Limiter, Flask-JWT-Extended, flask-caching, Flask-Babel, opentelemetry-sdk, flask-appbuilder, connexion, opentelemetry-exporter-otlp-proto-http, opentelemetry-exporter-otlp-proto-grpc, opentelemetry-exporter-otlp, apache-airflow-providers-common-sql, apache-airflow-providers-common-compat, apache-airflow-providers-sqlite, apache-airflow-providers-smtp, apache-airflow-providers-imap, apache-airflow-providers-http, apache-airflow-providers-ftp, apache-airflow-providers-fab, apache-airflow-providers-common-io, apache-airflow
2026-09-15T23:00:13.9375901Z #9 39.95 Successfully installed Babel-2.17.0 Flask-Babel-2.0.0 Flask-JWT-Extended-4.7.1 Flask-Limiter-3.12 Flask-SQLAlchemy-2.5.1 Mako-1.3.10 PyYAML-6.0.2 WTForms-3.2.1 aiohappyeyeballs-2.6.1 aiohttp-3.11.18 aiosignal-1.3.2 alembic-1.15.2 anyio-4.9.0 apache-airflow-2.11.0 apache-airflow-providers-common-compat-1.7.0 apache-airflow-providers-common-io-1.6.0 apache-airflow-providers-common-sql-1.27.1 apache-airflow-providers-fab-1.5.3 apache-airflow-providers-ftp-3.13.0 apache-airflow-providers-http-5.3.0 apache-airflow-providers-imap-3.9.0 apache-airflow-providers-smtp-2.1.0 apache-airflow-providers-sqlite-4.1.0 apispec-6.8.2 argcomplete-3.6.2 asgiref-3.8.1 attrs-25.3.0 blinker-1.9.0 cachelib-0.13.0 certifi-2025.4.26 cffi-1.17.1 charset-normalizer-3.4.2 click-8.2.0 clickclick-20.10.2 colorama-0.4.6 colorlog-6.9.0 configupdater-3.2 connexion-2.14.2 cron-descriptor-1.4.5 croniter-6.0.0 cryptography-42.0.8 deprecated-1.2.18 dill-0.3.1.1 dnspython-2.7.0 email-validator-2.2.0 flask-2.2.5 flask-appbuilder-4.5.3 flask-caching-2.3.1 flask-login-0.6.3 flask-session-0.5.0 flask-wtf-1.2.2 frozenlist-1.6.0 fsspec-2025.3.2 google-re2-1.1.20240702 googleapis-common-protos-1.70.0 greenlet-3.2.2 grpcio-1.71.0 gunicorn-23.0.0 h11-0.16.0 httpcore-1.0.9 httpx-0.27.0 idna-3.10 importlib_metadata-6.11.0 inflection-0.5.1 itsdangerous-2.2.0 jinja2-3.1.6 jmespath-0.10.0 jsonschema-4.23.0 jsonschema-specifications-2025.4.1 lazy-object-proxy-1.11.0 limits-5.2.0 linkify-it-py-2.0.3 lockfile-0.12.2 markdown-it-py-3.0.0 markupsafe-3.0.2 marshmallow-3.26.1 marshmallow-oneofschema-3.2.0 marshmallow-sqlalchemy-0.28.2 mdit-py-plugins-0.4.2 mdurl-0.1.2 methodtools-0.4.7 more-itertools-10.7.0 multidict-6.4.4 opentelemetry-api-1.27.0 opentelemetry-exporter-otlp-1.27.0 opentelemetry-exporter-otlp-proto-common-1.27.0 opentelemetry-exporter-otlp-proto-grpc-1.27.0 opentelemetry-exporter-otlp-proto-http-1.27.0 opentelemetry-proto-1.27.0 opentelemetry-sdk-1.27.0 opentelemetry-semantic-conventions-0.48b0 ordered-set-4.1.0 packaging-25.0 pathspec-0.12.1 pendulum-3.1.0 pluggy-1.6.0 prison-0.2.1 propcache-0.3.1 protobuf-4.25.7 psutil-7.0.0 pycparser-2.22 pygments-2.19.1 pyjwt-2.10.1 python-daemon-3.1.2 python-dateutil-2.9.0.post0 python-nvd3-0.16.0 python-slugify-8.0.4 pytz-2025.2 referencing-0.36.2 requests-2.32.3 requests-toolbelt-1.0.0 rfc3339-validator-0.1.4 rich-13.9.4 rich-argparse-1.7.0 rpds-py-0.25.0 setproctitle-1.3.6 six-1.17.0 sniffio-1.3.1 sqlalchemy-1.4.54 sqlalchemy-jsonfield-1.0.2 sqlalchemy-utils-0.41.2 sqlparse-0.5.3 tabulate-0.9.0 tenacity-9.1.2 termcolor-3.1.0 text-unidecode-1.3 typing-extensions-4.13.2 tzdata-2025.2 uc-micro-py-1.0.3 universal-pathlib-0.2.6 urllib3-2.4.0 werkzeug-2.2.3 wirerope-1.0.0 wrapt-1.17.2 yarl-1.20.0 zipp-3.21.0
2026-09-15T23:00:18.6459468Z #9 44.66 No broken requirements found.
2026-09-15T23:00:19.0024502Z #9 DONE 45.0s
2026-09-15T23:00:19.1702542Z 
2026-09-15T23:00:19.1703150Z #10 [4/7] COPY --chown=10001:0 dags /opt/airflow/dags
2026-09-15T23:00:19.5084786Z #10 DONE 0.0s
2026-09-15T23:00:19.5085040Z 
2026-09-15T23:00:19.5085206Z #11 [5/7] WORKDIR /opt/airflow
2026-09-15T23:00:19.5085607Z #11 DONE 0.0s
2026-09-15T23:00:19.5085790Z 
2026-09-15T23:00:19.5086313Z #12 [6/7] RUN ["/opt/model-venv/bin/python", "-c", "import medical_classifier.airflow_tasks, onnxruntime"]
2026-09-15T23:00:19.5087066Z #12 DONE 0.5s
2026-09-15T23:00:19.6596539Z 
2026-09-15T23:00:19.6597777Z #13 [7/7] RUN ["/opt/airflow-venv/bin/python", "-c", "import airflow; from airflow.operators.bash import BashOperator"]
2026-09-15T23:00:21.3210448Z #13 1.812 /opt/airflow-venv/lib/python3.11/site-packages/airflow/metrics/base_stats_logger.py:22 RemovedInAirflow3Warning: Timer and timing metrics publish in seconds were deprecated. It is enabled by default from Airflow 3 onwards. Enable timer_unit_consistency to publish all the timer and timing metrics in milliseconds.
2026-09-15T23:00:21.7698188Z #13 2.261 /opt/airflow-venv/lib/python3.11/site-packages/airflow/triggers/base.py:27 RemovedInAirflow3Warning: Timer and timing metrics publish in seconds were deprecated. It is enabled by default from Airflow 3 onwards. Enable timer_unit_consistency to publish all the timer and timing metrics in milliseconds.
2026-09-15T23:00:22.0080500Z #13 DONE 2.5s
2026-09-15T23:00:22.1596416Z 
2026-09-15T23:00:22.1597034Z #14 exporting to image
2026-09-15T23:00:22.1597701Z #14 exporting layers
2026-09-15T23:00:26.0321204Z #14 exporting layers 4.0s done
2026-09-15T23:00:26.0543068Z #14 writing image sha256:e4a7e6b9b70b0add8068d30110d7f8860c8fc26b25494381c851d5e2b40d253f done
2026-09-15T23:00:26.0543878Z  airflow  Built
2026-09-15T23:00:26.0544386Z #14 naming to docker.io/library/medical-classifier-airflow:local done
2026-09-15T23:00:26.0544970Z #14 DONE 4.0s
2026-09-15T23:00:26.0545146Z 
2026-09-15T23:00:26.0545328Z #15 resolving provenance for metadata file
2026-09-15T23:00:26.0545808Z #15 DONE 0.0s
2026-09-15T23:00:26.0623166Z ##[group]Run docker compose -f docker-compose.airflow.yml run --rm -T airflow python - <<'PY'
2026-09-15T23:00:26.0624259Z [36;1mdocker compose -f docker-compose.airflow.yml run --rm -T airflow python - <<'PY'[0m
2026-09-15T23:00:26.0624964Z [36;1mfrom airflow.models import DagBag[0m
2026-09-15T23:00:26.0625577Z [36;1mbag = DagBag(dag_folder="/opt/airflow/dags", include_examples=False)[0m
2026-09-15T23:00:26.0626287Z [36;1massert not bag.import_errors, bag.import_errors[0m
2026-09-15T23:00:26.0626825Z [36;1mdag = bag.dags["retreino_medico"][0m
2026-09-15T23:00:26.0627748Z [36;1massert set(dag.task_ids) == {"ingestao", "treinamento", "validacao", "publicacao"}[0m
2026-09-15T23:00:26.0628550Z [36;1massert dag.max_active_runs == 1 and dag.catchup is False[0m
2026-09-15T23:00:26.0629519Z [36;1massert dag.get_task("publicacao").upstream_task_ids == {"validacao"}[0m
2026-09-15T23:00:26.0630330Z [36;1massert dag.get_task("validacao").upstream_task_ids == {"treinamento"}[0m
2026-09-15T23:00:26.0631190Z [36;1massert dag.get_task("treinamento").upstream_task_ids == {"ingestao"}[0m
2026-09-15T23:00:26.0631708Z [36;1massert all(task.retries == 1 for task in dag.tasks)[0m
2026-09-15T23:00:26.0632840Z [36;1mprint("DAG importada e dependências verificadas no Airflow real.")[0m
2026-09-15T23:00:26.0633791Z [36;1mPY[0m
2026-09-15T23:00:26.0676563Z shell: /usr/bin/bash --noprofile --norc -e -o pipefail {0}
2026-09-15T23:00:26.0676929Z env:
2026-09-15T23:00:26.0677203Z   GRAFANA_ADMIN_PASSWORD: senha-local-do-runner-ci
2026-09-15T23:00:26.0677729Z   OMP_NUM_THREADS: 1
2026-09-15T23:00:26.0677964Z   OPENBLAS_NUM_THREADS: 1
2026-09-15T23:00:26.0678195Z   MKL_NUM_THREADS: 1
2026-09-15T23:00:26.0678493Z   pythonLocation: /opt/hostedtoolcache/Python/3.11.16/x64
2026-09-15T23:00:26.0678940Z   PKG_CONFIG_PATH: /opt/hostedtoolcache/Python/3.11.16/x64/lib/pkgconfig
2026-09-15T23:00:26.0679361Z   Python_ROOT_DIR: /opt/hostedtoolcache/Python/3.11.16/x64
2026-09-15T23:00:26.0679988Z   Python2_ROOT_DIR: /opt/hostedtoolcache/Python/3.11.16/x64
2026-09-15T23:00:26.0680375Z   Python3_ROOT_DIR: /opt/hostedtoolcache/Python/3.11.16/x64
2026-09-15T23:00:26.0680755Z   LD_LIBRARY_PATH: /opt/hostedtoolcache/Python/3.11.16/x64/lib
2026-09-15T23:00:26.0681081Z ##[endgroup]
2026-09-15T23:00:26.1751143Z  Network medical-classifier-airflow_default  Creating
2026-09-15T23:00:26.2135176Z  Network medical-classifier-airflow_default  Created
2026-09-15T23:00:26.2147495Z  Volume "medical-classifier-airflow_airflow-estado"  Creating
2026-09-15T23:00:26.2162296Z  Volume "medical-classifier-airflow_airflow-estado"  Created
2026-09-15T23:00:28.0146398Z /opt/airflow-venv/lib/python3.11/site-packages/airflow/metrics/base_stats_logger.py:22 RemovedInAirflow3Warning: Timer and timing metrics publish in seconds were deprecated. It is enabled by default from Airflow 3 onwards. Enable timer_unit_consistency to publish all the timer and timing metrics in milliseconds.
2026-09-15T23:00:28.0202864Z [2026-09-15T23:00:28.019+0000] {dagbag.py:588} INFO - Filling up the DagBag from /opt/airflow/dags
2026-09-15T23:00:28.5356387Z /opt/airflow-venv/lib/python3.11/site-packages/airflow/triggers/base.py:27 RemovedInAirflow3Warning: Timer and timing metrics publish in seconds were deprecated. It is enabled by default from Airflow 3 onwards. Enable timer_unit_consistency to publish all the timer and timing metrics in milliseconds.
2026-09-15T23:00:28.7245651Z DAG importada e dependências verificadas no Airflow real.
2026-09-15T23:00:28.9583124Z ##[group]Run docker compose -f docker-compose.airflow.yml run --rm airflow airflow db migrate
2026-09-15T23:00:28.9583820Z [36;1mdocker compose -f docker-compose.airflow.yml run --rm airflow airflow db migrate[0m
2026-09-15T23:00:28.9584602Z [36;1mdocker compose -f docker-compose.airflow.yml run --rm airflow airflow dags test retreino_medico 2026-09-14 2>&1 | tee reports/airflow-dag.log[0m
2026-09-15T23:00:28.9585363Z [36;1mdocker compose -f docker-compose.airflow.yml run --rm -T airflow python - <<'PY'[0m
2026-09-15T23:00:28.9585840Z [36;1mfrom airflow.models.dagrun import DagRun[0m
2026-09-15T23:00:28.9586211Z [36;1mfrom airflow.utils.session import create_session[0m
2026-09-15T23:00:28.9586552Z [36;1mwith create_session() as session:[0m
2026-09-15T23:00:28.9586970Z [36;1m    run = session.query(DagRun).filter(DagRun.dag_id == "retreino_medico").one()[0m
2026-09-15T23:00:28.9587782Z [36;1m    assert run.state == "success", run.state[0m
2026-09-15T23:00:28.9588210Z [36;1mprint("As quatro etapas da DAG terminaram com sucesso.")[0m
2026-09-15T23:00:28.9588570Z [36;1mPY[0m
2026-09-15T23:00:28.9628472Z shell: /usr/bin/bash --noprofile --norc -e -o pipefail {0}
2026-09-15T23:00:28.9628832Z env:
2026-09-15T23:00:28.9629098Z   GRAFANA_ADMIN_PASSWORD: senha-local-do-runner-ci
2026-09-15T23:00:28.9629423Z   OMP_NUM_THREADS: 1
2026-09-15T23:00:28.9629655Z   OPENBLAS_NUM_THREADS: 1
2026-09-15T23:00:28.9629893Z   MKL_NUM_THREADS: 1
2026-09-15T23:00:28.9630179Z   pythonLocation: /opt/hostedtoolcache/Python/3.11.16/x64
2026-09-15T23:00:28.9630610Z   PKG_CONFIG_PATH: /opt/hostedtoolcache/Python/3.11.16/x64/lib/pkgconfig
2026-09-15T23:00:28.9631032Z   Python_ROOT_DIR: /opt/hostedtoolcache/Python/3.11.16/x64
2026-09-15T23:00:28.9631417Z   Python2_ROOT_DIR: /opt/hostedtoolcache/Python/3.11.16/x64
2026-09-15T23:00:28.9631801Z   Python3_ROOT_DIR: /opt/hostedtoolcache/Python/3.11.16/x64
2026-09-15T23:00:28.9632182Z   LD_LIBRARY_PATH: /opt/hostedtoolcache/Python/3.11.16/x64/lib
2026-09-15T23:00:28.9632515Z ##[endgroup]
2026-09-15T23:00:30.8325851Z /opt/airflow-venv/lib/python3.11/site-packages/airflow/metrics/base_stats_logger.py:22 RemovedInAirflow3Warning: Timer and timing metrics publish in seconds were deprecated. It is enabled by default from Airflow 3 onwards. Enable timer_unit_consistency to publish all the timer and timing metrics in milliseconds.
2026-09-15T23:00:32.0265196Z /opt/airflow-venv/lib/python3.11/site-packages/airflow/triggers/base.py:27 RemovedInAirflow3Warning: Timer and timing metrics publish in seconds were deprecated. It is enabled by default from Airflow 3 onwards. Enable timer_unit_consistency to publish all the timer and timing metrics in milliseconds.
2026-09-15T23:00:32.3151133Z DB: sqlite:////opt/airflow/estado/airflow.db
2026-09-15T23:00:32.3152054Z Performing upgrade to the metadata database sqlite:////opt/airflow/estado/airflow.db
2026-09-15T23:00:32.6541556Z [2026-09-15T23:00:32.652+0000] {migration.py:207} INFO - Context impl SQLiteImpl.
2026-09-15T23:00:32.6542600Z [2026-09-15T23:00:32.653+0000] {migration.py:210} INFO - Will assume non-transactional DDL.
2026-09-15T23:00:32.6550519Z [2026-09-15T23:00:32.654+0000] {migration.py:207} INFO - Context impl SQLiteImpl.
2026-09-15T23:00:32.6552464Z [2026-09-15T23:00:32.654+0000] {migration.py:210} INFO - Will assume non-transactional DDL.
2026-09-15T23:00:32.7739145Z INFO  [alembic.runtime.migration] Context impl SQLiteImpl.
2026-09-15T23:00:32.7739985Z INFO  [alembic.runtime.migration] Will assume non-transactional DDL.
2026-09-15T23:00:32.8844417Z INFO  [alembic.runtime.migration] Running stamp_revision  -> 5f2621c13b39
2026-09-15T23:00:32.8996708Z Database migrating done!
2026-09-15T23:00:35.2121184Z /opt/airflow-venv/lib/python3.11/site-packages/airflow/metrics/base_stats_logger.py:22 RemovedInAirflow3Warning: Timer and timing metrics publish in seconds were deprecated. It is enabled by default from Airflow 3 onwards. Enable timer_unit_consistency to publish all the timer and timing metrics in milliseconds.
2026-09-15T23:00:36.3822963Z /opt/airflow-venv/lib/python3.11/site-packages/airflow/triggers/base.py:27 RemovedInAirflow3Warning: Timer and timing metrics publish in seconds were deprecated. It is enabled by default from Airflow 3 onwards. Enable timer_unit_consistency to publish all the timer and timing metrics in milliseconds.
2026-09-15T23:00:36.6979209Z /opt/airflow-venv/lib/python3.11/site-packages/airflow/cli/commands/dag_command.py:48 UserWarning: Could not import graphviz. Rendering graph to the graphical format will not be possible.
2026-09-15T23:00:37.0685352Z [2026-09-15T23:00:37.067+0000] {dagbag.py:588} INFO - Filling up the DagBag from /opt/airflow/dags
2026-09-15T23:00:37.1029534Z [2026-09-15T23:00:37.102+0000] {dag.py:4435} INFO - dagrun id: retreino_medico
2026-09-15T23:00:37.1110059Z [2026-09-15T23:00:37.110+0000] {dag.py:4451} INFO - created dagrun <DagRun retreino_medico @ 2026-09-14 00:00:00+00:00: manual__2026-09-14T00:00:00+00:00, state:running, queued_at: None. externally triggered: False>
2026-09-15T23:00:37.1305436Z [2026-09-15T23:00:37.129+0000] {dag.py:4396} INFO - [DAG TEST] starting task_id=ingestao map_index=-1
2026-09-15T23:00:37.1309112Z [2026-09-15T23:00:37.130+0000] {dag.py:4399} INFO - [DAG TEST] running task <TaskInstance: retreino_medico.ingestao manual__2026-09-14T00:00:00+00:00 [scheduled]>
2026-09-15T23:00:37.1678159Z [2026-09-15 23:00:37,167] {taskinstance.py:3157} INFO - Exporting env vars: AIRFLOW_CTX_DAG_OWNER='equipe-ml' AIRFLOW_CTX_DAG_ID='retreino_medico' AIRFLOW_CTX_TASK_ID='ingestao' AIRFLOW_CTX_EXECUTION_DATE='2026-09-14T00:00:00+00:00' AIRFLOW_CTX_TRY_NUMBER='1' AIRFLOW_CTX_DAG_RUN_ID='manual__2026-09-14T00:00:00+00:00'
2026-09-15T23:00:37.1680795Z [2026-09-15T23:00:37.167+0000] {taskinstance.py:3157} INFO - Exporting env vars: AIRFLOW_CTX_DAG_OWNER='equipe-ml' AIRFLOW_CTX_DAG_ID='retreino_medico' AIRFLOW_CTX_TASK_ID='ingestao' AIRFLOW_CTX_EXECUTION_DATE='2026-09-14T00:00:00+00:00' AIRFLOW_CTX_TRY_NUMBER='1' AIRFLOW_CTX_DAG_RUN_ID='manual__2026-09-14T00:00:00+00:00'
2026-09-15T23:00:37.1699664Z [2026-09-15T23:00:37.169+0000] {taskinstance.py:740} INFO - ::endgroup::
2026-09-15T23:00:37.3099383Z [2026-09-15 23:00:37,309] {subprocess.py:78} INFO - Tmp dir root location: /tmp
2026-09-15T23:00:37.3100545Z [2026-09-15T23:00:37.309+0000] {subprocess.py:78} INFO - Tmp dir root location: /tmp
2026-09-15T23:00:37.3105342Z [2026-09-15 23:00:37,310] {subprocess.py:88} INFO - Running command: ['/usr/bin/bash', '-c', "/opt/model-venv/bin/python -m medical_classifier.airflow_tasks ingestao --execucao '20260914T000000'"]
2026-09-15T23:00:37.3108087Z [2026-09-15T23:00:37.310+0000] {subprocess.py:88} INFO - Running command: ['/usr/bin/bash', '-c', "/opt/model-venv/bin/python -m medical_classifier.airflow_tasks ingestao --execucao '20260914T000000'"]
2026-09-15T23:00:37.3175205Z [2026-09-15 23:00:37,317] {subprocess.py:99} INFO - Output:
2026-09-15T23:00:37.3180474Z [2026-09-15T23:00:37.317+0000] {subprocess.py:99} INFO - Output:
2026-09-15T23:00:44.0046175Z [2026-09-15 23:00:44,003] {subprocess.py:106} INFO - {"etapa": "ingestao", "execucao": "20260914T000000", "estado": "/app/data/runs/20260914T000000", "sucesso": true}
2026-09-15T23:00:44.0048519Z [2026-09-15T23:00:44.003+0000] {subprocess.py:106} INFO - {"etapa": "ingestao", "execucao": "20260914T000000", "estado": "/app/data/runs/20260914T000000", "sucesso": true}
2026-09-15T23:00:44.2440929Z [2026-09-15 23:00:44,243] {subprocess.py:110} INFO - Command exited with return code 0
2026-09-15T23:00:44.2443700Z [2026-09-15T23:00:44.243+0000] {subprocess.py:110} INFO - Command exited with return code 0
2026-09-15T23:00:44.2540186Z [2026-09-15T23:00:44.253+0000] {taskinstance.py:349} INFO - ::group::Post task execution logs
2026-09-15T23:00:44.2543667Z [2026-09-15T23:00:44.253+0000] {taskinstance.py:361} INFO - Marking task as SUCCESS. dag_id=retreino_medico, task_id=ingestao, run_id=manual__2026-09-14T00:00:00+00:00, execution_date=20260914T000000, start_date=, end_date=20260915T230044
2026-09-15T23:00:44.2649159Z [2026-09-15T23:00:44.264+0000] {dag.py:4410} INFO - [DAG TEST] end task task_id=ingestao map_index=-1
2026-09-15T23:00:44.2761969Z [2026-09-15T23:00:44.275+0000] {dag.py:4396} INFO - [DAG TEST] starting task_id=treinamento map_index=-1
2026-09-15T23:00:44.2764631Z [2026-09-15T23:00:44.275+0000] {dag.py:4399} INFO - [DAG TEST] running task <TaskInstance: retreino_medico.treinamento manual__2026-09-14T00:00:00+00:00 [scheduled]>
2026-09-15T23:00:44.2920388Z [2026-09-15 23:00:44,291] {taskinstance.py:3157} INFO - Exporting env vars: AIRFLOW_CTX_DAG_OWNER='equipe-ml' AIRFLOW_CTX_DAG_ID='retreino_medico' AIRFLOW_CTX_TASK_ID='treinamento' AIRFLOW_CTX_EXECUTION_DATE='2026-09-14T00:00:00+00:00' AIRFLOW_CTX_TRY_NUMBER='1' AIRFLOW_CTX_DAG_RUN_ID='manual__2026-09-14T00:00:00+00:00'
2026-09-15T23:00:44.2924809Z [2026-09-15T23:00:44.291+0000] {taskinstance.py:3157} INFO - Exporting env vars: AIRFLOW_CTX_DAG_OWNER='equipe-ml' AIRFLOW_CTX_DAG_ID='retreino_medico' AIRFLOW_CTX_TASK_ID='treinamento' AIRFLOW_CTX_EXECUTION_DATE='2026-09-14T00:00:00+00:00' AIRFLOW_CTX_TRY_NUMBER='1' AIRFLOW_CTX_DAG_RUN_ID='manual__2026-09-14T00:00:00+00:00'
2026-09-15T23:00:44.2926924Z [2026-09-15T23:00:44.292+0000] {taskinstance.py:740} INFO - ::endgroup::
2026-09-15T23:00:44.2927984Z [2026-09-15 23:00:44,292] {subprocess.py:78} INFO - Tmp dir root location: /tmp
2026-09-15T23:00:44.2939857Z [2026-09-15T23:00:44.292+0000] {subprocess.py:78} INFO - Tmp dir root location: /tmp
2026-09-15T23:00:44.2941295Z [2026-09-15 23:00:44,293] {subprocess.py:88} INFO - Running command: ['/usr/bin/bash', '-c', "/opt/model-venv/bin/python -m medical_classifier.airflow_tasks treinamento --execucao '20260914T000000'"]
2026-09-15T23:00:44.2943166Z [2026-09-15T23:00:44.293+0000] {subprocess.py:88} INFO - Running command: ['/usr/bin/bash', '-c', "/opt/model-venv/bin/python -m medical_classifier.airflow_tasks treinamento --execucao '20260914T000000'"]
2026-09-15T23:00:44.2998995Z [2026-09-15 23:00:44,299] {subprocess.py:99} INFO - Output:
2026-09-15T23:00:44.3004088Z [2026-09-15T23:00:44.299+0000] {subprocess.py:99} INFO - Output:
2026-09-15T23:00:54.0078915Z [2026-09-15 23:00:54,007] {subprocess.py:106} INFO - {"etapa": "treinamento", "execucao": "20260914T000000", "estado": "/app/data/runs/20260914T000000", "sucesso": true}
2026-09-15T23:00:54.0080019Z [2026-09-15T23:00:54.007+0000] {subprocess.py:106} INFO - {"etapa": "treinamento", "execucao": "20260914T000000", "estado": "/app/data/runs/20260914T000000", "sucesso": true}
2026-09-15T23:00:54.2253847Z [2026-09-15 23:00:54,224] {subprocess.py:110} INFO - Command exited with return code 0
2026-09-15T23:00:54.2279889Z [2026-09-15T23:00:54.224+0000] {subprocess.py:110} INFO - Command exited with return code 0
2026-09-15T23:00:54.2329098Z [2026-09-15T23:00:54.232+0000] {taskinstance.py:349} INFO - ::group::Post task execution logs
2026-09-15T23:00:54.2333020Z [2026-09-15T23:00:54.232+0000] {taskinstance.py:361} INFO - Marking task as SUCCESS. dag_id=retreino_medico, task_id=treinamento, run_id=manual__2026-09-14T00:00:00+00:00, execution_date=20260914T000000, start_date=, end_date=20260915T230054
2026-09-15T23:00:54.2418971Z [2026-09-15T23:00:54.241+0000] {dag.py:4410} INFO - [DAG TEST] end task task_id=treinamento map_index=-1
2026-09-15T23:00:54.2521291Z [2026-09-15T23:00:54.251+0000] {dag.py:4396} INFO - [DAG TEST] starting task_id=validacao map_index=-1
2026-09-15T23:00:54.2523767Z [2026-09-15T23:00:54.251+0000] {dag.py:4399} INFO - [DAG TEST] running task <TaskInstance: retreino_medico.validacao manual__2026-09-14T00:00:00+00:00 [scheduled]>
2026-09-15T23:00:54.2675245Z [2026-09-15 23:00:54,267] {taskinstance.py:3157} INFO - Exporting env vars: AIRFLOW_CTX_DAG_OWNER='equipe-ml' AIRFLOW_CTX_DAG_ID='retreino_medico' AIRFLOW_CTX_TASK_ID='validacao' AIRFLOW_CTX_EXECUTION_DATE='2026-09-14T00:00:00+00:00' AIRFLOW_CTX_TRY_NUMBER='1' AIRFLOW_CTX_DAG_RUN_ID='manual__2026-09-14T00:00:00+00:00'
2026-09-15T23:00:54.2680023Z [2026-09-15T23:00:54.267+0000] {taskinstance.py:3157} INFO - Exporting env vars: AIRFLOW_CTX_DAG_OWNER='equipe-ml' AIRFLOW_CTX_DAG_ID='retreino_medico' AIRFLOW_CTX_TASK_ID='validacao' AIRFLOW_CTX_EXECUTION_DATE='2026-09-14T00:00:00+00:00' AIRFLOW_CTX_TRY_NUMBER='1' AIRFLOW_CTX_DAG_RUN_ID='manual__2026-09-14T00:00:00+00:00'
2026-09-15T23:00:54.2681490Z [2026-09-15T23:00:54.267+0000] {taskinstance.py:740} INFO - ::endgroup::
2026-09-15T23:00:54.2683305Z [2026-09-15 23:00:54,268] {subprocess.py:78} INFO - Tmp dir root location: /tmp
2026-09-15T23:00:54.2685892Z [2026-09-15T23:00:54.268+0000] {subprocess.py:78} INFO - Tmp dir root location: /tmp
2026-09-15T23:00:54.2689585Z [2026-09-15 23:00:54,268] {subprocess.py:88} INFO - Running command: ['/usr/bin/bash', '-c', "/opt/model-venv/bin/python -m medical_classifier.airflow_tasks validacao --execucao '20260914T000000'"]
2026-09-15T23:00:54.2691723Z [2026-09-15T23:00:54.268+0000] {subprocess.py:88} INFO - Running command: ['/usr/bin/bash', '-c', "/opt/model-venv/bin/python -m medical_classifier.airflow_tasks validacao --execucao '20260914T000000'"]
2026-09-15T23:00:54.2757234Z [2026-09-15 23:00:54,275] {subprocess.py:99} INFO - Output:
2026-09-15T23:00:54.2763161Z [2026-09-15T23:00:54.275+0000] {subprocess.py:99} INFO - Output:
2026-09-15T23:01:00.0930905Z [2026-09-15 23:01:00,092] {subprocess.py:106} INFO - {"etapa": "validacao", "execucao": "20260914T000000", "estado": "/app/data/runs/20260914T000000", "sucesso": true}
2026-09-15T23:01:00.0932398Z [2026-09-15T23:01:00.092+0000] {subprocess.py:106} INFO - {"etapa": "validacao", "execucao": "20260914T000000", "estado": "/app/data/runs/20260914T000000", "sucesso": true}
2026-09-15T23:01:00.2907775Z [2026-09-15 23:01:00,290] {subprocess.py:110} INFO - Command exited with return code 0
2026-09-15T23:01:00.2910077Z [2026-09-15T23:01:00.290+0000] {subprocess.py:110} INFO - Command exited with return code 0
2026-09-15T23:01:00.2983476Z [2026-09-15T23:01:00.297+0000] {taskinstance.py:349} INFO - ::group::Post task execution logs
2026-09-15T23:01:00.2999603Z [2026-09-15T23:01:00.298+0000] {taskinstance.py:361} INFO - Marking task as SUCCESS. dag_id=retreino_medico, task_id=validacao, run_id=manual__2026-09-14T00:00:00+00:00, execution_date=20260914T000000, start_date=, end_date=20260915T230100
2026-09-15T23:01:00.3071932Z [2026-09-15T23:01:00.306+0000] {dag.py:4410} INFO - [DAG TEST] end task task_id=validacao map_index=-1
2026-09-15T23:01:00.3157095Z [2026-09-15T23:01:00.315+0000] {dag.py:4396} INFO - [DAG TEST] starting task_id=publicacao map_index=-1
2026-09-15T23:01:00.3159599Z [2026-09-15T23:01:00.315+0000] {dag.py:4399} INFO - [DAG TEST] running task <TaskInstance: retreino_medico.publicacao manual__2026-09-14T00:00:00+00:00 [scheduled]>
2026-09-15T23:01:00.3315178Z [2026-09-15 23:01:00,330] {taskinstance.py:3157} INFO - Exporting env vars: AIRFLOW_CTX_DAG_OWNER='equipe-ml' AIRFLOW_CTX_DAG_ID='retreino_medico' AIRFLOW_CTX_TASK_ID='publicacao' AIRFLOW_CTX_EXECUTION_DATE='2026-09-14T00:00:00+00:00' AIRFLOW_CTX_TRY_NUMBER='1' AIRFLOW_CTX_DAG_RUN_ID='manual__2026-09-14T00:00:00+00:00'
2026-09-15T23:01:00.3320983Z [2026-09-15T23:01:00.330+0000] {taskinstance.py:3157} INFO - Exporting env vars: AIRFLOW_CTX_DAG_OWNER='equipe-ml' AIRFLOW_CTX_DAG_ID='retreino_medico' AIRFLOW_CTX_TASK_ID='publicacao' AIRFLOW_CTX_EXECUTION_DATE='2026-09-14T00:00:00+00:00' AIRFLOW_CTX_TRY_NUMBER='1' AIRFLOW_CTX_DAG_RUN_ID='manual__2026-09-14T00:00:00+00:00'
2026-09-15T23:01:00.3322896Z [2026-09-15T23:01:00.331+0000] {taskinstance.py:740} INFO - ::endgroup::
2026-09-15T23:01:00.3323680Z [2026-09-15 23:01:00,332] {subprocess.py:78} INFO - Tmp dir root location: /tmp
2026-09-15T23:01:00.3325119Z [2026-09-15T23:01:00.332+0000] {subprocess.py:78} INFO - Tmp dir root location: /tmp
2026-09-15T23:01:00.3328834Z [2026-09-15 23:01:00,332] {subprocess.py:88} INFO - Running command: ['/usr/bin/bash', '-c', "/opt/model-venv/bin/python -m medical_classifier.airflow_tasks publicacao --execucao '20260914T000000'"]
2026-09-15T23:01:00.3331449Z [2026-09-15T23:01:00.332+0000] {subprocess.py:88} INFO - Running command: ['/usr/bin/bash', '-c', "/opt/model-venv/bin/python -m medical_classifier.airflow_tasks publicacao --execucao '20260914T000000'"]
2026-09-15T23:01:00.3393992Z [2026-09-15 23:01:00,338] {subprocess.py:99} INFO - Output:
2026-09-15T23:01:00.3398077Z [2026-09-15T23:01:00.338+0000] {subprocess.py:99} INFO - Output:
2026-09-15T23:01:04.4135515Z [2026-09-15 23:01:04,412] {subprocess.py:106} INFO - {"etapa": "publicacao", "execucao": "20260914T000000", "estado": "/app/data/runs/20260914T000000", "sucesso": true}
2026-09-15T23:01:04.4138689Z [2026-09-15T23:01:04.412+0000] {subprocess.py:106} INFO - {"etapa": "publicacao", "execucao": "20260914T000000", "estado": "/app/data/runs/20260914T000000", "sucesso": true}
2026-09-15T23:01:04.6223975Z [2026-09-15 23:01:04,621] {subprocess.py:110} INFO - Command exited with return code 0
2026-09-15T23:01:04.6225595Z [2026-09-15T23:01:04.621+0000] {subprocess.py:110} INFO - Command exited with return code 0
2026-09-15T23:01:04.6295997Z [2026-09-15T23:01:04.629+0000] {taskinstance.py:349} INFO - ::group::Post task execution logs
2026-09-15T23:01:04.6299491Z [2026-09-15T23:01:04.629+0000] {taskinstance.py:361} INFO - Marking task as SUCCESS. dag_id=retreino_medico, task_id=publicacao, run_id=manual__2026-09-14T00:00:00+00:00, execution_date=20260914T000000, start_date=, end_date=20260915T230104
2026-09-15T23:01:04.6385115Z [2026-09-15T23:01:04.637+0000] {dag.py:4410} INFO - [DAG TEST] end task task_id=publicacao map_index=-1
2026-09-15T23:01:04.6413313Z [2026-09-15T23:01:04.640+0000] {dagrun.py:854} INFO - Marking run <DagRun retreino_medico @ 2026-09-14 00:00:00+00:00: manual__2026-09-14T00:00:00+00:00, state:running, queued_at: None. externally triggered: False> successful
2026-09-15T23:01:04.6417875Z [2026-09-15T23:01:04.641+0000] {dagrun.py:905} INFO - DagRun Finished: dag_id=retreino_medico, execution_date=2026-09-14 00:00:00+00:00, run_id=manual__2026-09-14T00:00:00+00:00, run_start_date=2026-09-14 00:00:00+00:00, run_end_date=2026-09-15 23:01:04.641025+00:00, run_duration=169264.641025, state=success, external_trigger=False, run_type=manual, data_interval_start=2026-09-06 00:00:00+00:00, data_interval_end=2026-09-13 00:00:00+00:00, dag_hash=None
2026-09-15T23:01:07.1462247Z /opt/airflow-venv/lib/python3.11/site-packages/airflow/metrics/base_stats_logger.py:22 RemovedInAirflow3Warning: Timer and timing metrics publish in seconds were deprecated. It is enabled by default from Airflow 3 onwards. Enable timer_unit_consistency to publish all the timer and timing metrics in milliseconds.
2026-09-15T23:01:07.5578037Z /opt/airflow-venv/lib/python3.11/site-packages/airflow/models/dagrun.py:60 RemovedInAirflow3Warning: Timer and timing metrics publish in seconds were deprecated. It is enabled by default from Airflow 3 onwards. Enable timer_unit_consistency to publish all the timer and timing metrics in milliseconds.
2026-09-15T23:01:07.8355912Z As quatro etapas da DAG terminaram com sucesso.
2026-09-15T23:01:08.0982265Z ##[group]Run docker compose up -d --no-deps api prometheus grafana
2026-09-15T23:01:08.0982773Z [36;1mdocker compose up -d --no-deps api prometheus grafana[0m
2026-09-15T23:01:08.1023236Z shell: /usr/bin/bash --noprofile --norc -e -o pipefail {0}
2026-09-15T23:01:08.1023589Z env:
2026-09-15T23:01:08.1023849Z   GRAFANA_ADMIN_PASSWORD: senha-local-do-runner-ci
2026-09-15T23:01:08.1024174Z   OMP_NUM_THREADS: 1
2026-09-15T23:01:08.1024403Z   OPENBLAS_NUM_THREADS: 1
2026-09-15T23:01:08.1024642Z   MKL_NUM_THREADS: 1
2026-09-15T23:01:08.1024921Z   pythonLocation: /opt/hostedtoolcache/Python/3.11.16/x64
2026-09-15T23:01:08.1025371Z   PKG_CONFIG_PATH: /opt/hostedtoolcache/Python/3.11.16/x64/lib/pkgconfig
2026-09-15T23:01:08.1025792Z   Python_ROOT_DIR: /opt/hostedtoolcache/Python/3.11.16/x64
2026-09-15T23:01:08.1026176Z   Python2_ROOT_DIR: /opt/hostedtoolcache/Python/3.11.16/x64
2026-09-15T23:01:08.1026549Z   Python3_ROOT_DIR: /opt/hostedtoolcache/Python/3.11.16/x64
2026-09-15T23:01:08.1026963Z   LD_LIBRARY_PATH: /opt/hostedtoolcache/Python/3.11.16/x64/lib
2026-09-15T23:01:08.1027515Z ##[endgroup]
2026-09-15T23:01:08.2485795Z  prometheus Pulling 
2026-09-15T23:01:08.2487722Z  grafana Pulling 
2026-09-15T23:01:08.9539050Z  487858d29734 Pulling fs layer 
2026-09-15T23:01:08.9539533Z  49c226752edd Pulling fs layer 
2026-09-15T23:01:08.9539835Z  8ee344dffb17 Pulling fs layer 
2026-09-15T23:01:08.9540138Z  7a5b1d5c3c45 Pulling fs layer 
2026-09-15T23:01:08.9540668Z  eb7a272b9937 Pulling fs layer 
2026-09-15T23:01:08.9541124Z  0dc8fee0e5ee Pulling fs layer 
2026-09-15T23:01:08.9541403Z  e80cad428b4d Pulling fs layer 
2026-09-15T23:01:08.9541697Z  da388505dad8 Pulling fs layer 
2026-09-15T23:01:08.9541953Z  200d6e325877 Pulling fs layer 
2026-09-15T23:01:08.9542324Z  0dc8fee0e5ee Waiting 
2026-09-15T23:01:08.9542642Z  e80cad428b4d Waiting 
2026-09-15T23:01:08.9542971Z  7a5b1d5c3c45 Waiting 
2026-09-15T23:01:08.9543263Z  da388505dad8 Waiting 
2026-09-15T23:01:08.9543553Z  eb7a272b9937 Waiting 
2026-09-15T23:01:08.9544464Z  55afa1ecc21d Already exists 
2026-09-15T23:01:08.9544794Z  200d6e325877 Waiting 
2026-09-15T23:01:08.9545131Z  d7788a257858 Pulling fs layer 
2026-09-15T23:01:08.9545537Z  b3fa5aa4a9e5 Pulling fs layer 
2026-09-15T23:01:08.9545882Z  ad2518ae2a48 Pulling fs layer 
2026-09-15T23:01:08.9546222Z  24ad5a5d1b0c Pulling fs layer 
2026-09-15T23:01:08.9546593Z  de3f16ec959b Pulling fs layer 
2026-09-15T23:01:08.9547041Z  ccdc6a4758b3 Pulling fs layer 
2026-09-15T23:01:08.9547647Z  b638a4802c9f Pulling fs layer 
2026-09-15T23:01:08.9548026Z  157434f6599a Pulling fs layer 
2026-09-15T23:01:08.9548372Z  4f4fb700ef54 Pulling fs layer 
2026-09-15T23:01:08.9548721Z  c3f38fea4531 Pulling fs layer 
2026-09-15T23:01:08.9549040Z  d7788a257858 Waiting 
2026-09-15T23:01:08.9549338Z  b3fa5aa4a9e5 Waiting 
2026-09-15T23:01:08.9549687Z  ccdc6a4758b3 Waiting 
2026-09-15T23:01:08.9550007Z  4f4fb700ef54 Waiting 
2026-09-15T23:01:08.9550330Z  b638a4802c9f Waiting 
2026-09-15T23:01:08.9550662Z  ad2518ae2a48 Waiting 
2026-09-15T23:01:08.9550987Z  157434f6599a Waiting 
2026-09-15T23:01:08.9551309Z  de3f16ec959b Waiting 
2026-09-15T23:01:08.9551637Z  24ad5a5d1b0c Waiting 
2026-09-15T23:01:08.9552213Z  c3f38fea4531 Waiting 
2026-09-15T23:01:09.0707686Z  49c226752edd Downloading [>                                                  ]  3.486kB/324.6kB
2026-09-15T23:01:09.0850596Z  487858d29734 Downloading [>                                                  ]  15.74kB/800.5kB
2026-09-15T23:01:09.1031321Z  8ee344dffb17 Downloading [>                                                  ]  540.1kB/59.4MB
2026-09-15T23:01:09.1111842Z  49c226752edd Downloading [==================================================>]  324.6kB/324.6kB
2026-09-15T23:01:09.1129018Z  49c226752edd Verifying Checksum 
2026-09-15T23:01:09.1129487Z  49c226752edd Download complete 
2026-09-15T23:01:09.1473911Z  487858d29734 Downloading [==================================================>]  800.5kB/800.5kB
2026-09-15T23:01:09.1476379Z  487858d29734 Verifying Checksum 
2026-09-15T23:01:09.1477148Z  487858d29734 Download complete 
2026-09-15T23:01:09.1486410Z  487858d29734 Extracting [==>                                                ]  32.77kB/800.5kB
2026-09-15T23:01:09.1570551Z  487858d29734 Extracting [==================================================>]  800.5kB/800.5kB
2026-09-15T23:01:09.1581554Z  487858d29734 Extracting [==================================================>]  800.5kB/800.5kB
2026-09-15T23:01:09.2039046Z  8ee344dffb17 Downloading [===============>                                   ]  18.38MB/59.4MB
2026-09-15T23:01:09.2178945Z  487858d29734 Pull complete 
2026-09-15T23:01:09.2197134Z  49c226752edd Extracting [=====>                                             ]  32.77kB/324.6kB
2026-09-15T23:01:09.2337668Z  49c226752edd Extracting [==================================================>]  324.6kB/324.6kB
2026-09-15T23:01:09.2582631Z  49c226752edd Extracting [==================================================>]  324.6kB/324.6kB
2026-09-15T23:01:09.3010099Z  7a5b1d5c3c45 Downloading [>                                                  ]  490.9kB/48.82MB
2026-09-15T23:01:09.3040332Z  8ee344dffb17 Downloading [===========================================>       ]  51.36MB/59.4MB
2026-09-15T23:01:09.3135946Z  eb7a272b9937 Downloading [==================================================>]     654B/654B
2026-09-15T23:01:09.3136809Z  eb7a272b9937 Verifying Checksum 
2026-09-15T23:01:09.3137259Z  eb7a272b9937 Download complete 
2026-09-15T23:01:09.3292527Z  8ee344dffb17 Verifying Checksum 
2026-09-15T23:01:09.3293067Z  8ee344dffb17 Download complete 
2026-09-15T23:01:09.3910387Z  49c226752edd Pull complete 
2026-09-15T23:01:09.4009856Z  7a5b1d5c3c45 Downloading [=========>                                         ]  8.847MB/48.82MB
2026-09-15T23:01:09.4036936Z  8ee344dffb17 Extracting [>                                                  ]  557.1kB/59.4MB
2026-09-15T23:01:09.4953167Z  e80cad428b4d Downloading [==================================================>]  1.596kB/1.596kB
2026-09-15T23:01:09.4962091Z  e80cad428b4d Download complete 
2026-09-15T23:01:09.4981793Z  0dc8fee0e5ee Downloading [==================================================>]  4.022kB/4.022kB
2026-09-15T23:01:09.4986886Z  0dc8fee0e5ee Verifying Checksum 
2026-09-15T23:01:09.4987542Z  0dc8fee0e5ee Download complete 
2026-09-15T23:01:09.5017214Z  7a5b1d5c3c45 Downloading [==========================================>        ]  41.29MB/48.82MB
2026-09-15T23:01:09.5138617Z  8ee344dffb17 Extracting [=====>                                             ]  6.128MB/59.4MB
2026-09-15T23:01:09.5254584Z  7a5b1d5c3c45 Verifying Checksum 
2026-09-15T23:01:09.5255307Z  7a5b1d5c3c45 Download complete 
2026-09-15T23:01:09.6164858Z  8ee344dffb17 Extracting [===========>                                       ]  13.37MB/59.4MB
2026-09-15T23:01:09.6302587Z  200d6e325877 Download complete 
2026-09-15T23:01:09.6407004Z  da388505dad8 Downloading [==================================================>]     100B/100B
2026-09-15T23:01:09.6407784Z  da388505dad8 Verifying Checksum 
2026-09-15T23:01:09.6408244Z  da388505dad8 Download complete 
2026-09-15T23:01:09.6855893Z  d7788a257858 Downloading [==================================================>]     140B/140B
2026-09-15T23:01:09.6856826Z  d7788a257858 Verifying Checksum 
2026-09-15T23:01:09.6858376Z  d7788a257858 Extracting [==================================================>]     140B/140B
2026-09-15T23:01:09.6871513Z  d7788a257858 Extracting [==================================================>]     140B/140B
2026-09-15T23:01:09.7176672Z  8ee344dffb17 Extracting [==================>                                ]  22.28MB/59.4MB
2026-09-15T23:01:09.7759518Z  b3fa5aa4a9e5 Downloading [>                                                  ]  48.58kB/3.739MB
2026-09-15T23:01:09.8085932Z  d7788a257858 Pull complete 
2026-09-15T23:01:09.8183112Z  8ee344dffb17 Extracting [=======================>                           ]  27.85MB/59.4MB
2026-09-15T23:01:09.8206419Z  ad2518ae2a48 Downloading [>                                                  ]  97.73kB/8.735MB
2026-09-15T23:01:09.8249875Z  24ad5a5d1b0c Downloading [==>                                                ]  3.529kB/76kB
2026-09-15T23:01:09.8385851Z  24ad5a5d1b0c Downloading [==================================================>]     76kB/76kB
2026-09-15T23:01:09.8387016Z  24ad5a5d1b0c Verifying Checksum 
2026-09-15T23:01:09.8388280Z  24ad5a5d1b0c Download complete 
2026-09-15T23:01:09.8759019Z  b3fa5aa4a9e5 Downloading [=========================================>         ]  3.096MB/3.739MB
2026-09-15T23:01:09.8797238Z  b3fa5aa4a9e5 Verifying Checksum 
2026-09-15T23:01:09.8802321Z  b3fa5aa4a9e5 Download complete 
2026-09-15T23:01:09.8814232Z  b3fa5aa4a9e5 Extracting [>                                                  ]  65.54kB/3.739MB
2026-09-15T23:01:09.9204288Z  8ee344dffb17 Extracting [===============================>                   ]  37.32MB/59.4MB
2026-09-15T23:01:09.9230404Z  ad2518ae2a48 Downloading [=====================>                             ]  3.833MB/8.735MB
2026-09-15T23:01:09.9506595Z  ad2518ae2a48 Verifying Checksum 
2026-09-15T23:01:09.9507523Z  ad2518ae2a48 Download complete 
2026-09-15T23:01:09.9839483Z  b3fa5aa4a9e5 Extracting [=========>                                         ]  720.9kB/3.739MB
2026-09-15T23:01:09.9964067Z  de3f16ec959b Downloading [=====>                                             ]  3.529kB/32.55kB
2026-09-15T23:01:09.9987913Z  de3f16ec959b Downloading [==================================================>]  32.55kB/32.55kB
2026-09-15T23:01:09.9989597Z  de3f16ec959b Verifying Checksum 
2026-09-15T23:01:09.9990322Z  de3f16ec959b Download complete 
2026-09-15T23:01:10.0211769Z  8ee344dffb17 Extracting [=================================================> ]  58.49MB/59.4MB
2026-09-15T23:01:10.0657272Z  8ee344dffb17 Extracting [==================================================>]   59.4MB/59.4MB
2026-09-15T23:01:10.0972395Z  ccdc6a4758b3 Downloading [>                                                  ]  533.3kB/303.1MB
2026-09-15T23:01:10.1010863Z  8ee344dffb17 Pull complete 
2026-09-15T23:01:10.1075243Z  b3fa5aa4a9e5 Extracting [=================================================> ]  3.736MB/3.739MB
2026-09-15T23:01:10.1100499Z  7a5b1d5c3c45 Extracting [>                                                  ]  491.5kB/48.82MB
2026-09-15T23:01:10.1373020Z  b638a4802c9f Downloading [>                                                  ]  526.8kB/154.4MB
2026-09-15T23:01:10.1373643Z  157434f6599a Downloading [==================================================>]     184B/184B
2026-09-15T23:01:10.1376760Z  157434f6599a Verifying Checksum 
2026-09-15T23:01:10.1377995Z  157434f6599a Download complete 
2026-09-15T23:01:10.1609705Z  b3fa5aa4a9e5 Extracting [==================================================>]  3.739MB/3.739MB
2026-09-15T23:01:10.1982485Z  ccdc6a4758b3 Downloading [=>                                                 ]  10.68MB/303.1MB
2026-09-15T23:01:10.2189260Z  7a5b1d5c3c45 Extracting [======>                                            ]  5.898MB/48.82MB
2026-09-15T23:01:10.2492097Z  b638a4802c9f Downloading [=>                                                 ]  5.803MB/154.4MB
2026-09-15T23:01:10.2822221Z  4f4fb700ef54 Downloading [==================================================>]      32B/32B
2026-09-15T23:01:10.2831351Z  4f4fb700ef54 Verifying Checksum 
2026-09-15T23:01:10.2832258Z  4f4fb700ef54 Download complete 
2026-09-15T23:01:10.3000391Z  ccdc6a4758b3 Downloading [======>                                            ]  39.51MB/303.1MB
2026-09-15T23:01:10.3226176Z  7a5b1d5c3c45 Extracting [==========>                                        ]   9.83MB/48.82MB
2026-09-15T23:01:10.3601544Z  b638a4802c9f Downloading [=======>                                           ]  21.72MB/154.4MB
2026-09-15T23:01:10.4001282Z  ccdc6a4758b3 Downloading [===========>                                       ]  66.78MB/303.1MB
2026-09-15T23:01:10.4076176Z  b3fa5aa4a9e5 Pull complete 
2026-09-15T23:01:10.4103060Z  ad2518ae2a48 Extracting [>                                                  ]   98.3kB/8.735MB
2026-09-15T23:01:10.4299859Z  c3f38fea4531 Downloading [==================================================>]  1.335kB/1.335kB
2026-09-15T23:01:10.4301345Z  c3f38fea4531 Verifying Checksum 
2026-09-15T23:01:10.4302275Z  c3f38fea4531 Download complete 
2026-09-15T23:01:10.4441047Z  7a5b1d5c3c45 Extracting [=============>                                     ]  12.78MB/48.82MB
2026-09-15T23:01:10.4507226Z  b638a4802c9f Downloading [==============>                                    ]  45.75MB/154.4MB
2026-09-15T23:01:10.5011575Z  ccdc6a4758b3 Downloading [===============>                                   ]  91.33MB/303.1MB
2026-09-15T23:01:10.5119649Z  ad2518ae2a48 Extracting [==================>                                ]  3.146MB/8.735MB
2026-09-15T23:01:10.5517841Z  b638a4802c9f Downloading [======================>                            ]  70.83MB/154.4MB
2026-09-15T23:01:10.5549591Z  7a5b1d5c3c45 Extracting [================>                                  ]  15.73MB/48.82MB
2026-09-15T23:01:10.6027017Z  ccdc6a4758b3 Downloading [===================>                               ]  116.4MB/303.1MB
2026-09-15T23:01:10.6179697Z  ad2518ae2a48 Extracting [===================================>               ]  6.193MB/8.735MB
2026-09-15T23:01:10.6550742Z  b638a4802c9f Downloading [===============================>                   ]  96.95MB/154.4MB
2026-09-15T23:01:10.6645648Z  7a5b1d5c3c45 Extracting [==================>                                ]  17.69MB/48.82MB
2026-09-15T23:01:10.7051805Z  ccdc6a4758b3 Downloading [=======================>                           ]  144.2MB/303.1MB
2026-09-15T23:01:10.7226042Z  ad2518ae2a48 Extracting [=================================================> ]  8.651MB/8.735MB
2026-09-15T23:01:10.7270971Z  ad2518ae2a48 Extracting [==================================================>]  8.735MB/8.735MB
2026-09-15T23:01:10.7545139Z  b638a4802c9f Downloading [========================================>          ]  123.7MB/154.4MB
2026-09-15T23:01:10.7724511Z  7a5b1d5c3c45 Extracting [=====================>                             ]  21.14MB/48.82MB
2026-09-15T23:01:10.8518086Z  ccdc6a4758b3 Downloading [===========================>                       ]  166.2MB/303.1MB
2026-09-15T23:01:10.8545799Z  b638a4802c9f Downloading [==========================================>        ]  132.7MB/154.4MB
2026-09-15T23:01:10.8788638Z  7a5b1d5c3c45 Extracting [=======================>                           ]   23.1MB/48.82MB
2026-09-15T23:01:10.9403956Z  b638a4802c9f Verifying Checksum 
2026-09-15T23:01:10.9404489Z  b638a4802c9f Download complete 
2026-09-15T23:01:10.9511821Z  ccdc6a4758b3 Downloading [===============================>                   ]  193.9MB/303.1MB
2026-09-15T23:01:10.9806105Z  7a5b1d5c3c45 Extracting [==============================>                    ]  29.49MB/48.82MB
2026-09-15T23:01:11.0523309Z  ccdc6a4758b3 Downloading [=====================================>             ]  225.4MB/303.1MB
2026-09-15T23:01:11.0634869Z  ad2518ae2a48 Pull complete 
2026-09-15T23:01:11.0651346Z  24ad5a5d1b0c Extracting [=====================>                             ]  32.77kB/76kB
2026-09-15T23:01:11.0655626Z  24ad5a5d1b0c Extracting [==================================================>]     76kB/76kB
2026-09-15T23:01:11.0666800Z  24ad5a5d1b0c Extracting [==================================================>]     76kB/76kB
2026-09-15T23:01:11.0816522Z  7a5b1d5c3c45 Extracting [================================================>  ]  47.68MB/48.82MB
2026-09-15T23:01:11.2002852Z  ccdc6a4758b3 Downloading [========================================>          ]  242.5MB/303.1MB
2026-09-15T23:01:11.2098388Z  7a5b1d5c3c45 Extracting [=================================================> ]  48.66MB/48.82MB
2026-09-15T23:01:11.2234576Z  7a5b1d5c3c45 Extracting [==================================================>]  48.82MB/48.82MB
2026-09-15T23:01:11.2995682Z  ccdc6a4758b3 Downloading [=============================================>     ]  275.6MB/303.1MB
2026-09-15T23:01:11.3785902Z  ccdc6a4758b3 Verifying Checksum 
2026-09-15T23:01:11.3786369Z  ccdc6a4758b3 Download complete 
2026-09-15T23:01:11.4561136Z  24ad5a5d1b0c Pull complete 
2026-09-15T23:01:11.4561680Z  7a5b1d5c3c45 Pull complete 
2026-09-15T23:01:11.4570742Z  eb7a272b9937 Extracting [==================================================>]     654B/654B
2026-09-15T23:01:11.4576294Z  eb7a272b9937 Extracting [==================================================>]     654B/654B
2026-09-15T23:01:11.4585493Z  de3f16ec959b Extracting [==================================================>]  32.55kB/32.55kB
2026-09-15T23:01:11.4593384Z  de3f16ec959b Extracting [==================================================>]  32.55kB/32.55kB
2026-09-15T23:01:11.5946759Z  eb7a272b9937 Pull complete 
2026-09-15T23:01:11.5968611Z  0dc8fee0e5ee Extracting [==================================================>]  4.022kB/4.022kB
2026-09-15T23:01:11.5974769Z  0dc8fee0e5ee Extracting [==================================================>]  4.022kB/4.022kB
2026-09-15T23:01:11.6046737Z  de3f16ec959b Pull complete 
2026-09-15T23:01:11.6061931Z  0dc8fee0e5ee Pull complete 
2026-09-15T23:01:11.6078030Z  e80cad428b4d Extracting [==================================================>]  1.596kB/1.596kB
2026-09-15T23:01:11.6079498Z  e80cad428b4d Extracting [==================================================>]  1.596kB/1.596kB
2026-09-15T23:01:11.6145402Z  e80cad428b4d Pull complete 
2026-09-15T23:01:11.6158957Z  da388505dad8 Extracting [==================================================>]     100B/100B
2026-09-15T23:01:11.6159831Z  ccdc6a4758b3 Extracting [>                                                  ]  557.1kB/303.1MB
2026-09-15T23:01:11.6168779Z  da388505dad8 Extracting [==================================================>]     100B/100B
2026-09-15T23:01:11.6231623Z  da388505dad8 Pull complete 
2026-09-15T23:01:11.6243385Z  200d6e325877 Extracting [==================================================>]     712B/712B
2026-09-15T23:01:11.6254546Z  200d6e325877 Extracting [==================================================>]     712B/712B
2026-09-15T23:01:11.6364613Z  200d6e325877 Pull complete 
2026-09-15T23:01:11.6428557Z  prometheus Pulled 
2026-09-15T23:01:11.7213123Z  ccdc6a4758b3 Extracting [=>                                                 ]  8.356MB/303.1MB
2026-09-15T23:01:11.8224539Z  ccdc6a4758b3 Extracting [==>                                                ]   15.6MB/303.1MB
2026-09-15T23:01:11.9283167Z  ccdc6a4758b3 Extracting [===>                                               ]   23.4MB/303.1MB
2026-09-15T23:01:12.0315200Z  ccdc6a4758b3 Extracting [=====>                                             ]   31.2MB/303.1MB
2026-09-15T23:01:12.1331261Z  ccdc6a4758b3 Extracting [======>                                            ]  38.44MB/303.1MB
2026-09-15T23:01:12.2369466Z  ccdc6a4758b3 Extracting [=======>                                           ]  45.68MB/303.1MB
2026-09-15T23:01:12.3378620Z  ccdc6a4758b3 Extracting [========>                                          ]  51.25MB/303.1MB
2026-09-15T23:01:12.4425832Z  ccdc6a4758b3 Extracting [=========>                                         ]  58.49MB/303.1MB
2026-09-15T23:01:12.5685485Z  ccdc6a4758b3 Extracting [==========>                                        ]  65.73MB/303.1MB
2026-09-15T23:01:12.6734678Z  ccdc6a4758b3 Extracting [===========>                                       ]  68.52MB/303.1MB
2026-09-15T23:01:12.7774048Z  ccdc6a4758b3 Extracting [============>                                      ]  77.99MB/303.1MB
2026-09-15T23:01:12.8830727Z  ccdc6a4758b3 Extracting [==============>                                    ]  88.01MB/303.1MB
2026-09-15T23:01:12.9870231Z  ccdc6a4758b3 Extracting [===============>                                   ]  95.81MB/303.1MB
2026-09-15T23:01:13.0916195Z  ccdc6a4758b3 Extracting [================>                                  ]  103.1MB/303.1MB
2026-09-15T23:01:13.1931282Z  ccdc6a4758b3 Extracting [==================>                                ]  114.2MB/303.1MB
2026-09-15T23:01:13.2939236Z  ccdc6a4758b3 Extracting [=======================>                           ]  141.5MB/303.1MB
2026-09-15T23:01:13.3944868Z  ccdc6a4758b3 Extracting [============================>                      ]    171MB/303.1MB
2026-09-15T23:01:13.4995215Z  ccdc6a4758b3 Extracting [================================>                  ]  198.9MB/303.1MB
2026-09-15T23:01:13.6122565Z  ccdc6a4758b3 Extracting [=================================>                 ]  203.3MB/303.1MB
2026-09-15T23:01:13.7439075Z  ccdc6a4758b3 Extracting [=================================>                 ]    205MB/303.1MB
2026-09-15T23:01:13.8698862Z  ccdc6a4758b3 Extracting [==================================>                ]  207.8MB/303.1MB
2026-09-15T23:01:14.0083929Z  ccdc6a4758b3 Extracting [==================================>                ]  208.3MB/303.1MB
2026-09-15T23:01:14.1631675Z  ccdc6a4758b3 Extracting [==================================>                ]  208.9MB/303.1MB
2026-09-15T23:01:14.2984324Z  ccdc6a4758b3 Extracting [==================================>                ]  209.5MB/303.1MB
2026-09-15T23:01:14.4212639Z  ccdc6a4758b3 Extracting [==================================>                ]    210MB/303.1MB
2026-09-15T23:01:14.5263094Z  ccdc6a4758b3 Extracting [==================================>                ]  210.6MB/303.1MB
2026-09-15T23:01:14.6572837Z  ccdc6a4758b3 Extracting [==================================>                ]  211.1MB/303.1MB
2026-09-15T23:01:14.8537987Z  ccdc6a4758b3 Extracting [===================================>               ]  212.8MB/303.1MB
2026-09-15T23:01:14.9860974Z  ccdc6a4758b3 Extracting [===================================>               ]  213.4MB/303.1MB
2026-09-15T23:01:15.1227644Z  ccdc6a4758b3 Extracting [===================================>               ]  213.9MB/303.1MB
2026-09-15T23:01:15.2434360Z  ccdc6a4758b3 Extracting [===================================>               ]  214.5MB/303.1MB
2026-09-15T23:01:15.3482273Z  ccdc6a4758b3 Extracting [===================================>               ]  216.1MB/303.1MB
2026-09-15T23:01:15.4912166Z  ccdc6a4758b3 Extracting [====================================>              ]  218.4MB/303.1MB
2026-09-15T23:01:15.7102821Z  ccdc6a4758b3 Extracting [====================================>              ]  219.5MB/303.1MB
2026-09-15T23:01:15.8113071Z  ccdc6a4758b3 Extracting [====================================>              ]  223.9MB/303.1MB
2026-09-15T23:01:15.9205956Z  ccdc6a4758b3 Extracting [=====================================>             ]    229MB/303.1MB
2026-09-15T23:01:16.0280456Z  ccdc6a4758b3 Extracting [======================================>            ]  232.8MB/303.1MB
2026-09-15T23:01:16.1338548Z  ccdc6a4758b3 Extracting [=======================================>           ]    239MB/303.1MB
2026-09-15T23:01:16.2398719Z  ccdc6a4758b3 Extracting [========================================>          ]  245.1MB/303.1MB
2026-09-15T23:01:16.3470036Z  ccdc6a4758b3 Extracting [=========================================>         ]  251.8MB/303.1MB
2026-09-15T23:01:16.4544965Z  ccdc6a4758b3 Extracting [==========================================>        ]  256.8MB/303.1MB
2026-09-15T23:01:16.5563219Z  ccdc6a4758b3 Extracting [==========================================>        ]  259.6MB/303.1MB
2026-09-15T23:01:16.7999584Z  ccdc6a4758b3 Extracting [===========================================>       ]  265.7MB/303.1MB
2026-09-15T23:01:16.9959135Z  ccdc6a4758b3 Extracting [===========================================>       ]  266.3MB/303.1MB
2026-09-15T23:01:17.1170089Z  ccdc6a4758b3 Extracting [=============================================>     ]  274.6MB/303.1MB
2026-09-15T23:01:17.2170678Z  ccdc6a4758b3 Extracting [==============================================>    ]  279.6MB/303.1MB
2026-09-15T23:01:17.3210715Z  ccdc6a4758b3 Extracting [==============================================>    ]  284.7MB/303.1MB
2026-09-15T23:01:17.4241308Z  ccdc6a4758b3 Extracting [===============================================>   ]  289.1MB/303.1MB
2026-09-15T23:01:17.7929320Z  ccdc6a4758b3 Extracting [================================================>  ]  296.4MB/303.1MB
2026-09-15T23:01:17.9008671Z  ccdc6a4758b3 Extracting [=================================================> ]  299.7MB/303.1MB
2026-09-15T23:01:17.9633120Z  ccdc6a4758b3 Extracting [==================================================>]  303.1MB/303.1MB
2026-09-15T23:01:20.0130860Z  ccdc6a4758b3 Pull complete 
2026-09-15T23:01:20.0258564Z  b638a4802c9f Extracting [>                                                  ]  557.1kB/154.4MB
2026-09-15T23:01:20.1299606Z  b638a4802c9f Extracting [==>                                                ]  7.799MB/154.4MB
2026-09-15T23:01:20.2353249Z  b638a4802c9f Extracting [=====>                                             ]  16.15MB/154.4MB
2026-09-15T23:01:20.3388517Z  b638a4802c9f Extracting [=======>                                           ]  23.95MB/154.4MB
2026-09-15T23:01:20.4401734Z  b638a4802c9f Extracting [==========>                                        ]   31.2MB/154.4MB
2026-09-15T23:01:20.5452915Z  b638a4802c9f Extracting [============>                                      ]  39.55MB/154.4MB
2026-09-15T23:01:20.6514196Z  b638a4802c9f Extracting [===============>                                   ]  47.35MB/154.4MB
2026-09-15T23:01:20.7524716Z  b638a4802c9f Extracting [=================>                                 ]  55.15MB/154.4MB
2026-09-15T23:01:20.8548745Z  b638a4802c9f Extracting [====================>                              ]  62.95MB/154.4MB
2026-09-15T23:01:20.9568099Z  b638a4802c9f Extracting [======================>                            ]  70.75MB/154.4MB
2026-09-15T23:01:21.0633580Z  b638a4802c9f Extracting [=========================>                         ]  77.99MB/154.4MB
2026-09-15T23:01:21.1671762Z  b638a4802c9f Extracting [===========================>                       ]  85.23MB/154.4MB
2026-09-15T23:01:21.2680837Z  b638a4802c9f Extracting [==============================>                    ]  93.03MB/154.4MB
2026-09-15T23:01:21.3701438Z  b638a4802c9f Extracting [================================>                  ]  100.3MB/154.4MB
2026-09-15T23:01:21.4773130Z  b638a4802c9f Extracting [==================================>                ]    107MB/154.4MB
2026-09-15T23:01:21.5783790Z  b638a4802c9f Extracting [====================================>              ]    112MB/154.4MB
2026-09-15T23:01:21.6826591Z  b638a4802c9f Extracting [======================================>            ]  119.8MB/154.4MB
2026-09-15T23:01:21.7880553Z  b638a4802c9f Extracting [=========================================>         ]    127MB/154.4MB
2026-09-15T23:01:21.8968068Z  b638a4802c9f Extracting [===========================================>       ]  134.3MB/154.4MB
2026-09-15T23:01:21.9994710Z  b638a4802c9f Extracting [============================================>      ]  137.6MB/154.4MB
2026-09-15T23:01:22.1035386Z  b638a4802c9f Extracting [===============================================>   ]  145.4MB/154.4MB
2026-09-15T23:01:22.2054045Z  b638a4802c9f Extracting [=================================================> ]  153.2MB/154.4MB
2026-09-15T23:01:22.2200797Z  b638a4802c9f Extracting [==================================================>]  154.4MB/154.4MB
2026-09-15T23:01:23.0586736Z  b638a4802c9f Pull complete 
2026-09-15T23:01:23.0596409Z  157434f6599a Extracting [==================================================>]     184B/184B
2026-09-15T23:01:23.0601148Z  157434f6599a Extracting [==================================================>]     184B/184B
2026-09-15T23:01:23.0679506Z  157434f6599a Pull complete 
2026-09-15T23:01:23.0698691Z  4f4fb700ef54 Extracting [==================================================>]      32B/32B
2026-09-15T23:01:23.0703699Z  4f4fb700ef54 Extracting [==================================================>]      32B/32B
2026-09-15T23:01:23.0764101Z  4f4fb700ef54 Pull complete 
2026-09-15T23:01:23.0780465Z  c3f38fea4531 Extracting [==================================================>]  1.335kB/1.335kB
2026-09-15T23:01:23.0784756Z  c3f38fea4531 Extracting [==================================================>]  1.335kB/1.335kB
2026-09-15T23:01:23.0840889Z  c3f38fea4531 Pull complete 
2026-09-15T23:01:23.0898077Z  grafana Pulled 
2026-09-15T23:01:23.0920483Z  Volume "medical-classifier_grafana-dados"  Creating
2026-09-15T23:01:23.0934362Z  Volume "medical-classifier_grafana-dados"  Created
2026-09-15T23:01:23.0943536Z  Volume "medical-classifier_prometheus-dados"  Creating
2026-09-15T23:01:23.0950163Z  Volume "medical-classifier_prometheus-dados"  Created
2026-09-15T23:01:23.0958548Z  Container medical-classifier-api-1  Creating
2026-09-15T23:01:23.1119034Z  Container medical-classifier-api-1  Created
2026-09-15T23:01:23.1119480Z  Container medical-classifier-prometheus-1  Creating
2026-09-15T23:01:23.1215904Z  Container medical-classifier-prometheus-1  Created
2026-09-15T23:01:23.1216590Z  Container medical-classifier-grafana-1  Creating
2026-09-15T23:01:23.1320295Z  Container medical-classifier-grafana-1  Created
2026-09-15T23:01:23.1331222Z  Container medical-classifier-api-1  Starting
2026-09-15T23:01:23.4252951Z  Container medical-classifier-api-1  Started
2026-09-15T23:01:23.4253594Z  Container medical-classifier-prometheus-1  Starting
2026-09-15T23:01:23.5692724Z  Container medical-classifier-prometheus-1  Started
2026-09-15T23:01:23.5693701Z  Container medical-classifier-prometheus-1  Waiting
2026-09-15T23:01:34.0712992Z  Container medical-classifier-prometheus-1  Healthy
2026-09-15T23:01:34.0713635Z  Container medical-classifier-grafana-1  Starting
2026-09-15T23:01:34.2094019Z  Container medical-classifier-grafana-1  Started
2026-09-15T23:01:34.2172317Z ##[group]Run python scripts/smoke_stack.py --tempo-limite 120 --saida reports/smoke_stack.json
2026-09-15T23:01:34.2172980Z [36;1mpython scripts/smoke_stack.py --tempo-limite 120 --saida reports/smoke_stack.json[0m
2026-09-15T23:01:34.2214717Z shell: /usr/bin/bash --noprofile --norc -e -o pipefail {0}
2026-09-15T23:01:34.2215063Z env:
2026-09-15T23:01:34.2215326Z   GRAFANA_ADMIN_PASSWORD: senha-local-do-runner-ci
2026-09-15T23:01:34.2215648Z   OMP_NUM_THREADS: 1
2026-09-15T23:01:34.2215883Z   OPENBLAS_NUM_THREADS: 1
2026-09-15T23:01:34.2216119Z   MKL_NUM_THREADS: 1
2026-09-15T23:01:34.2216394Z   pythonLocation: /opt/hostedtoolcache/Python/3.11.16/x64
2026-09-15T23:01:34.2216832Z   PKG_CONFIG_PATH: /opt/hostedtoolcache/Python/3.11.16/x64/lib/pkgconfig
2026-09-15T23:01:34.2217255Z   Python_ROOT_DIR: /opt/hostedtoolcache/Python/3.11.16/x64
2026-09-15T23:01:34.2217884Z   Python2_ROOT_DIR: /opt/hostedtoolcache/Python/3.11.16/x64
2026-09-15T23:01:34.2218338Z   Python3_ROOT_DIR: /opt/hostedtoolcache/Python/3.11.16/x64
2026-09-15T23:01:34.2218728Z   LD_LIBRARY_PATH: /opt/hostedtoolcache/Python/3.11.16/x64/lib
2026-09-15T23:01:34.2219064Z ##[endgroup]
2026-09-15T23:02:03.5403924Z {
2026-09-15T23:02:03.5404202Z   "sucesso": true,
2026-09-15T23:02:03.5404455Z   "api": {
2026-09-15T23:02:03.5404674Z     "health": 200,
2026-09-15T23:02:03.5404902Z     "ready": 200,
2026-09-15T23:02:03.5405120Z     "predict": 200,
2026-09-15T23:02:03.5405364Z     "entrada_invalida": 422
2026-09-15T23:02:03.5405626Z   },
2026-09-15T23:02:03.5405821Z   "modelo": {
2026-09-15T23:02:03.5406048Z     "versao": "20260915T230048-695b0121",
2026-09-15T23:02:03.5406340Z     "backend": "onnx"
2026-09-15T23:02:03.5406552Z   },
2026-09-15T23:02:03.5406759Z   "requisicoes_validas_geradas": 21,
2026-09-15T23:02:03.5407031Z   "prometheus": {
2026-09-15T23:02:03.5407246Z     "coleta": "ativa",
2026-09-15T23:02:03.5407702Z     "histograma": "presente",
2026-09-15T23:02:03.5408269Z     "janela_taxa": "20s",
2026-09-15T23:02:03.5408600Z     "instante_metricas_utc": "2026-09-15T23:02:03.476000+00:00"
2026-09-15T23:02:03.5408928Z   },
2026-09-15T23:02:03.5409110Z   "grafana": {
2026-09-15T23:02:03.5409319Z     "fonte_dados": "OK",
2026-09-15T23:02:03.5409580Z     "dashboard": "medical-classifier",
2026-09-15T23:02:03.5409847Z     "paineis": [
2026-09-15T23:02:03.5410053Z       {
2026-09-15T23:02:03.5410766Z         "titulo": "Requisições de classificação",
2026-09-15T23:02:03.5411148Z         "consultas": [
2026-09-15T23:02:03.5411381Z           {
2026-09-15T23:02:03.5411840Z             "expressao": "sum(http_requests_total{job=\"medical-api\",route=\"/predict\",method=\"POST\"}) or vector(0)",
2026-09-15T23:02:03.5412432Z             "valor": 23.0
2026-09-15T23:02:03.5412666Z           }
2026-09-15T23:02:03.5412860Z         ]
2026-09-15T23:02:03.5413057Z       },
2026-09-15T23:02:03.5413254Z       {
2026-09-15T23:02:03.5413517Z         "titulo": "Coleta de métricas",
2026-09-15T23:02:03.5413859Z         "consultas": [
2026-09-15T23:02:03.5414093Z           {
2026-09-15T23:02:03.5414387Z             "expressao": "up{job=\"medical-api\"}",
2026-09-15T23:02:03.5414736Z             "valor": 1.0
2026-09-15T23:02:03.5414966Z           }
2026-09-15T23:02:03.5415156Z         ]
2026-09-15T23:02:03.5415347Z       },
2026-09-15T23:02:03.5415536Z       {
2026-09-15T23:02:03.5415752Z         "titulo": "Modelo pronto",
2026-09-15T23:02:03.5416064Z         "consultas": [
2026-09-15T23:02:03.5416294Z           {
2026-09-15T23:02:03.5416724Z             "expressao": "(model_ready{job=\"medical-api\"} * on(job, instance) up{job=\"medical-api\"}) or vector(0)",
2026-09-15T23:02:03.5417248Z             "valor": 1.0
2026-09-15T23:02:03.5417791Z           }
2026-09-15T23:02:03.5417983Z         ]
2026-09-15T23:02:03.5418176Z       },
2026-09-15T23:02:03.5418370Z       {
2026-09-15T23:02:03.5418703Z         "titulo": "Chamadas de classificação por segundo",
2026-09-15T23:02:03.5419089Z         "consultas": [
2026-09-15T23:02:03.5419311Z           {
2026-09-15T23:02:03.5420128Z             "expressao": "sum(rate(http_requests_total{job=\"medical-api\",route=\"/predict\",method=\"POST\"}[20s])) or vector(0)",
2026-09-15T23:02:03.5420717Z             "valor": 0.7333333333333333
2026-09-15T23:02:03.5420989Z           }
2026-09-15T23:02:03.5421185Z         ]
2026-09-15T23:02:03.5421391Z       },
2026-09-15T23:02:03.5421587Z       {
2026-09-15T23:02:03.5421880Z         "titulo": "Latência HTTP p50 e p95",
2026-09-15T23:02:03.5422221Z         "consultas": [
2026-09-15T23:02:03.5422452Z           {
2026-09-15T23:02:03.5423052Z             "expressao": "histogram_quantile(0.50, sum by (le) (rate(http_request_duration_seconds_bucket{job=\"medical-api\",route=\"/predict\",method=\"POST\"}[20s])))",
2026-09-15T23:02:03.5423736Z             "valor": 0.0025
2026-09-15T23:02:03.5424036Z           },
2026-09-15T23:02:03.5424241Z           {
2026-09-15T23:02:03.5424802Z             "expressao": "histogram_quantile(0.95, sum by (le) (rate(http_request_duration_seconds_bucket{job=\"medical-api\",route=\"/predict\",method=\"POST\"}[20s])))",
2026-09-15T23:02:03.5425482Z             "valor": 0.00475
2026-09-15T23:02:03.5425727Z           }
2026-09-15T23:02:03.5425915Z         ]
2026-09-15T23:02:03.5426107Z       },
2026-09-15T23:02:03.5426301Z       {
2026-09-15T23:02:03.5426619Z         "titulo": "Proporção de erros de classificação",
2026-09-15T23:02:03.5426999Z         "consultas": [
2026-09-15T23:02:03.5427223Z           {
2026-09-15T23:02:03.5429132Z             "expressao": "100 * (sum(rate(http_requests_total{job=\"medical-api\",route=\"/predict\",method=\"POST\",status=~\"4..\"}[20s])) or vector(0)) / clamp_min((sum(rate(http_requests_total{job=\"medical-api\",route=\"/predict\",method=\"POST\"}[20s])) or vector(0)), 1e-9)",
2026-09-15T23:02:03.5430101Z             "valor": 9.090909090909092
2026-09-15T23:02:03.5430360Z           },
2026-09-15T23:02:03.5430557Z           {
2026-09-15T23:02:03.5431435Z             "expressao": "100 * (sum(rate(http_requests_total{job=\"medical-api\",route=\"/predict\",method=\"POST\",status=~\"5..\"}[20s])) or vector(0)) / clamp_min((sum(rate(http_requests_total{job=\"medical-api\",route=\"/predict\",method=\"POST\"}[20s])) or vector(0)), 1e-9)",
2026-09-15T23:02:03.5432518Z             "valor": 0.0
2026-09-15T23:02:03.5432738Z           }
2026-09-15T23:02:03.5432923Z         ]
2026-09-15T23:02:03.5433107Z       }
2026-09-15T23:02:03.5433288Z     ]
2026-09-15T23:02:03.5433470Z   },
2026-09-15T23:02:03.5433698Z   "inicio_utc": "2026-09-15T23:01:34.285830+00:00",
2026-09-15T23:02:03.5434015Z   "fim_utc": "2026-09-15T23:02:03.539760+00:00"
2026-09-15T23:02:03.5434288Z }
2026-09-15T23:02:03.5543864Z ##[group]Run mkdir -p imagem
2026-09-15T23:02:03.5544191Z [36;1mmkdir -p imagem[0m
2026-09-15T23:02:03.5544604Z [36;1mdocker image inspect medical-classifier:local --format '{{.Id}}' > imagem/id.txt[0m
2026-09-15T23:02:03.5545197Z [36;1mdocker save medical-classifier:local | gzip -1 > imagem/classificador.tar.gz[0m
2026-09-15T23:02:03.5545794Z [36;1msha256sum imagem/classificador.tar.gz > imagem/classificador.tar.gz.sha256[0m
2026-09-15T23:02:03.5586260Z shell: /usr/bin/bash --noprofile --norc -e -o pipefail {0}
2026-09-15T23:02:03.5586618Z env:
2026-09-15T23:02:03.5586878Z   GRAFANA_ADMIN_PASSWORD: senha-local-do-runner-ci
2026-09-15T23:02:03.5587206Z   OMP_NUM_THREADS: 1
2026-09-15T23:02:03.5587612Z   OPENBLAS_NUM_THREADS: 1
2026-09-15T23:02:03.5587849Z   MKL_NUM_THREADS: 1
2026-09-15T23:02:03.5588125Z   pythonLocation: /opt/hostedtoolcache/Python/3.11.16/x64
2026-09-15T23:02:03.5588560Z   PKG_CONFIG_PATH: /opt/hostedtoolcache/Python/3.11.16/x64/lib/pkgconfig
2026-09-15T23:02:03.5589018Z   Python_ROOT_DIR: /opt/hostedtoolcache/Python/3.11.16/x64
2026-09-15T23:02:03.5589402Z   Python2_ROOT_DIR: /opt/hostedtoolcache/Python/3.11.16/x64
2026-09-15T23:02:03.5589786Z   Python3_ROOT_DIR: /opt/hostedtoolcache/Python/3.11.16/x64
2026-09-15T23:02:03.5590174Z   LD_LIBRARY_PATH: /opt/hostedtoolcache/Python/3.11.16/x64/lib
2026-09-15T23:02:03.5590510Z ##[endgroup]
2026-09-15T23:02:09.4086102Z Node 20 is being deprecated. This workflow is running with Node 24 by default. If you need to temporarily use Node 20, you can set the ACTIONS_ALLOW_USE_UNSECURE_NODE_VERSION=true environment variable. For more information see: https://github.blog/changelog/2025-09-19-deprecation-of-node-20-on-github-actions-runners/
2026-09-15T23:02:09.4088244Z ##[group]Run actions/upload-artifact@v4
2026-09-15T23:02:09.4088566Z with:
2026-09-15T23:02:09.4088972Z   name: imagem-validada-34e478123d94854198cf4788580b40d539d8d86c-35033470421-1
2026-09-15T23:02:09.4089459Z   path: imagem/
2026-09-15T23:02:09.4089796Z   if-no-files-found: error
2026-09-15T23:02:09.4090172Z   retention-days: 7
2026-09-15T23:02:09.4090515Z   compression-level: 0
2026-09-15T23:02:09.4090862Z   overwrite: false
2026-09-15T23:02:09.4091164Z   include-hidden-files: false
2026-09-15T23:02:09.4091538Z env:
2026-09-15T23:02:09.4091777Z   GRAFANA_ADMIN_PASSWORD: senha-local-do-runner-ci
2026-09-15T23:02:09.4092222Z   OMP_NUM_THREADS: 1
2026-09-15T23:02:09.4092485Z   OPENBLAS_NUM_THREADS: 1
2026-09-15T23:02:09.4092717Z   MKL_NUM_THREADS: 1
2026-09-15T23:02:09.4093111Z   pythonLocation: /opt/hostedtoolcache/Python/3.11.16/x64
2026-09-15T23:02:09.4093559Z   PKG_CONFIG_PATH: /opt/hostedtoolcache/Python/3.11.16/x64/lib/pkgconfig
2026-09-15T23:02:09.4094096Z   Python_ROOT_DIR: /opt/hostedtoolcache/Python/3.11.16/x64
2026-09-15T23:02:09.4094477Z   Python2_ROOT_DIR: /opt/hostedtoolcache/Python/3.11.16/x64
2026-09-15T23:02:09.4094986Z   Python3_ROOT_DIR: /opt/hostedtoolcache/Python/3.11.16/x64
2026-09-15T23:02:09.4095364Z   LD_LIBRARY_PATH: /opt/hostedtoolcache/Python/3.11.16/x64/lib
2026-09-15T23:02:09.4095824Z ##[endgroup]
2026-09-15T23:02:09.5965400Z (node:5546) [DEP0040] DeprecationWarning: The `punycode` module is deprecated. Please use a userland alternative instead.
2026-09-15T23:02:09.5966572Z (Use `node --trace-deprecation ...` to show where the warning was created)
2026-09-15T23:02:09.6178158Z With the provided path, there will be 3 files uploaded
2026-09-15T23:02:09.6208485Z Artifact name is valid!
2026-09-15T23:02:09.6210760Z Root directory input is valid!
2026-09-15T23:02:09.8849067Z Beginning upload of artifact content to blob storage
2026-09-15T23:02:09.9341694Z (node:5546) [DEP0169] DeprecationWarning: `url.parse()` behavior is not standardized and prone to errors that have security implications. Use the WHATWG URL API instead. CVEs are not issued for `url.parse()` vulnerabilities.
2026-09-15T23:02:10.3914927Z Uploaded bytes 8388608
2026-09-15T23:02:10.4241248Z Uploaded bytes 16777216
2026-09-15T23:02:10.4732914Z Uploaded bytes 25165824
2026-09-15T23:02:10.5416479Z Uploaded bytes 33554432
2026-09-15T23:02:10.5830864Z Uploaded bytes 41943040
2026-09-15T23:02:10.6391850Z Uploaded bytes 50331648
2026-09-15T23:02:10.6481387Z Uploaded bytes 58720256
2026-09-15T23:02:10.7324507Z Uploaded bytes 67108864
2026-09-15T23:02:10.7815708Z Uploaded bytes 75497472
2026-09-15T23:02:10.8257918Z Uploaded bytes 83886080
2026-09-15T23:02:10.8621544Z Uploaded bytes 92274688
2026-09-15T23:02:10.9012091Z Uploaded bytes 100663296
2026-09-15T23:02:10.9934657Z Uploaded bytes 102998241
2026-09-15T23:02:11.0357630Z Finished uploading artifact content to blob storage!
2026-09-15T23:02:11.0358622Z SHA256 digest of uploaded artifact zip is 904f4c73250eb40d377a59230ca64099b6369c879ec33c27d67675bfea2e2807
2026-09-15T23:02:11.0360454Z Finalizing artifact upload
2026-09-15T23:02:11.2488549Z Artifact imagem-validada-34e478123d94854198cf4788580b40d539d8d86c-35033470421-1.zip successfully finalized. Artifact ID 10422840919
2026-09-15T23:02:11.2490395Z Artifact imagem-validada-34e478123d94854198cf4788580b40d539d8d86c-35033470421-1 has been successfully uploaded! Final size is 102998241 bytes. Artifact ID is 10422840919
2026-09-15T23:02:11.2495703Z Artifact download URL: https://github.com/callyafiune/Tech-Challenge-fase-3/actions/runs/35033470421/artifacts/10422840919
2026-09-15T23:02:11.2709212Z ##[group]Run mkdir -p reports
2026-09-15T23:02:11.2709564Z [36;1mmkdir -p reports[0m
2026-09-15T23:02:11.2709932Z [36;1mdocker compose logs --no-color > reports/stack.log 2>&1 || true[0m
2026-09-15T23:02:11.2710523Z [36;1mdocker compose -f docker-compose.airflow.yml logs --no-color > reports/airflow.log 2>&1 || true[0m
2026-09-15T23:02:11.2711127Z [36;1mif docker image inspect medical-classifier:local > /dev/null 2>&1; then[0m
2026-09-15T23:02:11.2712009Z [36;1m  docker run --rm -i --user "$(id -u):$(id -g)" --volume medical-classifier_dados:/dados:ro --volume "$PWD/reports:/destino" --entrypoint python medical-classifier:local - <<'PY'[0m
2026-09-15T23:02:11.2712728Z [36;1mfrom pathlib import Path[0m
2026-09-15T23:02:11.2713013Z [36;1mimport shutil[0m
2026-09-15T23:02:11.2713354Z [36;1mfor arquivo in Path("/dados/runs").glob("*/reports/*.json"):[0m
2026-09-15T23:02:11.2713867Z [36;1m    destino = Path("/destino") / f"{arquivo.parents[1].name}-{arquivo.name}"[0m
2026-09-15T23:02:11.2714325Z [36;1m    shutil.copy2(arquivo, destino)[0m
2026-09-15T23:02:11.2714620Z [36;1mPY[0m
2026-09-15T23:02:11.2714818Z [36;1mfi[0m
2026-09-15T23:02:11.2755664Z shell: /usr/bin/bash --noprofile --norc -e -o pipefail {0}
2026-09-15T23:02:11.2756024Z env:
2026-09-15T23:02:11.2756285Z   GRAFANA_ADMIN_PASSWORD: senha-local-do-runner-ci
2026-09-15T23:02:11.2756619Z   OMP_NUM_THREADS: 1
2026-09-15T23:02:11.2756864Z   OPENBLAS_NUM_THREADS: 1
2026-09-15T23:02:11.2757106Z   MKL_NUM_THREADS: 1
2026-09-15T23:02:11.2757525Z   pythonLocation: /opt/hostedtoolcache/Python/3.11.16/x64
2026-09-15T23:02:11.2757968Z   PKG_CONFIG_PATH: /opt/hostedtoolcache/Python/3.11.16/x64/lib/pkgconfig
2026-09-15T23:02:11.2758398Z   Python_ROOT_DIR: /opt/hostedtoolcache/Python/3.11.16/x64
2026-09-15T23:02:11.2758792Z   Python2_ROOT_DIR: /opt/hostedtoolcache/Python/3.11.16/x64
2026-09-15T23:02:11.2759184Z   Python3_ROOT_DIR: /opt/hostedtoolcache/Python/3.11.16/x64
2026-09-15T23:02:11.2759600Z   LD_LIBRARY_PATH: /opt/hostedtoolcache/Python/3.11.16/x64/lib
2026-09-15T23:02:11.2760147Z ##[endgroup]
2026-09-15T23:02:11.7950911Z Node 20 is being deprecated. This workflow is running with Node 24 by default. If you need to temporarily use Node 20, you can set the ACTIONS_ALLOW_USE_UNSECURE_NODE_VERSION=true environment variable. For more information see: https://github.blog/changelog/2025-09-19-deprecation-of-node-20-on-github-actions-runners/
2026-09-15T23:02:11.7952130Z ##[group]Run actions/upload-artifact@v4
2026-09-15T23:02:11.7952414Z with:
2026-09-15T23:02:11.7952636Z   name: evidencias-ci-35033470421-1
2026-09-15T23:02:11.7952942Z   path: reports/
2026-09-15T23:02:11.7953173Z   if-no-files-found: warn
2026-09-15T23:02:11.7953422Z   retention-days: 14
2026-09-15T23:02:11.7953696Z   compression-level: 6
2026-09-15T23:02:11.7953932Z   overwrite: false
2026-09-15T23:02:11.7954169Z   include-hidden-files: false
2026-09-15T23:02:11.7954420Z env:
2026-09-15T23:02:11.7954662Z   GRAFANA_ADMIN_PASSWORD: senha-local-do-runner-ci
2026-09-15T23:02:11.7954984Z   OMP_NUM_THREADS: 1
2026-09-15T23:02:11.7955254Z   OPENBLAS_NUM_THREADS: 1
2026-09-15T23:02:11.7955493Z   MKL_NUM_THREADS: 1
2026-09-15T23:02:11.7955778Z   pythonLocation: /opt/hostedtoolcache/Python/3.11.16/x64
2026-09-15T23:02:11.7956217Z   PKG_CONFIG_PATH: /opt/hostedtoolcache/Python/3.11.16/x64/lib/pkgconfig
2026-09-15T23:02:11.7956648Z   Python_ROOT_DIR: /opt/hostedtoolcache/Python/3.11.16/x64
2026-09-15T23:02:11.7957042Z   Python2_ROOT_DIR: /opt/hostedtoolcache/Python/3.11.16/x64
2026-09-15T23:02:11.7957715Z   Python3_ROOT_DIR: /opt/hostedtoolcache/Python/3.11.16/x64
2026-09-15T23:02:11.7958135Z   LD_LIBRARY_PATH: /opt/hostedtoolcache/Python/3.11.16/x64/lib
2026-09-15T23:02:11.7958472Z ##[endgroup]
2026-09-15T23:02:11.9667844Z (node:5761) [DEP0040] DeprecationWarning: The `punycode` module is deprecated. Please use a userland alternative instead.
2026-09-15T23:02:11.9668990Z (Use `node --trace-deprecation ...` to show where the warning was created)
2026-09-15T23:02:12.0039950Z With the provided path, there will be 189 files uploaded
2026-09-15T23:02:12.0045930Z Artifact name is valid!
2026-09-15T23:02:12.0046442Z Root directory input is valid!
2026-09-15T23:02:12.2444317Z Beginning upload of artifact content to blob storage
2026-09-15T23:02:12.5140926Z (node:5761) [DEP0169] DeprecationWarning: `url.parse()` behavior is not standardized and prone to errors that have security implications. Use the WHATWG URL API instead. CVEs are not issued for `url.parse()` vulnerabilities.
2026-09-15T23:02:12.9144072Z Uploaded bytes 3156711
2026-09-15T23:02:12.9564745Z Finished uploading artifact content to blob storage!
2026-09-15T23:02:12.9565712Z SHA256 digest of uploaded artifact zip is 3fd953ceaac0b869b8866a8b9684e215d4c583a3f91d9d1cd053fbb11e226574
2026-09-15T23:02:12.9567648Z Finalizing artifact upload
2026-09-15T23:02:13.1766592Z Artifact evidencias-ci-35033470421-1.zip successfully finalized. Artifact ID 10423120055
2026-09-15T23:02:13.1767714Z Artifact evidencias-ci-35033470421-1 has been successfully uploaded! Final size is 3156711 bytes. Artifact ID is 10423120055
2026-09-15T23:02:13.1773114Z Artifact download URL: https://github.com/callyafiune/Tech-Challenge-fase-3/actions/runs/35033470421/artifacts/10423120055
2026-09-15T23:02:13.1920555Z ##[group]Run docker compose -f docker-compose.airflow.yml down --volumes --remove-orphans
2026-09-15T23:02:13.1921648Z [36;1mdocker compose -f docker-compose.airflow.yml down --volumes --remove-orphans[0m
2026-09-15T23:02:13.1922502Z [36;1mdocker compose down --volumes --remove-orphans[0m
2026-09-15T23:02:13.1980397Z shell: /usr/bin/bash --noprofile --norc -e -o pipefail {0}
2026-09-15T23:02:13.1980925Z env:
2026-09-15T23:02:13.1981312Z   GRAFANA_ADMIN_PASSWORD: senha-local-do-runner-ci
2026-09-15T23:02:13.1981832Z   OMP_NUM_THREADS: 1
2026-09-15T23:02:13.1982196Z   OPENBLAS_NUM_THREADS: 1
2026-09-15T23:02:13.1982586Z   MKL_NUM_THREADS: 1
2026-09-15T23:02:13.1983057Z   pythonLocation: /opt/hostedtoolcache/Python/3.11.16/x64
2026-09-15T23:02:13.1983792Z   PKG_CONFIG_PATH: /opt/hostedtoolcache/Python/3.11.16/x64/lib/pkgconfig
2026-09-15T23:02:13.1984844Z   Python_ROOT_DIR: /opt/hostedtoolcache/Python/3.11.16/x64
2026-09-15T23:02:13.1985541Z   Python2_ROOT_DIR: /opt/hostedtoolcache/Python/3.11.16/x64
2026-09-15T23:02:13.1986201Z   Python3_ROOT_DIR: /opt/hostedtoolcache/Python/3.11.16/x64
2026-09-15T23:02:13.1986878Z   LD_LIBRARY_PATH: /opt/hostedtoolcache/Python/3.11.16/x64/lib
2026-09-15T23:02:13.1987746Z ##[endgroup]
2026-09-15T23:02:13.2732895Z  Volume medical-classifier-airflow_airflow-estado  Removing
2026-09-15T23:02:13.2733622Z  Network medical-classifier-airflow_default  Removing
2026-09-15T23:02:13.2749448Z  Volume medical-classifier-airflow_airflow-estado  Removed
2026-09-15T23:02:13.3652949Z  Network medical-classifier-airflow_default  Removed
2026-09-15T23:02:13.4421768Z  Container medical-classifier-grafana-1  Stopping
2026-09-15T23:02:13.6631502Z  Container medical-classifier-grafana-1  Stopped
2026-09-15T23:02:13.6632525Z  Container medical-classifier-grafana-1  Removing
2026-09-15T23:02:13.6673681Z  Container medical-classifier-grafana-1  Removed
2026-09-15T23:02:13.6674532Z  Container medical-classifier-prometheus-1  Stopping
2026-09-15T23:02:13.7655363Z  Container medical-classifier-prometheus-1  Stopped
2026-09-15T23:02:13.7661186Z  Container medical-classifier-prometheus-1  Removing
2026-09-15T23:02:13.7728732Z  Container medical-classifier-prometheus-1  Removed
2026-09-15T23:02:13.7729438Z  Container medical-classifier-api-1  Stopping
2026-09-15T23:02:13.9880745Z  Container medical-classifier-api-1  Stopped
2026-09-15T23:02:13.9881581Z  Container medical-classifier-api-1  Removing
2026-09-15T23:02:13.9928374Z  Container medical-classifier-api-1  Removed
2026-09-15T23:02:13.9929026Z  Container medical-classifier-pipeline-1  Stopping
2026-09-15T23:02:13.9932664Z  Container medical-classifier-pipeline-1  Stopped
2026-09-15T23:02:13.9933210Z  Container medical-classifier-pipeline-1  Removing
2026-09-15T23:02:13.9962319Z  Container medical-classifier-pipeline-1  Removed
2026-09-15T23:02:13.9969426Z  Volume medical-classifier_modelos  Removing
2026-09-15T23:02:13.9976814Z  Volume medical-classifier_grafana-dados  Removing
2026-09-15T23:02:13.9978424Z  Volume medical-classifier_dados  Removing
2026-09-15T23:02:13.9979245Z  Volume medical-classifier_prometheus-dados  Removing
2026-09-15T23:02:13.9979839Z  Network medical-classifier_default  Removing
2026-09-15T23:02:13.9986280Z  Volume medical-classifier_prometheus-dados  Removed
2026-09-15T23:02:13.9996642Z  Volume medical-classifier_modelos  Removed
2026-09-15T23:02:14.0013049Z  Volume medical-classifier_grafana-dados  Removed
2026-09-15T23:02:14.0052075Z  Volume medical-classifier_dados  Removed
2026-09-15T23:02:14.0885558Z  Network medical-classifier_default  Removed
2026-09-15T23:02:14.1001645Z Node 20 is being deprecated. This workflow is running with Node 24 by default. If you need to temporarily use Node 20, you can set the ACTIONS_ALLOW_USE_UNSECURE_NODE_VERSION=true environment variable. For more information see: https://github.blog/changelog/2025-09-19-deprecation-of-node-20-on-github-actions-runners/
2026-09-15T23:02:14.1002930Z Post job cleanup.
2026-09-15T23:02:14.2274858Z (node:6026) [DEP0040] DeprecationWarning: The `punycode` module is deprecated. Please use a userland alternative instead.
2026-09-15T23:02:14.2275747Z (Use `node --trace-deprecation ...` to show where the warning was created)
2026-09-15T23:02:14.2482875Z [command]/usr/bin/tar --posix -cf cache.tzst --exclude cache.tzst -P -C /home/runner/work/Tech-Challenge-fase-3/Tech-Challenge-fase-3 --files-from manifest.txt --use-compress-program zstdmt
2026-09-15T23:02:14.6347223Z (node:6026) [DEP0169] DeprecationWarning: `url.parse()` behavior is not standardized and prone to errors that have security implications. Use the WHATWG URL API instead. CVEs are not issued for `url.parse()` vulnerabilities.
2026-09-15T23:02:15.6229766Z Sent 2865804 of 137083532 (2.1%), 2.7 MBs/sec
2026-09-15T23:02:15.9656942Z Sent 137083532 of 137083532 (100.0%), 97.3 MBs/sec
2026-09-15T23:02:16.1420108Z Cache saved with the key: setup-python-Linux-x64-24.04-Ubuntu-python-3.11.16-pip-dbf577e5fe0c2f4b03562c83fc7f94f7a8b03723a8acbbae623b6218faafb446
2026-09-15T23:02:16.1590164Z Node 20 is being deprecated. This workflow is running with Node 24 by default. If you need to temporarily use Node 20, you can set the ACTIONS_ALLOW_USE_UNSECURE_NODE_VERSION=true environment variable. For more information see: https://github.blog/changelog/2025-09-19-deprecation-of-node-20-on-github-actions-runners/
2026-09-15T23:02:16.1591478Z Post job cleanup.
2026-09-15T23:02:16.2461792Z [command]/usr/bin/git version
2026-09-15T23:02:16.2506543Z git version 2.55.0
2026-09-15T23:02:16.2545029Z Temporarily overriding HOME='/home/runner/work/_temp/9be98700-b56a-454b-a763-b82759b1fd97' before making global git config changes
2026-09-15T23:02:16.2546472Z Adding repository directory to the temporary git global config as a safe directory
2026-09-15T23:02:16.2550986Z [command]/usr/bin/git config --global --add safe.directory /home/runner/work/Tech-Challenge-fase-3/Tech-Challenge-fase-3
2026-09-15T23:02:16.2593142Z [command]/usr/bin/git config --local --name-only --get-regexp core\.sshCommand
2026-09-15T23:02:16.2631966Z [command]/usr/bin/git submodule foreach --recursive sh -c "git config --local --name-only --get-regexp 'core\.sshCommand' && git config --local --unset-all 'core.sshCommand' || :"
2026-09-15T23:02:16.2900203Z [command]/usr/bin/git config --local --name-only --get-regexp http\.https\:\/\/github\.com\/\.extraheader
2026-09-15T23:02:16.2930153Z http.https://github.com/.extraheader
2026-09-15T23:02:16.2942878Z [command]/usr/bin/git config --local --unset-all http.https://github.com/.extraheader
2026-09-15T23:02:16.2992187Z [command]/usr/bin/git submodule foreach --recursive sh -c "git config --local --name-only --get-regexp 'http\.https\:\/\/github\.com\/\.extraheader' && git config --local --unset-all 'http.https://github.com/.extraheader' || :"
2026-09-15T23:02:16.3261674Z [command]/usr/bin/git config --local --name-only --get-regexp ^includeIf\.gitdir:
2026-09-15T23:02:16.3305386Z [command]/usr/bin/git submodule foreach --recursive git config --local --show-origin --name-only --get-regexp remote.origin.url
2026-09-15T23:02:16.3725341Z Evaluate and set job outputs
2026-09-15T23:02:16.3731476Z Set output 'imagem_artefato_id'
2026-09-15T23:02:16.3733536Z Cleaning up orphan processes
2026-09-15T23:02:16.4133681Z ##[warning]Node.js 20 is deprecated. The following actions target Node.js 20 but are being forced to run on Node.js 24: actions/checkout@v4, actions/setup-python@v5, actions/upload-artifact@v4. For more information see: https://github.blog/changelog/2025-09-19-deprecation-of-node-20-on-github-actions-runners/

