prometheus-1  | time=2026-09-15T23:01:23.592Z level=INFO source=main.go:1736 msg="updated GOGC" old=100 new=75
prometheus-1  | time=2026-09-15T23:01:23.592Z level=INFO source=main.go:795 msg="Leaving GOMAXPROCS=4: CPU quota undefined" component=automaxprocs
prometheus-1  | time=2026-09-15T23:01:23.593Z level=INFO source=memlimit.go:198 msg="GOMEMLIMIT is updated" component=automemlimit package=github.com/KimMachineGun/automemlimit/memlimit GOMEMLIMIT=15089773363 previous=9223372036854775807
prometheus-1  | time=2026-09-15T23:01:23.593Z level=INFO source=main.go:902 msg="Starting Prometheus Server" mode=server version="(version=3.14.0, branch=HEAD, revision=d7598b7141418fa35be2b5ec5d0fefb634199610)"
prometheus-1  | time=2026-09-15T23:01:23.593Z level=INFO source=main.go:907 msg="operational information" build_context="(go=go1.26.6, platform=linux/amd64, user=root@f423027f4410, date=20260817-16:49:19, tags=netgo,builtinassets)" host_details="(Linux 6.17.0-1022-azure #22-Ubuntu SMP Mon Jul 27 17:24:03 UTC 2026 x86_64 d462015ef63b (none))" fd_limits="(soft=65536, hard=65536)" vm_limits="(soft=unlimited, hard=unlimited)"
prometheus-1  | time=2026-09-15T23:01:23.744Z level=INFO source=web.go:727 msg="Start listening for connections" component=web address=0.0.0.0:9090
prometheus-1  | time=2026-09-15T23:01:23.744Z level=INFO source=main.go:1468 msg="Starting TSDB ..."
prometheus-1  | time=2026-09-15T23:01:23.745Z level=INFO source=tls_config.go:372 msg="Listening on" component=web address=[::]:9090
prometheus-1  | time=2026-09-15T23:01:23.745Z level=INFO source=tls_config.go:375 msg="TLS is disabled." component=web http2=false address=[::]:9090
prometheus-1  | time=2026-09-15T23:01:23.748Z level=INFO source=head.go:738 msg="Replaying on-disk memory mappable chunks if any" component=tsdb
prometheus-1  | time=2026-09-15T23:01:23.748Z level=INFO source=head.go:824 msg="On-disk memory mappable chunks replay completed" component=tsdb duration=1.532µs
prometheus-1  | time=2026-09-15T23:01:23.748Z level=INFO source=head.go:832 msg="Replaying WAL, this may take a while" component=tsdb
prometheus-1  | time=2026-09-15T23:01:23.749Z level=INFO source=head.go:927 msg="WAL segment loaded" component=tsdb segment=0 maxSegment=0 duration=184.624µs
prometheus-1  | time=2026-09-15T23:01:23.749Z level=INFO source=head.go:964 msg="WAL replay completed" component=tsdb checkpoint_replay_duration=65.547µs wal_replay_duration=236.31µs wbl_replay_duration=191ns chunk_snapshot_load_duration=0s mmap_chunk_replay_duration=1.532µs total_replay_duration=373.594µs
prometheus-1  | time=2026-09-15T23:01:23.750Z level=INFO source=main.go:1489 msg="filesystem information" fs_type=EXT4_SUPER_MAGIC
prometheus-1  | time=2026-09-15T23:01:23.750Z level=INFO source=main.go:1492 msg="TSDB started"
prometheus-1  | time=2026-09-15T23:01:23.751Z level=INFO source=main.go:1690 msg="Loading configuration file" filename=/etc/prometheus/prometheus.yml
grafana-1     | logger=settings t=2026-09-15T23:01:34.433938537Z level=info msg="Starting Grafana" version=13.2.1 commit=56cd3e9288d8255fecebe5d05b48d191f50674b5 branch=release-13.2.1#patched compiled=2026-08-28T16:39:41Z
grafana-1     | logger=settings t=2026-09-15T23:01:34.434585302Z level=info msg="Unified migration configs enforced" storage_type=unified target=[all]
grafana-1     | logger=settings t=2026-09-15T23:01:34.434603088Z level=info msg="Enforcing mode 5 for resource in unified storage" resource=dashboards.dashboard.grafana.app
grafana-1     | logger=settings t=2026-09-15T23:01:34.434608025Z level=info msg="Enforcing mode 5 for resource in unified storage" resource=playlists.playlist.grafana.app
grafana-1     | logger=settings t=2026-09-15T23:01:34.43461153Z level=info msg="Enforcing mode 5 for resource in unified storage" resource=folders.folder.grafana.app
grafana-1     | logger=settings t=2026-09-15T23:01:34.434614595Z level=info msg="Enforcing mode 5 for resource in unified storage" resource=shorturls.shorturl.grafana.app
grafana-1     | logger=settings t=2026-09-15T23:01:34.434784446Z level=info msg="Config loaded from" file=/usr/share/grafana/conf/defaults.ini
grafana-1     | logger=settings t=2026-09-15T23:01:34.434793139Z level=info msg="Config loaded from" file=/etc/grafana/grafana.ini
grafana-1     | logger=settings t=2026-09-15T23:01:34.434797745Z level=info msg="Config overridden from command line" arg="default.paths.data=/var/lib/grafana"
grafana-1     | logger=settings t=2026-09-15T23:01:34.43480091Z level=info msg="Config overridden from command line" arg="default.paths.logs=/var/log/grafana"
grafana-1     | logger=settings t=2026-09-15T23:01:34.434804305Z level=info msg="Config overridden from command line" arg="default.paths.plugins=/var/lib/grafana/plugins"
grafana-1     | logger=settings t=2026-09-15T23:01:34.434807169Z level=info msg="Config overridden from command line" arg="default.paths.provisioning=/etc/grafana/provisioning"
grafana-1     | logger=settings t=2026-09-15T23:01:34.434810094Z level=info msg="Config overridden from command line" arg="default.log.mode=console"
grafana-1     | logger=settings t=2026-09-15T23:01:34.434816934Z level=info msg="Config overridden from Environment variable" var="GF_PATHS_DATA=/var/lib/grafana"
grafana-1     | logger=settings t=2026-09-15T23:01:34.434822051Z level=info msg="Config overridden from Environment variable" var="GF_PATHS_LOGS=/var/log/grafana"
grafana-1     | logger=settings t=2026-09-15T23:01:34.434826378Z level=info msg="Config overridden from Environment variable" var="GF_PATHS_PLUGINS=/var/lib/grafana/plugins"
prometheus-1  | time=2026-09-15T23:01:23.751Z level=INFO source=main.go:1106 msg="TSDB retention updated" duration=1w size=0B percentage=0
prometheus-1  | time=2026-09-15T23:01:23.751Z level=INFO source=main.go:1729 msg="Completed loading of configuration file" db_storage=33.83µs remote_storage=1.683µs web_handler=300ns query_engine=862ns scrape=225.934µs scrape_sd=18.177µs notify=1.202µs notify_sd=731ns rules=1.292µs tracing=5.979µs filename=/etc/prometheus/prometheus.yml totalDuration=518.077µs
prometheus-1  | time=2026-09-15T23:01:23.751Z level=INFO source=main.go:1453 msg="Server is ready to receive web requests."
prometheus-1  | time=2026-09-15T23:01:23.751Z level=INFO source=manager.go:211 msg="Starting rule manager..." component="rule manager"
grafana-1     | logger=settings t=2026-09-15T23:01:34.434831045Z level=info msg="Config overridden from Environment variable" var="GF_PATHS_PROVISIONING=/etc/grafana/provisioning"
grafana-1     | logger=settings t=2026-09-15T23:01:34.434836232Z level=info msg="Config overridden from Environment variable" var="GF_ANALYTICS_REPORTING_ENABLED=false"
grafana-1     | logger=settings t=2026-09-15T23:01:34.434840068Z level=info msg="Config overridden from Environment variable" var="GF_ANALYTICS_CHECK_FOR_UPDATES=false"
grafana-1     | logger=settings t=2026-09-15T23:01:34.434844404Z level=info msg="Config overridden from Environment variable" var="GF_ANALYTICS_CHECK_FOR_PLUGIN_UPDATES=false"
grafana-1     | logger=settings t=2026-09-15T23:01:34.434848861Z level=info msg="Config overridden from Environment variable" var="GF_SECURITY_ADMIN_USER=admin"
grafana-1     | logger=settings t=2026-09-15T23:01:34.434852877Z level=info msg="Config overridden from Environment variable" var="GF_SECURITY_ADMIN_PASSWORD=*********"
grafana-1     | logger=settings t=2026-09-15T23:01:34.434856642Z level=info msg="Config overridden from Environment variable" var="GF_DASHBOARDS_DEFAULT_HOME_DASHBOARD_PATH=/var/lib/grafana/dashboards/medical-classifier.json"
grafana-1     | logger=settings t=2026-09-15T23:01:34.43486183Z level=info msg="Config overridden from Environment variable" var="GF_USERS_ALLOW_SIGN_UP=false"
grafana-1     | logger=settings t=2026-09-15T23:01:34.434866467Z level=info msg="Config overridden from Environment variable" var="GF_AUTH_ANONYMOUS_ENABLED=false"
grafana-1     | logger=settings t=2026-09-15T23:01:34.434871094Z level=info msg="Config overridden from Environment variable" var="GF_LOG_MODE=console"
api-1         | INFO:     Started server process [7]
api-1         | INFO:     Waiting for application startup.
api-1         | INFO:     Application startup complete.
api-1         | INFO:     Uvicorn running on http://0.0.0.0:8000 (Press CTRL+C to quit)
grafana-1     | logger=settings t=2026-09-15T23:01:34.43487559Z level=info msg="Config overridden from Environment variable" var="GF_PLUGINS_PREINSTALL_DISABLED=true"
grafana-1     | logger=settings t=2026-09-15T23:01:34.434880067Z level=info msg="Config overridden from Environment variable" var="GF_PATHS_HOME=/usr/share/grafana"
grafana-1     | logger=settings t=2026-09-15T23:01:34.434884433Z level=info msg="Config overridden from Environment variable" var="GF_PATHS_CONFIG=/etc/grafana/grafana.ini"
grafana-1     | logger=settings t=2026-09-15T23:01:34.43488883Z level=info msg=Target target=[all]
grafana-1     | logger=settings t=2026-09-15T23:01:34.434894699Z level=info msg="Path Home" path=/usr/share/grafana
grafana-1     | logger=settings t=2026-09-15T23:01:34.434899205Z level=info msg="Path Data" path=/var/lib/grafana
grafana-1     | logger=settings t=2026-09-15T23:01:34.434903481Z level=info msg="Path Logs" path=/var/log/grafana
grafana-1     | logger=settings t=2026-09-15T23:01:34.434907588Z level=info msg="Path Plugins" path="[/var/lib/grafana/plugins /usr/share/grafana/data/plugins-bundled]"
grafana-1     | logger=settings t=2026-09-15T23:01:34.434912945Z level=info msg="Path Provisioning" path=/etc/grafana/provisioning
grafana-1     | logger=settings t=2026-09-15T23:01:34.434917542Z level=info msg="App mode production"
grafana-1     | logger=featuremgmt t=2026-09-15T23:01:34.435616304Z level=info msg=FeatureToggles alertRuleRestore=true alertingBulkActionsInUI=true alertingImportYAMLUI=true alertingListViewV2=true alertingMigrationUI=true alertingNavigationV2=true alertingNotificationsStepMode=true alertingQueryAndExpressionsStepMode=true alertingRulePermanentlyDelete=true alertingRuleRecoverDeleted=true alertingRuleVersionHistoryRestore=true alertingUIOptimizeReducer=true alertingUIUseBackendFilters=true alertingUIUseFullyCompatBackendFilters=true alertingUseNewSimplifiedRoutingHashAlgorithm=true annotationPermissionUpdate=true auditLoggingAppPlatform=true awsAsyncQueryCaching=true awsDatasourcesTempCredentials=true azureMonitorEnableUserAuth=true azureMonitorPrometheusExemplars=true azureResourcePickerUpdates=true cloudWatchCrossAccountQuerying=true cloudWatchNewLabelParsing=true cloudWatchRoundUpEndTime=true dashboardNewLayouts=true dashboardUnifiedDrilldownControls=true disableScriptedDashboards=true enableSCIM=true feedbackButton=true grafana.dashboardSettingsRedesign=true grafana.newPreferencesPage=true grafana.queryVarEditorRedesign=true grafana.scenesFlickeringFix=true grafana.unifiedDataSourcePicker=true grafana.viewPanelPane=true grafanaAssistantInProfilesDrilldown=true improvedExternalSessionHandling=true improvedExternalSessionHandlingSAML=true lokiLabelNamesQueryApi=true lokiQuerySplitting=true newClickhouseConfigPageDesign=true newSavedQueriesExperience=true onlyStoreActionSets=true preferences.rerouteLegacyAPIs=true profilesExemplars=true prometheusAzureOverrideAudience=true prometheusTypeMigration=true provisioning.gitConventions=true provisioning.readmes=true provisioning.userAttribution=true provisioningFolderMetadata=true pyroscopeUTF8LabelNames=true queryLibrary=true react19=true rememberUserOrgForSso=true renderAuthJWT=true restrictedPluginApis=true savedQueriesRBAC=true sqlExpressions=true useKubernetesShortURLsAPI=true useSessionStorageForRedirection=true
grafana-1     | logger=sqlstore t=2026-09-15T23:01:34.435668932Z level=info msg="Connecting to DB" dbtype=sqlite3
grafana-1     | logger=sqlstore t=2026-09-15T23:01:34.435679177Z level=info msg="Using SQLite driver" driver=modernc.org/sqlite
grafana-1     | logger=sqlstore t=2026-09-15T23:01:34.435695281Z level=info msg="Creating SQLite database file" path=/var/lib/grafana/grafana.db
grafana-1     | logger=migrator t=2026-09-15T23:01:34.43638583Z level=info msg="Starting DB migrations"
grafana-1     | logger=migrator t=2026-09-15T23:01:34.437265319Z level=info msg="Executing migration" id="create migration_log table"
grafana-1     | logger=migrator t=2026-09-15T23:01:34.437637228Z level=info msg="Migration successfully executed" id="create migration_log table" duration=371.569µs
grafana-1     | logger=migrator t=2026-09-15T23:01:34.438965349Z level=info msg="Executing migration" id="create user table"
grafana-1     | logger=migrator t=2026-09-15T23:01:34.439275427Z level=info msg="Migration successfully executed" id="create user table" duration=310.759µs
grafana-1     | logger=migrator t=2026-09-15T23:01:34.440321252Z level=info msg="Executing migration" id="add unique index user.login"
grafana-1     | logger=migrator t=2026-09-15T23:01:34.440649927Z level=info msg="Migration successfully executed" id="add unique index user.login" duration=328.295µs
grafana-1     | logger=migrator t=2026-09-15T23:01:34.441697955Z level=info msg="Executing migration" id="add unique index user.email"
grafana-1     | logger=migrator t=2026-09-15T23:01:34.442017006Z level=info msg="Migration successfully executed" id="add unique index user.email" duration=318.75µs
grafana-1     | logger=migrator t=2026-09-15T23:01:34.44298922Z level=info msg="Executing migration" id="drop index UQE_user_login - v1"
grafana-1     | logger=migrator t=2026-09-15T23:01:34.44330017Z level=info msg="Migration successfully executed" id="drop index UQE_user_login - v1" duration=311.741µs
grafana-1     | logger=migrator t=2026-09-15T23:01:34.44430593Z level=info msg="Executing migration" id="drop index UQE_user_email - v1"
grafana-1     | logger=migrator t=2026-09-15T23:01:34.444606924Z level=info msg="Migration successfully executed" id="drop index UQE_user_email - v1" duration=303.728µs
grafana-1     | logger=migrator t=2026-09-15T23:01:34.445623515Z level=info msg="Executing migration" id="Rename table user to user_v1 - v1"
grafana-1     | logger=migrator t=2026-09-15T23:01:34.446356137Z level=info msg="Migration successfully executed" id="Rename table user to user_v1 - v1" duration=732.662µs
grafana-1     | logger=migrator t=2026-09-15T23:01:34.447356154Z level=info msg="Executing migration" id="create user table v2"
grafana-1     | logger=migrator t=2026-09-15T23:01:34.447664129Z level=info msg="Migration successfully executed" id="create user table v2" duration=307.974µs
grafana-1     | logger=migrator t=2026-09-15T23:01:34.448554964Z level=info msg="Executing migration" id="create index UQE_user_login - v2"
grafana-1     | logger=migrator t=2026-09-15T23:01:34.44894483Z level=info msg="Migration successfully executed" id="create index UQE_user_login - v2" duration=389.626µs
grafana-1     | logger=migrator t=2026-09-15T23:01:34.44972372Z level=info msg="Executing migration" id="create index UQE_user_email - v2"
grafana-1     | logger=migrator t=2026-09-15T23:01:34.450030934Z level=info msg="Migration successfully executed" id="create index UQE_user_email - v2" duration=307.073µs
grafana-1     | logger=migrator t=2026-09-15T23:01:34.45087472Z level=info msg="Executing migration" id="copy data_source v1 to v2"
grafana-1     | logger=migrator t=2026-09-15T23:01:34.451120372Z level=info msg="Migration successfully executed" id="copy data_source v1 to v2" duration=245.092µs
grafana-1     | logger=migrator t=2026-09-15T23:01:34.451965Z level=info msg="Executing migration" id="Drop old table user_v1"
grafana-1     | logger=migrator t=2026-09-15T23:01:34.452242604Z level=info msg="Migration successfully executed" id="Drop old table user_v1" duration=277.915µs
grafana-1     | logger=migrator t=2026-09-15T23:01:34.453264283Z level=info msg="Executing migration" id="Add column help_flags1 to user table"
grafana-1     | logger=migrator t=2026-09-15T23:01:34.453773275Z level=info msg="Migration successfully executed" id="Add column help_flags1 to user table" duration=510.514µs
grafana-1     | logger=migrator t=2026-09-15T23:01:34.454538364Z level=info msg="Executing migration" id="Update user table charset"
grafana-1     | logger=migrator t=2026-09-15T23:01:34.454562119Z level=info msg="Migration successfully executed" id="Update user table charset" duration=24.136µs
grafana-1     | logger=migrator t=2026-09-15T23:01:34.455393667Z level=info msg="Executing migration" id="Add last_seen_at column to user"
grafana-1     | logger=migrator t=2026-09-15T23:01:34.455789272Z level=info msg="Migration successfully executed" id="Add last_seen_at column to user" duration=395.764µs
grafana-1     | logger=migrator t=2026-09-15T23:01:34.457711841Z level=info msg="Executing migration" id="Add missing user data"
grafana-1     | logger=migrator t=2026-09-15T23:01:34.457857125Z level=info msg="Migration successfully executed" id="Add missing user data" duration=144.403µs
grafana-1     | logger=migrator t=2026-09-15T23:01:34.458858143Z level=info msg="Executing migration" id="Add is_disabled column to user"
grafana-1     | logger=migrator t=2026-09-15T23:01:34.459222962Z level=info msg="Migration successfully executed" id="Add is_disabled column to user" duration=365.009µs
grafana-1     | logger=migrator t=2026-09-15T23:01:34.460067789Z level=info msg="Executing migration" id="Add index user.login/user.email"
grafana-1     | logger=migrator t=2026-09-15T23:01:34.460343266Z level=info msg="Migration successfully executed" id="Add index user.login/user.email" duration=275.096µs
grafana-1     | logger=migrator t=2026-09-15T23:01:34.461351996Z level=info msg="Executing migration" id="Add is_service_account column to user"
grafana-1     | logger=migrator t=2026-09-15T23:01:34.461763393Z level=info msg="Migration successfully executed" id="Add is_service_account column to user" duration=411.017µs
grafana-1     | logger=migrator t=2026-09-15T23:01:34.462625847Z level=info msg="Executing migration" id="Update is_service_account column to nullable"
grafana-1     | logger=migrator t=2026-09-15T23:01:34.464033756Z level=info msg="Migration successfully executed" id="Update is_service_account column to nullable" duration=1.407608ms
grafana-1     | logger=migrator t=2026-09-15T23:01:34.464845534Z level=info msg="Executing migration" id="Add uid column to user"
grafana-1     | logger=migrator t=2026-09-15T23:01:34.465229211Z level=info msg="Migration successfully executed" id="Add uid column to user" duration=383.657µs
grafana-1     | logger=migrator t=2026-09-15T23:01:34.466021631Z level=info msg="Executing migration" id="Update uid column values for users"
grafana-1     | logger=migrator t=2026-09-15T23:01:34.46611556Z level=info msg="Migration successfully executed" id="Update uid column values for users" duration=93.789µs
grafana-1     | logger=migrator t=2026-09-15T23:01:34.466953898Z level=info msg="Executing migration" id="Make sure users uid are set"
grafana-1     | logger=migrator t=2026-09-15T23:01:34.467049058Z level=info msg="Migration successfully executed" id="Make sure users uid are set" duration=94.52µs
grafana-1     | logger=migrator t=2026-09-15T23:01:34.467951931Z level=info msg="Executing migration" id="Add unique index user_uid"
grafana-1     | logger=migrator t=2026-09-15T23:01:34.468212366Z level=info msg="Migration successfully executed" id="Add unique index user_uid" duration=260.906µs
grafana-1     | logger=migrator t=2026-09-15T23:01:34.469091595Z level=info msg="Executing migration" id="Add is_provisioned column to user"
grafana-1     | logger=migrator t=2026-09-15T23:01:34.469482783Z level=info msg="Migration successfully executed" id="Add is_provisioned column to user" duration=391.198µs
grafana-1     | logger=migrator t=2026-09-15T23:01:34.470522828Z level=info msg="Executing migration" id="update login field with orgid to allow for multiple service accounts with same name across orgs"
grafana-1     | logger=migrator t=2026-09-15T23:01:34.470678038Z level=info msg="Migration successfully executed" id="update login field with orgid to allow for multiple service accounts with same name across orgs" duration=154.548µs
grafana-1     | logger=migrator t=2026-09-15T23:01:34.471527762Z level=info msg="Executing migration" id="update service accounts login field orgid to appear only once"
grafana-1     | logger=migrator t=2026-09-15T23:01:34.471770441Z level=info msg="Migration successfully executed" id="update service accounts login field orgid to appear only once" duration=242.287µs
grafana-1     | logger=migrator t=2026-09-15T23:01:34.472758029Z level=info msg="Executing migration" id="update login and email fields to lowercase"
grafana-1     | logger=migrator t=2026-09-15T23:01:34.472973818Z level=info msg="Migration successfully executed" id="update login and email fields to lowercase" duration=215.128µs
grafana-1     | logger=migrator t=2026-09-15T23:01:34.473858474Z level=info msg="Executing migration" id="update login and email fields to lowercase2"
grafana-1     | logger=migrator t=2026-09-15T23:01:34.474012431Z level=info msg="Migration successfully executed" id="update login and email fields to lowercase2" duration=154.097µs
grafana-1     | logger=migrator t=2026-09-15T23:01:34.474988112Z level=info msg="Executing migration" id="Add index on user.is_service_account and user.last_seen_at"
grafana-1     | logger=migrator t=2026-09-15T23:01:34.475287334Z level=info msg="Migration successfully executed" id="Add index on user.is_service_account and user.last_seen_at" duration=299.261µs
grafana-1     | logger=migrator t=2026-09-15T23:01:34.476188645Z level=info msg="Executing migration" id="Expand user.uid length to 190"
grafana-1     | logger=migrator t=2026-09-15T23:01:34.476225369Z level=info msg="Migration successfully executed" id="Expand user.uid length to 190" duration=36.344µs
grafana-1     | logger=migrator t=2026-09-15T23:01:34.477271414Z level=info msg="Executing migration" id="Prefix SCIM uid for provisioned users"
grafana-1     | logger=migrator t=2026-09-15T23:01:34.477377791Z level=info msg="Migration successfully executed" id="Prefix SCIM uid for provisioned users" duration=105.837µs
grafana-1     | logger=migrator t=2026-09-15T23:01:34.478428292Z level=info msg="Executing migration" id="create temp user table v1-7"
grafana-1     | logger=migrator t=2026-09-15T23:01:34.478685922Z level=info msg="Migration successfully executed" id="create temp user table v1-7" duration=257.6µs
grafana-1     | logger=migrator t=2026-09-15T23:01:34.47962545Z level=info msg="Executing migration" id="create index IDX_temp_user_email - v1-7"
grafana-1     | logger=migrator t=2026-09-15T23:01:34.479909719Z level=info msg="Migration successfully executed" id="create index IDX_temp_user_email - v1-7" duration=285.602µs
grafana-1     | logger=migrator t=2026-09-15T23:01:34.480808797Z level=info msg="Executing migration" id="create index IDX_temp_user_org_id - v1-7"
grafana-1     | logger=migrator t=2026-09-15T23:01:34.481138183Z level=info msg="Migration successfully executed" id="create index IDX_temp_user_org_id - v1-7" duration=329.356µs
grafana-1     | logger=migrator t=2026-09-15T23:01:34.482024602Z level=info msg="Executing migration" id="create index IDX_temp_user_code - v1-7"
grafana-1     | logger=migrator t=2026-09-15T23:01:34.482326909Z level=info msg="Migration successfully executed" id="create index IDX_temp_user_code - v1-7" duration=302.167µs
grafana-1     | logger=migrator t=2026-09-15T23:01:34.483378462Z level=info msg="Executing migration" id="create index IDX_temp_user_status - v1-7"
grafana-1     | logger=migrator t=2026-09-15T23:01:34.483662601Z level=info msg="Migration successfully executed" id="create index IDX_temp_user_status - v1-7" duration=283.899µs
grafana-1     | logger=migrator t=2026-09-15T23:01:34.484631312Z level=info msg="Executing migration" id="Update temp_user table charset"
grafana-1     | logger=migrator t=2026-09-15T23:01:34.484654866Z level=info msg="Migration successfully executed" id="Update temp_user table charset" duration=21.612µs
grafana-1     | logger=migrator t=2026-09-15T23:01:34.485520475Z level=info msg="Executing migration" id="drop index IDX_temp_user_email - v1"
grafana-1     | logger=migrator t=2026-09-15T23:01:34.485807218Z level=info msg="Migration successfully executed" id="drop index IDX_temp_user_email - v1" duration=287.024µs
grafana-1     | logger=migrator t=2026-09-15T23:01:34.486565668Z level=info msg="Executing migration" id="drop index IDX_temp_user_org_id - v1"
grafana-1     | logger=migrator t=2026-09-15T23:01:34.48683141Z level=info msg="Migration successfully executed" id="drop index IDX_temp_user_org_id - v1" duration=265.512µs
grafana-1     | logger=migrator t=2026-09-15T23:01:34.487631001Z level=info msg="Executing migration" id="drop index IDX_temp_user_code - v1"
grafana-1     | logger=migrator t=2026-09-15T23:01:34.487886198Z level=info msg="Migration successfully executed" id="drop index IDX_temp_user_code - v1" duration=255.007µs
grafana-1     | logger=migrator t=2026-09-15T23:01:34.489575913Z level=info msg="Executing migration" id="drop index IDX_temp_user_status - v1"
grafana-1     | logger=migrator t=2026-09-15T23:01:34.489859802Z level=info msg="Migration successfully executed" id="drop index IDX_temp_user_status - v1" duration=283.679µs
grafana-1     | logger=migrator t=2026-09-15T23:01:34.490850515Z level=info msg="Executing migration" id="Rename table temp_user to temp_user_tmp_qwerty - v1"
grafana-1     | logger=migrator t=2026-09-15T23:01:34.491589276Z level=info msg="Migration successfully executed" id="Rename table temp_user to temp_user_tmp_qwerty - v1" duration=738.41µs
grafana-1     | logger=migrator t=2026-09-15T23:01:34.492915304Z level=info msg="Executing migration" id="create temp_user v2"
grafana-1     | logger=migrator t=2026-09-15T23:01:34.493198572Z level=info msg="Migration successfully executed" id="create temp_user v2" duration=283.108µs
grafana-1     | logger=migrator t=2026-09-15T23:01:34.494401459Z level=info msg="Executing migration" id="create index IDX_temp_user_email - v2"
grafana-1     | logger=migrator t=2026-09-15T23:01:34.494677216Z level=info msg="Migration successfully executed" id="create index IDX_temp_user_email - v2" duration=277.15µs
grafana-1     | logger=migrator t=2026-09-15T23:01:34.495603614Z level=info msg="Executing migration" id="create index IDX_temp_user_org_id - v2"
grafana-1     | logger=migrator t=2026-09-15T23:01:34.495899671Z level=info msg="Migration successfully executed" id="create index IDX_temp_user_org_id - v2" duration=295.757µs
grafana-1     | logger=migrator t=2026-09-15T23:01:34.496824597Z level=info msg="Executing migration" id="create index IDX_temp_user_code - v2"
grafana-1     | logger=migrator t=2026-09-15T23:01:34.497093494Z level=info msg="Migration successfully executed" id="create index IDX_temp_user_code - v2" duration=268.817µs
grafana-1     | logger=migrator t=2026-09-15T23:01:34.497950079Z level=info msg="Executing migration" id="create index IDX_temp_user_status - v2"
grafana-1     | logger=migrator t=2026-09-15T23:01:34.498212005Z level=info msg="Migration successfully executed" id="create index IDX_temp_user_status - v2" duration=261.776µs
grafana-1     | logger=migrator t=2026-09-15T23:01:34.499145984Z level=info msg="Executing migration" id="copy temp_user v1 to v2"
grafana-1     | logger=migrator t=2026-09-15T23:01:34.49933263Z level=info msg="Migration successfully executed" id="copy temp_user v1 to v2" duration=185.984µs
grafana-1     | logger=migrator t=2026-09-15T23:01:34.50032832Z level=info msg="Executing migration" id="drop temp_user_tmp_qwerty"
grafana-1     | logger=migrator t=2026-09-15T23:01:34.500537449Z level=info msg="Migration successfully executed" id="drop temp_user_tmp_qwerty" duration=208.858µs
grafana-1     | logger=migrator t=2026-09-15T23:01:34.501451178Z level=info msg="Executing migration" id="Set created for temp users that will otherwise prematurely expire"
grafana-1     | logger=migrator t=2026-09-15T23:01:34.501589372Z level=info msg="Migration successfully executed" id="Set created for temp users that will otherwise prematurely expire" duration=137.884µs
grafana-1     | logger=migrator t=2026-09-15T23:01:34.502413059Z level=info msg="Executing migration" id="create star table"
grafana-1     | logger=migrator t=2026-09-15T23:01:34.502669287Z level=info msg="Migration successfully executed" id="create star table" duration=254.445µs
grafana-1     | logger=migrator t=2026-09-15T23:01:34.503498492Z level=info msg="Executing migration" id="add unique index star.user_id_dashboard_id"
grafana-1     | logger=migrator t=2026-09-15T23:01:34.503776823Z level=info msg="Migration successfully executed" id="add unique index star.user_id_dashboard_id" duration=277.379µs
grafana-1     | logger=migrator t=2026-09-15T23:01:34.504856687Z level=info msg="Executing migration" id="Add column dashboard_uid in star"
grafana-1     | logger=migrator t=2026-09-15T23:01:34.505363956Z level=info msg="Migration successfully executed" id="Add column dashboard_uid in star" duration=507.469µs
grafana-1     | logger=migrator t=2026-09-15T23:01:34.506299207Z level=info msg="Executing migration" id="Add column org_id in star"
grafana-1     | logger=migrator t=2026-09-15T23:01:34.506762331Z level=info msg="Migration successfully executed" id="Add column org_id in star" duration=463.314µs
grafana-1     | logger=migrator t=2026-09-15T23:01:34.507658044Z level=info msg="Executing migration" id="Add column updated in star"
grafana-1     | logger=migrator t=2026-09-15T23:01:34.508089431Z level=info msg="Migration successfully executed" id="Add column updated in star" duration=432.008µs
grafana-1     | logger=migrator t=2026-09-15T23:01:34.508963551Z level=info msg="Executing migration" id="add index in star table on dashboard_uid, org_id and user_id columns"
grafana-1     | logger=migrator t=2026-09-15T23:01:34.509225268Z level=info msg="Migration successfully executed" id="add index in star table on dashboard_uid, org_id and user_id columns" duration=261.255µs
grafana-1     | logger=migrator t=2026-09-15T23:01:34.510165186Z level=info msg="Executing migration" id="create org table v1"
grafana-1     | logger=migrator t=2026-09-15T23:01:34.510419662Z level=info msg="Migration successfully executed" id="create org table v1" duration=254.405µs
grafana-1     | logger=migrator t=2026-09-15T23:01:34.511379088Z level=info msg="Executing migration" id="create index UQE_org_name - v1"
grafana-1     | logger=migrator t=2026-09-15T23:01:34.511683538Z level=info msg="Migration successfully executed" id="create index UQE_org_name - v1" duration=304.53µs
grafana-1     | logger=migrator t=2026-09-15T23:01:34.512604598Z level=info msg="Executing migration" id="create org_user table v1"
grafana-1     | logger=migrator t=2026-09-15T23:01:34.512852244Z level=info msg="Migration successfully executed" id="create org_user table v1" duration=247.856µs
grafana-1     | logger=migrator t=2026-09-15T23:01:34.513724622Z level=info msg="Executing migration" id="create index IDX_org_user_org_id - v1"
grafana-1     | logger=migrator t=2026-09-15T23:01:34.514028981Z level=info msg="Migration successfully executed" id="create index IDX_org_user_org_id - v1" duration=314.564µs
grafana-1     | logger=migrator t=2026-09-15T23:01:34.514922Z level=info msg="Executing migration" id="create index UQE_org_user_org_id_user_id - v1"
grafana-1     | logger=migrator t=2026-09-15T23:01:34.515201533Z level=info msg="Migration successfully executed" id="create index UQE_org_user_org_id_user_id - v1" duration=279.403µs
grafana-1     | logger=migrator t=2026-09-15T23:01:34.516042434Z level=info msg="Executing migration" id="create index IDX_org_user_user_id - v1"
grafana-1     | logger=migrator t=2026-09-15T23:01:34.516360945Z level=info msg="Migration successfully executed" id="create index IDX_org_user_user_id - v1" duration=318.63µs
grafana-1     | logger=migrator t=2026-09-15T23:01:34.517351487Z level=info msg="Executing migration" id="Update org table charset"
grafana-1     | logger=migrator t=2026-09-15T23:01:34.517383134Z level=info msg="Migration successfully executed" id="Update org table charset" duration=31.586µs
grafana-1     | logger=migrator t=2026-09-15T23:01:34.518356351Z level=info msg="Executing migration" id="Update org_user table charset"
grafana-1     | logger=migrator t=2026-09-15T23:01:34.518377172Z level=info msg="Migration successfully executed" id="Update org_user table charset" duration=20.931µs
grafana-1     | logger=migrator t=2026-09-15T23:01:34.519437247Z level=info msg="Executing migration" id="Migrate all Read Only Viewers to Viewers"
grafana-1     | logger=migrator t=2026-09-15T23:01:34.519525608Z level=info msg="Migration successfully executed" id="Migrate all Read Only Viewers to Viewers" duration=88.471µs
grafana-1     | logger=migrator t=2026-09-15T23:01:34.520544623Z level=info msg="Executing migration" id="create dashboard table"
grafana-1     | logger=migrator t=2026-09-15T23:01:34.520858776Z level=info msg="Migration successfully executed" id="create dashboard table" duration=313.813µs
grafana-1     | logger=migrator t=2026-09-15T23:01:34.521702112Z level=info msg="Executing migration" id="add index dashboard.account_id"
grafana-1     | logger=migrator t=2026-09-15T23:01:34.52200547Z level=info msg="Migration successfully executed" id="add index dashboard.account_id" duration=303.458µs
grafana-1     | logger=migrator t=2026-09-15T23:01:34.522904718Z level=info msg="Executing migration" id="add unique index dashboard_account_id_slug"
grafana-1     | logger=migrator t=2026-09-15T23:01:34.523182257Z level=info msg="Migration successfully executed" id="add unique index dashboard_account_id_slug" duration=277.3µs
grafana-1     | logger=migrator t=2026-09-15T23:01:34.524099482Z level=info msg="Executing migration" id="create dashboard_tag table"
grafana-1     | logger=migrator t=2026-09-15T23:01:34.524349341Z level=info msg="Migration successfully executed" id="create dashboard_tag table" duration=249.518µs
grafana-1     | logger=migrator t=2026-09-15T23:01:34.525348196Z level=info msg="Executing migration" id="add unique index dashboard_tag.dasboard_id_term"
grafana-1     | logger=migrator t=2026-09-15T23:01:34.525650081Z level=info msg="Migration successfully executed" id="add unique index dashboard_tag.dasboard_id_term" duration=301.635µs
grafana-1     | logger=migrator t=2026-09-15T23:01:34.526595137Z level=info msg="Executing migration" id="drop index UQE_dashboard_tag_dashboard_id_term - v1"
grafana-1     | logger=migrator t=2026-09-15T23:01:34.526939185Z level=info msg="Migration successfully executed" id="drop index UQE_dashboard_tag_dashboard_id_term - v1" duration=343.988µs
grafana-1     | logger=migrator t=2026-09-15T23:01:34.527754739Z level=info msg="Executing migration" id="Rename table dashboard to dashboard_v1 - v1"
grafana-1     | logger=migrator t=2026-09-15T23:01:34.528725162Z level=info msg="Migration successfully executed" id="Rename table dashboard to dashboard_v1 - v1" duration=970.063µs
grafana-1     | logger=migrator t=2026-09-15T23:01:34.529523471Z level=info msg="Executing migration" id="create dashboard v2"
grafana-1     | logger=migrator t=2026-09-15T23:01:34.529819298Z level=info msg="Migration successfully executed" id="create dashboard v2" duration=295.656µs
grafana-1     | logger=migrator t=2026-09-15T23:01:34.530760818Z level=info msg="Executing migration" id="create index IDX_dashboard_org_id - v2"
grafana-1     | logger=migrator t=2026-09-15T23:01:34.531083134Z level=info msg="Migration successfully executed" id="create index IDX_dashboard_org_id - v2" duration=353.522µs
grafana-1     | logger=migrator t=2026-09-15T23:01:34.53191997Z level=info msg="Executing migration" id="create index UQE_dashboard_org_id_slug - v2"
grafana-1     | logger=migrator t=2026-09-15T23:01:34.532240453Z level=info msg="Migration successfully executed" id="create index UQE_dashboard_org_id_slug - v2" duration=320.724µs
grafana-1     | logger=migrator t=2026-09-15T23:01:34.533107604Z level=info msg="Executing migration" id="copy dashboard v1 to v2"
grafana-1     | logger=migrator t=2026-09-15T23:01:34.533282021Z level=info msg="Migration successfully executed" id="copy dashboard v1 to v2" duration=174.307µs
grafana-1     | logger=migrator t=2026-09-15T23:01:34.534043075Z level=info msg="Executing migration" id="drop table dashboard_v1"
grafana-1     | logger=migrator t=2026-09-15T23:01:34.534357619Z level=info msg="Migration successfully executed" id="drop table dashboard_v1" duration=315.976µs
grafana-1     | logger=migrator t=2026-09-15T23:01:34.535557141Z level=info msg="Executing migration" id="alter dashboard.data to mediumtext v1"
grafana-1     | logger=migrator t=2026-09-15T23:01:34.535578362Z level=info msg="Migration successfully executed" id="alter dashboard.data to mediumtext v1" duration=21.512µs
grafana-1     | logger=migrator t=2026-09-15T23:01:34.536495877Z level=info msg="Executing migration" id="Add column updated_by in dashboard - v2"
grafana-1     | logger=migrator t=2026-09-15T23:01:34.53699257Z level=info msg="Migration successfully executed" id="Add column updated_by in dashboard - v2" duration=498.116µs
grafana-1     | logger=migrator t=2026-09-15T23:01:34.537833262Z level=info msg="Executing migration" id="Add column created_by in dashboard - v2"
grafana-1     | logger=migrator t=2026-09-15T23:01:34.53829268Z level=info msg="Migration successfully executed" id="Add column created_by in dashboard - v2" duration=459.088µs
grafana-1     | logger=migrator t=2026-09-15T23:01:34.539089477Z level=info msg="Executing migration" id="Add column gnetId in dashboard"
grafana-1     | logger=migrator t=2026-09-15T23:01:34.539540933Z level=info msg="Migration successfully executed" id="Add column gnetId in dashboard" duration=451.647µs
grafana-1     | logger=migrator t=2026-09-15T23:01:34.540445189Z level=info msg="Executing migration" id="Add index for gnetId in dashboard"
grafana-1     | logger=migrator t=2026-09-15T23:01:34.540724741Z level=info msg="Migration successfully executed" id="Add index for gnetId in dashboard" duration=280.835µs
grafana-1     | logger=migrator t=2026-09-15T23:01:34.541620273Z level=info msg="Executing migration" id="Add column plugin_id in dashboard"
grafana-1     | logger=migrator t=2026-09-15T23:01:34.542201962Z level=info msg="Migration successfully executed" id="Add column plugin_id in dashboard" duration=581.509µs
grafana-1     | logger=migrator t=2026-09-15T23:01:34.543061141Z level=info msg="Executing migration" id="Add index for plugin_id in dashboard"
grafana-1     | logger=migrator t=2026-09-15T23:01:34.543368214Z level=info msg="Migration successfully executed" id="Add index for plugin_id in dashboard" duration=306.923µs
grafana-1     | logger=migrator t=2026-09-15T23:01:34.544308132Z level=info msg="Executing migration" id="Add index for dashboard_id in dashboard_tag"
grafana-1     | logger=migrator t=2026-09-15T23:01:34.544595937Z level=info msg="Migration successfully executed" id="Add index for dashboard_id in dashboard_tag" duration=289.708µs
grafana-1     | logger=migrator t=2026-09-15T23:01:34.545527032Z level=info msg="Executing migration" id="Update dashboard table charset"
grafana-1     | logger=migrator t=2026-09-15T23:01:34.545543316Z level=info msg="Migration successfully executed" id="Update dashboard table charset" duration=16.354µs
grafana-1     | logger=migrator t=2026-09-15T23:01:34.546366531Z level=info msg="Executing migration" id="Update dashboard_tag table charset"
grafana-1     | logger=migrator t=2026-09-15T23:01:34.546389976Z level=info msg="Migration successfully executed" id="Update dashboard_tag table charset" duration=23.334µs
grafana-1     | logger=migrator t=2026-09-15T23:01:34.547453396Z level=info msg="Executing migration" id="Add column folder_id in dashboard"
grafana-1     | logger=migrator t=2026-09-15T23:01:34.547994696Z level=info msg="Migration successfully executed" id="Add column folder_id in dashboard" duration=541.629µs
grafana-1     | logger=migrator t=2026-09-15T23:01:34.548839304Z level=info msg="Executing migration" id="Add column isFolder in dashboard"
grafana-1     | logger=migrator t=2026-09-15T23:01:34.54946013Z level=info msg="Migration successfully executed" id="Add column isFolder in dashboard" duration=620.026µs
grafana-1     | logger=migrator t=2026-09-15T23:01:34.550438966Z level=info msg="Executing migration" id="Add column has_acl in dashboard"
grafana-1     | logger=migrator t=2026-09-15T23:01:34.551101624Z level=info msg="Migration successfully executed" id="Add column has_acl in dashboard" duration=662.328µs
grafana-1     | logger=migrator t=2026-09-15T23:01:34.551978108Z level=info msg="Executing migration" id="Add column uid in dashboard"
grafana-1     | logger=migrator t=2026-09-15T23:01:34.552611414Z level=info msg="Migration successfully executed" id="Add column uid in dashboard" duration=632.804µs
grafana-1     | logger=migrator t=2026-09-15T23:01:34.553592242Z level=info msg="Executing migration" id="Update uid column values in dashboard"
grafana-1     | logger=migrator t=2026-09-15T23:01:34.553698989Z level=info msg="Migration successfully executed" id="Update uid column values in dashboard" duration=107.098µs
grafana-1     | logger=migrator t=2026-09-15T23:01:34.554700899Z level=info msg="Executing migration" id="Add unique index dashboard_org_id_uid"
grafana-1     | logger=migrator t=2026-09-15T23:01:34.555025769Z level=info msg="Migration successfully executed" id="Add unique index dashboard_org_id_uid" duration=324.64µs
grafana-1     | logger=migrator t=2026-09-15T23:01:34.55591369Z level=info msg="Executing migration" id="Remove unique index org_id_slug"
grafana-1     | logger=migrator t=2026-09-15T23:01:34.55619841Z level=info msg="Migration successfully executed" id="Remove unique index org_id_slug" duration=287.285µs
grafana-1     | logger=migrator t=2026-09-15T23:01:34.557012713Z level=info msg="Executing migration" id="Update dashboard title length"
grafana-1     | logger=migrator t=2026-09-15T23:01:34.557033243Z level=info msg="Migration successfully executed" id="Update dashboard title length" duration=20.71µs
grafana-1     | logger=migrator t=2026-09-15T23:01:34.558009655Z level=info msg="Executing migration" id="Add unique index for dashboard_org_id_title_folder_id"
grafana-1     | logger=migrator t=2026-09-15T23:01:34.558319873Z level=info msg="Migration successfully executed" id="Add unique index for dashboard_org_id_title_folder_id" duration=310.509µs
grafana-1     | logger=migrator t=2026-09-15T23:01:34.559332327Z level=info msg="Executing migration" id="create dashboard_provisioning"
grafana-1     | logger=migrator t=2026-09-15T23:01:34.55958476Z level=info msg="Migration successfully executed" id="create dashboard_provisioning" duration=250.36µs
grafana-1     | logger=migrator t=2026-09-15T23:01:34.560581251Z level=info msg="Executing migration" id="Rename table dashboard_provisioning to dashboard_provisioning_tmp_qwerty - v1"
grafana-1     | logger=migrator t=2026-09-15T23:01:34.561644021Z level=info msg="Migration successfully executed" id="Rename table dashboard_provisioning to dashboard_provisioning_tmp_qwerty - v1" duration=1.062548ms
grafana-1     | logger=migrator t=2026-09-15T23:01:34.562481487Z level=info msg="Executing migration" id="create dashboard_provisioning v2"
grafana-1     | logger=migrator t=2026-09-15T23:01:34.56272727Z level=info msg="Migration successfully executed" id="create dashboard_provisioning v2" duration=245.352µs
grafana-1     | logger=migrator t=2026-09-15T23:01:34.563602993Z level=info msg="Executing migration" id="create index IDX_dashboard_provisioning_dashboard_id - v2"
grafana-1     | logger=migrator t=2026-09-15T23:01:34.563909396Z level=info msg="Migration successfully executed" id="create index IDX_dashboard_provisioning_dashboard_id - v2" duration=306.213µs
grafana-1     | logger=migrator t=2026-09-15T23:01:34.564845027Z level=info msg="Executing migration" id="create index IDX_dashboard_provisioning_dashboard_id_name - v2"
grafana-1     | logger=migrator t=2026-09-15T23:01:34.565195645Z level=info msg="Migration successfully executed" id="create index IDX_dashboard_provisioning_dashboard_id_name - v2" duration=350.407µs
grafana-1     | logger=migrator t=2026-09-15T23:01:34.56609265Z level=info msg="Executing migration" id="copy dashboard_provisioning v1 to v2"
grafana-1     | logger=migrator t=2026-09-15T23:01:34.566268249Z level=info msg="Migration successfully executed" id="copy dashboard_provisioning v1 to v2" duration=175.609µs
grafana-1     | logger=migrator t=2026-09-15T23:01:34.567032518Z level=info msg="Executing migration" id="drop dashboard_provisioning_tmp_qwerty"
grafana-1     | logger=migrator t=2026-09-15T23:01:34.567298791Z level=info msg="Migration successfully executed" id="drop dashboard_provisioning_tmp_qwerty" duration=265.813µs
grafana-1     | logger=migrator t=2026-09-15T23:01:34.569008335Z level=info msg="Executing migration" id="Add check_sum column"
grafana-1     | logger=migrator t=2026-09-15T23:01:34.569594361Z level=info msg="Migration successfully executed" id="Add check_sum column" duration=585.845µs
grafana-1     | logger=migrator t=2026-09-15T23:01:34.570619825Z level=info msg="Executing migration" id="Add index for dashboard_title"
grafana-1     | logger=migrator t=2026-09-15T23:01:34.570991073Z level=info msg="Migration successfully executed" id="Add index for dashboard_title" duration=370.827µs
grafana-1     | logger=migrator t=2026-09-15T23:01:34.571836271Z level=info msg="Executing migration" id="delete tags for deleted dashboards"
grafana-1     | logger=migrator t=2026-09-15T23:01:34.571926274Z level=info msg="Migration successfully executed" id="delete tags for deleted dashboards" duration=90.083µs
grafana-1     | logger=migrator t=2026-09-15T23:01:34.572835066Z level=info msg="Executing migration" id="delete stars for deleted dashboards"
grafana-1     | logger=migrator t=2026-09-15T23:01:34.572923346Z level=info msg="Migration successfully executed" id="delete stars for deleted dashboards" duration=88.792µs
grafana-1     | logger=migrator t=2026-09-15T23:01:34.573816635Z level=info msg="Executing migration" id="Add index for dashboard_is_folder"
grafana-1     | logger=migrator t=2026-09-15T23:01:34.574152221Z level=info msg="Migration successfully executed" id="Add index for dashboard_is_folder" duration=335.345µs
grafana-1     | logger=migrator t=2026-09-15T23:01:34.575036937Z level=info msg="Executing migration" id="Add isPublic for dashboard"
grafana-1     | logger=migrator t=2026-09-15T23:01:34.575598336Z level=info msg="Migration successfully executed" id="Add isPublic for dashboard" duration=561.579µs
grafana-1     | logger=migrator t=2026-09-15T23:01:34.57669781Z level=info msg="Executing migration" id="Add deleted for dashboard"
grafana-1     | logger=migrator t=2026-09-15T23:01:34.577232459Z level=info msg="Migration successfully executed" id="Add deleted for dashboard" duration=534.479µs
grafana-1     | logger=migrator t=2026-09-15T23:01:34.577998761Z level=info msg="Executing migration" id="Add index for deleted"
grafana-1     | logger=migrator t=2026-09-15T23:01:34.578327005Z level=info msg="Migration successfully executed" id="Add index for deleted" duration=327.984µs
grafana-1     | logger=migrator t=2026-09-15T23:01:34.579340482Z level=info msg="Executing migration" id="Add column dashboard_uid in dashboard_tag"
grafana-1     | logger=migrator t=2026-09-15T23:01:34.579881451Z level=info msg="Migration successfully executed" id="Add column dashboard_uid in dashboard_tag" duration=540.769µs
grafana-1     | logger=migrator t=2026-09-15T23:01:34.580761791Z level=info msg="Executing migration" id="Add column org_id in dashboard_tag"
grafana-1     | logger=migrator t=2026-09-15T23:01:34.581268269Z level=info msg="Migration successfully executed" id="Add column org_id in dashboard_tag" duration=506.558µs
grafana-1     | logger=migrator t=2026-09-15T23:01:34.582072266Z level=info msg="Executing migration" id="Add missing dashboard_uid and org_id to dashboard_tag"
grafana-1     | logger=migrator t=2026-09-15T23:01:34.582198262Z level=info msg="Migration successfully executed" id="Add missing dashboard_uid and org_id to dashboard_tag" duration=126.247µs
grafana-1     | logger=migrator t=2026-09-15T23:01:34.583090309Z level=info msg="Executing migration" id="Add apiVersion for dashboard"
grafana-1     | logger=migrator t=2026-09-15T23:01:34.583609245Z level=info msg="Migration successfully executed" id="Add apiVersion for dashboard" duration=518.646µs
grafana-1     | logger=migrator t=2026-09-15T23:01:34.584576714Z level=info msg="Executing migration" id="Add index for dashboard_uid on dashboard_tag table"
grafana-1     | logger=migrator t=2026-09-15T23:01:34.5849262Z level=info msg="Migration successfully executed" id="Add index for dashboard_uid on dashboard_tag table" duration=351.579µs
grafana-1     | logger=migrator t=2026-09-15T23:01:34.585966616Z level=info msg="Executing migration" id="Add missing dashboard_uid and org_id to star"
grafana-1     | logger=migrator t=2026-09-15T23:01:34.586105221Z level=info msg="Migration successfully executed" id="Add missing dashboard_uid and org_id to star" duration=138.725µs
grafana-1     | logger=migrator t=2026-09-15T23:01:34.587033993Z level=info msg="Executing migration" id="create data_source table"
grafana-1     | logger=migrator t=2026-09-15T23:01:34.587292324Z level=info msg="Migration successfully executed" id="create data_source table" duration=256.378µs
grafana-1     | logger=migrator t=2026-09-15T23:01:34.588197541Z level=info msg="Executing migration" id="add index data_source.account_id"
grafana-1     | logger=migrator t=2026-09-15T23:01:34.588489322Z level=info msg="Migration successfully executed" id="add index data_source.account_id" duration=291.58µs
grafana-1     | logger=migrator t=2026-09-15T23:01:34.589577308Z level=info msg="Executing migration" id="add unique index data_source.account_id_name"
grafana-1     | logger=migrator t=2026-09-15T23:01:34.589878963Z level=info msg="Migration successfully executed" id="add unique index data_source.account_id_name" duration=301.595µs
grafana-1     | logger=migrator t=2026-09-15T23:01:34.590725063Z level=info msg="Executing migration" id="drop index IDX_data_source_account_id - v1"
grafana-1     | logger=migrator t=2026-09-15T23:01:34.591057394Z level=info msg="Migration successfully executed" id="drop index IDX_data_source_account_id - v1" duration=332.11µs
grafana-1     | logger=migrator t=2026-09-15T23:01:34.591875792Z level=info msg="Executing migration" id="drop index UQE_data_source_account_id_name - v1"
grafana-1     | logger=migrator t=2026-09-15T23:01:34.592180762Z level=info msg="Migration successfully executed" id="drop index UQE_data_source_account_id_name - v1" duration=305.731µs
grafana-1     | logger=migrator t=2026-09-15T23:01:34.59309327Z level=info msg="Executing migration" id="Rename table data_source to data_source_v1 - v1"
grafana-1     | logger=migrator t=2026-09-15T23:01:34.594239522Z level=info msg="Migration successfully executed" id="Rename table data_source to data_source_v1 - v1" duration=1.145772ms
grafana-1     | logger=migrator t=2026-09-15T23:01:34.595088977Z level=info msg="Executing migration" id="create data_source table v2"
grafana-1     | logger=migrator t=2026-09-15T23:01:34.595420536Z level=info msg="Migration successfully executed" id="create data_source table v2" duration=331.519µs
grafana-1     | logger=migrator t=2026-09-15T23:01:34.596447633Z level=info msg="Executing migration" id="create index IDX_data_source_org_id - v2"
grafana-1     | logger=migrator t=2026-09-15T23:01:34.59679799Z level=info msg="Migration successfully executed" id="create index IDX_data_source_org_id - v2" duration=349.847µs
grafana-1     | logger=migrator t=2026-09-15T23:01:34.597722656Z level=info msg="Executing migration" id="create index UQE_data_source_org_id_name - v2"
grafana-1     | logger=migrator t=2026-09-15T23:01:34.598086583Z level=info msg="Migration successfully executed" id="create index UQE_data_source_org_id_name - v2" duration=364.038µs
grafana-1     | logger=migrator t=2026-09-15T23:01:34.598987303Z level=info msg="Executing migration" id="Drop old table data_source_v1 #2"
grafana-1     | logger=migrator t=2026-09-15T23:01:34.599209972Z level=info msg="Migration successfully executed" id="Drop old table data_source_v1 #2" duration=224.682µs
grafana-1     | logger=migrator t=2026-09-15T23:01:34.600301624Z level=info msg="Executing migration" id="Add column with_credentials"
grafana-1     | logger=migrator t=2026-09-15T23:01:34.60092804Z level=info msg="Migration successfully executed" id="Add column with_credentials" duration=625.975µs
grafana-1     | logger=migrator t=2026-09-15T23:01:34.601821393Z level=info msg="Executing migration" id="Add secure json data column"
grafana-1     | logger=migrator t=2026-09-15T23:01:34.602449631Z level=info msg="Migration successfully executed" id="Add secure json data column" duration=628.468µs
grafana-1     | logger=migrator t=2026-09-15T23:01:34.603463518Z level=info msg="Executing migration" id="Update data_source table charset"
grafana-1     | logger=migrator t=2026-09-15T23:01:34.60348535Z level=info msg="Migration successfully executed" id="Update data_source table charset" duration=21.843µs
grafana-1     | logger=migrator t=2026-09-15T23:01:34.604368715Z level=info msg="Executing migration" id="Update initial version to 1"
grafana-1     | logger=migrator t=2026-09-15T23:01:34.604456594Z level=info msg="Migration successfully executed" id="Update initial version to 1" duration=87.339µs
grafana-1     | logger=migrator t=2026-09-15T23:01:34.605325698Z level=info msg="Executing migration" id="Add read_only data column"
grafana-1     | logger=migrator t=2026-09-15T23:01:34.605897322Z level=info msg="Migration successfully executed" id="Add read_only data column" duration=571.274µs
grafana-1     | logger=migrator t=2026-09-15T23:01:34.606771973Z level=info msg="Executing migration" id="Migrate logging ds to loki ds"
grafana-1     | logger=migrator t=2026-09-15T23:01:34.606856388Z level=info msg="Migration successfully executed" id="Migrate logging ds to loki ds" duration=83.984µs
grafana-1     | logger=migrator t=2026-09-15T23:01:34.607702818Z level=info msg="Executing migration" id="Update json_data with nulls"
grafana-1     | logger=migrator t=2026-09-15T23:01:34.607798439Z level=info msg="Migration successfully executed" id="Update json_data with nulls" duration=95.251µs
grafana-1     | logger=migrator t=2026-09-15T23:01:34.608627764Z level=info msg="Executing migration" id="Add uid column"
grafana-1     | logger=migrator t=2026-09-15T23:01:34.609177035Z level=info msg="Migration successfully executed" id="Add uid column" duration=548.981µs
grafana-1     | logger=migrator t=2026-09-15T23:01:34.610140297Z level=info msg="Executing migration" id="Update uid value"
grafana-1     | logger=migrator t=2026-09-15T23:01:34.610224782Z level=info msg="Migration successfully executed" id="Update uid value" duration=114.499µs
grafana-1     | logger=migrator t=2026-09-15T23:01:34.611336974Z level=info msg="Executing migration" id="Add unique index datasource_org_id_uid"
grafana-1     | logger=migrator t=2026-09-15T23:01:34.611640312Z level=info msg="Migration successfully executed" id="Add unique index datasource_org_id_uid" duration=304.88µs
grafana-1     | logger=migrator t=2026-09-15T23:01:34.612664985Z level=info msg="Executing migration" id="add unique index datasource_org_id_is_default"
grafana-1     | logger=migrator t=2026-09-15T23:01:34.612956596Z level=info msg="Migration successfully executed" id="add unique index datasource_org_id_is_default" duration=291.461µs
grafana-1     | logger=migrator t=2026-09-15T23:01:34.613854582Z level=info msg="Executing migration" id="Add is_prunable column"
grafana-1     | logger=migrator t=2026-09-15T23:01:34.614407018Z level=info msg="Migration successfully executed" id="Add is_prunable column" duration=552.115µs
grafana-1     | logger=migrator t=2026-09-15T23:01:34.615524818Z level=info msg="Executing migration" id="Add api_version column"
grafana-1     | logger=migrator t=2026-09-15T23:01:34.616072186Z level=info msg="Migration successfully executed" id="Add api_version column" duration=545.045µs
grafana-1     | logger=migrator t=2026-09-15T23:01:34.616895692Z level=info msg="Executing migration" id="Update secure_json_data column to MediumText"
grafana-1     | logger=migrator t=2026-09-15T23:01:34.616911976Z level=info msg="Migration successfully executed" id="Update secure_json_data column to MediumText" duration=16.284µs
grafana-1     | logger=migrator t=2026-09-15T23:01:34.617797554Z level=info msg="Executing migration" id="Update json_data column to MediumText"
grafana-1     | logger=migrator t=2026-09-15T23:01:34.617812997Z level=info msg="Migration successfully executed" id="Update json_data column to MediumText" duration=15.383µs
grafana-1     | logger=migrator t=2026-09-15T23:01:34.618800215Z level=info msg="Executing migration" id="create api_key table"
grafana-1     | logger=migrator t=2026-09-15T23:01:34.619040219Z level=info msg="Migration successfully executed" id="create api_key table" duration=239.634µs
grafana-1     | logger=migrator t=2026-09-15T23:01:34.620020927Z level=info msg="Executing migration" id="add index api_key.account_id"
grafana-1     | logger=migrator t=2026-09-15T23:01:34.620294892Z level=info msg="Migration successfully executed" id="add index api_key.account_id" duration=274.445µs
grafana-1     | logger=migrator t=2026-09-15T23:01:34.621162283Z level=info msg="Executing migration" id="add index api_key.key"
grafana-1     | logger=migrator t=2026-09-15T23:01:34.621434044Z level=info msg="Migration successfully executed" id="add index api_key.key" duration=271.822µs
grafana-1     | logger=migrator t=2026-09-15T23:01:34.622516893Z level=info msg="Executing migration" id="add index api_key.account_id_name"
grafana-1     | logger=migrator t=2026-09-15T23:01:34.62286719Z level=info msg="Migration successfully executed" id="add index api_key.account_id_name" duration=350.177µs
grafana-1     | logger=migrator t=2026-09-15T23:01:34.623715152Z level=info msg="Executing migration" id="drop index IDX_api_key_account_id - v1"
grafana-1     | logger=migrator t=2026-09-15T23:01:34.624081764Z level=info msg="Migration successfully executed" id="drop index IDX_api_key_account_id - v1" duration=366.591µs
grafana-1     | logger=migrator t=2026-09-15T23:01:34.624975614Z level=info msg="Executing migration" id="drop index UQE_api_key_key - v1"
grafana-1     | logger=migrator t=2026-09-15T23:01:34.62531177Z level=info msg="Migration successfully executed" id="drop index UQE_api_key_key - v1" duration=336.497µs
grafana-1     | logger=migrator t=2026-09-15T23:01:34.626427718Z level=info msg="Executing migration" id="drop index UQE_api_key_account_id_name - v1"
grafana-1     | logger=migrator t=2026-09-15T23:01:34.626759377Z level=info msg="Migration successfully executed" id="drop index UQE_api_key_account_id_name - v1" duration=331.95µs
grafana-1     | logger=migrator t=2026-09-15T23:01:34.627691494Z level=info msg="Executing migration" id="Rename table api_key to api_key_v1 - v1"
grafana-1     | logger=migrator t=2026-09-15T23:01:34.629073675Z level=info msg="Migration successfully executed" id="Rename table api_key to api_key_v1 - v1" duration=1.382551ms
grafana-1     | logger=migrator t=2026-09-15T23:01:34.62995719Z level=info msg="Executing migration" id="create api_key table v2"
grafana-1     | logger=migrator t=2026-09-15T23:01:34.630210644Z level=info msg="Migration successfully executed" id="create api_key table v2" duration=253.124µs
grafana-1     | logger=migrator t=2026-09-15T23:01:34.631003895Z level=info msg="Executing migration" id="create index IDX_api_key_org_id - v2"
grafana-1     | logger=migrator t=2026-09-15T23:01:34.631338029Z level=info msg="Migration successfully executed" id="create index IDX_api_key_org_id - v2" duration=333.802µs
grafana-1     | logger=migrator t=2026-09-15T23:01:34.632325036Z level=info msg="Executing migration" id="create index UQE_api_key_key - v2"
grafana-1     | logger=migrator t=2026-09-15T23:01:34.632628404Z level=info msg="Migration successfully executed" id="create index UQE_api_key_key - v2" duration=303.088µs
grafana-1     | logger=migrator t=2026-09-15T23:01:34.63370903Z level=info msg="Executing migration" id="create index UQE_api_key_org_id_name - v2"
grafana-1     | logger=migrator t=2026-09-15T23:01:34.634033849Z level=info msg="Migration successfully executed" id="create index UQE_api_key_org_id_name - v2" duration=327.053µs
grafana-1     | logger=migrator t=2026-09-15T23:01:34.634872898Z level=info msg="Executing migration" id="copy api_key v1 to v2"
grafana-1     | logger=migrator t=2026-09-15T23:01:34.63505016Z level=info msg="Migration successfully executed" id="copy api_key v1 to v2" duration=176.661µs
grafana-1     | logger=migrator t=2026-09-15T23:01:34.635830312Z level=info msg="Executing migration" id="Drop old table api_key_v1"
grafana-1     | logger=migrator t=2026-09-15T23:01:34.63604541Z level=info msg="Migration successfully executed" id="Drop old table api_key_v1" duration=214.657µs
grafana-1     | logger=migrator t=2026-09-15T23:01:34.636883287Z level=info msg="Executing migration" id="Update api_key table charset"
grafana-1     | logger=migrator t=2026-09-15T23:01:34.636905329Z level=info msg="Migration successfully executed" id="Update api_key table charset" duration=21.973µs
grafana-1     | logger=migrator t=2026-09-15T23:01:34.637773712Z level=info msg="Executing migration" id="Add expires to api_key table"
grafana-1     | logger=migrator t=2026-09-15T23:01:34.638363052Z level=info msg="Migration successfully executed" id="Add expires to api_key table" duration=589.18µs
grafana-1     | logger=migrator t=2026-09-15T23:01:34.639320986Z level=info msg="Executing migration" id="Add service account foreign key"
grafana-1     | logger=migrator t=2026-09-15T23:01:34.63989887Z level=info msg="Migration successfully executed" id="Add service account foreign key" duration=577.774µs
grafana-1     | logger=migrator t=2026-09-15T23:01:34.640676448Z level=info msg="Executing migration" id="set service account foreign key to nil if 0"
grafana-1     | logger=migrator t=2026-09-15T23:01:34.640774453Z level=info msg="Migration successfully executed" id="set service account foreign key to nil if 0" duration=98.285µs
grafana-1     | logger=migrator t=2026-09-15T23:01:34.64163961Z level=info msg="Executing migration" id="Add last_used_at to api_key table"
grafana-1     | logger=migrator t=2026-09-15T23:01:34.642213878Z level=info msg="Migration successfully executed" id="Add last_used_at to api_key table" duration=573.907µs
grafana-1     | logger=migrator t=2026-09-15T23:01:34.642986229Z level=info msg="Executing migration" id="Add is_revoked column to api_key table"
grafana-1     | logger=migrator t=2026-09-15T23:01:34.643554137Z level=info msg="Migration successfully executed" id="Add is_revoked column to api_key table" duration=565.515µs
grafana-1     | logger=migrator t=2026-09-15T23:01:34.644535987Z level=info msg="Executing migration" id="create dashboard_snapshot table v4"
grafana-1     | logger=migrator t=2026-09-15T23:01:34.644813116Z level=info msg="Migration successfully executed" id="create dashboard_snapshot table v4" duration=275.066µs
grafana-1     | logger=migrator t=2026-09-15T23:01:34.645639887Z level=info msg="Executing migration" id="drop table dashboard_snapshot_v4 #1"
grafana-1     | logger=migrator t=2026-09-15T23:01:34.645861134Z level=info msg="Migration successfully executed" id="drop table dashboard_snapshot_v4 #1" duration=221.096µs
grafana-1     | logger=migrator t=2026-09-15T23:01:34.646807491Z level=info msg="Executing migration" id="create dashboard_snapshot table v5 #2"
grafana-1     | logger=migrator t=2026-09-15T23:01:34.647064291Z level=info msg="Migration successfully executed" id="create dashboard_snapshot table v5 #2" duration=256.609µs
grafana-1     | logger=migrator t=2026-09-15T23:01:34.647910049Z level=info msg="Executing migration" id="create index UQE_dashboard_snapshot_key - v5"
grafana-1     | logger=migrator t=2026-09-15T23:01:34.64819464Z level=info msg="Migration successfully executed" id="create index UQE_dashboard_snapshot_key - v5" duration=284.339µs
grafana-1     | logger=migrator t=2026-09-15T23:01:34.649145914Z level=info msg="Executing migration" id="create index UQE_dashboard_snapshot_delete_key - v5"
grafana-1     | logger=migrator t=2026-09-15T23:01:34.649494569Z level=info msg="Migration successfully executed" id="create index UQE_dashboard_snapshot_delete_key - v5" duration=348.965µs
grafana-1     | logger=migrator t=2026-09-15T23:01:34.650650282Z level=info msg="Executing migration" id="create index IDX_dashboard_snapshot_user_id - v5"
grafana-1     | logger=migrator t=2026-09-15T23:01:34.650984846Z level=info msg="Migration successfully executed" id="create index IDX_dashboard_snapshot_user_id - v5" duration=334.474µs
grafana-1     | logger=migrator t=2026-09-15T23:01:34.651950616Z level=info msg="Executing migration" id="alter dashboard_snapshot to mediumtext v2"
grafana-1     | logger=migrator t=2026-09-15T23:01:34.651966429Z level=info msg="Migration successfully executed" id="alter dashboard_snapshot to mediumtext v2" duration=16.224µs
grafana-1     | logger=migrator t=2026-09-15T23:01:34.652942335Z level=info msg="Executing migration" id="Update dashboard_snapshot table charset"
grafana-1     | logger=migrator t=2026-09-15T23:01:34.652966271Z level=info msg="Migration successfully executed" id="Update dashboard_snapshot table charset" duration=23.895µs
grafana-1     | logger=migrator t=2026-09-15T23:01:34.653876084Z level=info msg="Executing migration" id="Add column external_delete_url to dashboard_snapshots table"
grafana-1     | logger=migrator t=2026-09-15T23:01:34.654557761Z level=info msg="Migration successfully executed" id="Add column external_delete_url to dashboard_snapshots table" duration=682.388µs
grafana-1     | logger=migrator t=2026-09-15T23:01:34.655497408Z level=info msg="Executing migration" id="Add encrypted dashboard json column"
grafana-1     | logger=migrator t=2026-09-15T23:01:34.65613507Z level=info msg="Migration successfully executed" id="Add encrypted dashboard json column" duration=637.642µs
grafana-1     | logger=migrator t=2026-09-15T23:01:34.656933449Z level=info msg="Executing migration" id="Change dashboard_encrypted column to MEDIUMBLOB"
grafana-1     | logger=migrator t=2026-09-15T23:01:34.656952226Z level=info msg="Migration successfully executed" id="Change dashboard_encrypted column to MEDIUMBLOB" duration=19.148µs
grafana-1     | logger=migrator t=2026-09-15T23:01:34.65787533Z level=info msg="Executing migration" id="create quota table v1"
grafana-1     | logger=migrator t=2026-09-15T23:01:34.658134072Z level=info msg="Migration successfully executed" id="create quota table v1" duration=256.519µs
grafana-1     | logger=migrator t=2026-09-15T23:01:34.65900976Z level=info msg="Executing migration" id="create index UQE_quota_org_id_user_id_target - v1"
grafana-1     | logger=migrator t=2026-09-15T23:01:34.659360297Z level=info msg="Migration successfully executed" id="create index UQE_quota_org_id_user_id_target - v1" duration=350.397µs
grafana-1     | logger=migrator t=2026-09-15T23:01:34.660443958Z level=info msg="Executing migration" id="Update quota table charset"
grafana-1     | logger=migrator t=2026-09-15T23:01:34.660463887Z level=info msg="Migration successfully executed" id="Update quota table charset" duration=20.23µs
grafana-1     | logger=migrator t=2026-09-15T23:01:34.661287669Z level=info msg="Executing migration" id="create plugin_setting table"
grafana-1     | logger=migrator t=2026-09-15T23:01:34.661571298Z level=info msg="Migration successfully executed" id="create plugin_setting table" duration=283.478µs
grafana-1     | logger=migrator t=2026-09-15T23:01:34.662693605Z level=info msg="Executing migration" id="create index UQE_plugin_setting_org_id_plugin_id - v1"
grafana-1     | logger=migrator t=2026-09-15T23:01:34.66300192Z level=info msg="Migration successfully executed" id="create index UQE_plugin_setting_org_id_plugin_id - v1" duration=308.396µs
grafana-1     | logger=migrator t=2026-09-15T23:01:34.663858945Z level=info msg="Executing migration" id="Add column plugin_version to plugin_settings"
grafana-1     | logger=migrator t=2026-09-15T23:01:34.664535529Z level=info msg="Migration successfully executed" id="Add column plugin_version to plugin_settings" duration=675.883µs
grafana-1     | logger=migrator t=2026-09-15T23:01:34.665478057Z level=info msg="Executing migration" id="Update plugin_setting table charset"
grafana-1     | logger=migrator t=2026-09-15T23:01:34.665498958Z level=info msg="Migration successfully executed" id="Update plugin_setting table charset" duration=21.141µs
grafana-1     | logger=migrator t=2026-09-15T23:01:34.666370064Z level=info msg="Executing migration" id="update NULL org_id to 1"
grafana-1     | logger=migrator t=2026-09-15T23:01:34.66647586Z level=info msg="Migration successfully executed" id="update NULL org_id to 1" duration=105.786µs
grafana-1     | logger=migrator t=2026-09-15T23:01:34.66739642Z level=info msg="Executing migration" id="make org_id NOT NULL and DEFAULT VALUE 1"
grafana-1     | logger=migrator t=2026-09-15T23:01:34.669245851Z level=info msg="Migration successfully executed" id="make org_id NOT NULL and DEFAULT VALUE 1" duration=1.84896ms
grafana-1     | logger=migrator t=2026-09-15T23:01:34.67013657Z level=info msg="Executing migration" id="create session table"
grafana-1     | logger=migrator t=2026-09-15T23:01:34.670389814Z level=info msg="Migration successfully executed" id="create session table" duration=253.295µs
grafana-1     | logger=migrator t=2026-09-15T23:01:34.671390662Z level=info msg="Executing migration" id="drop preferences table v2"
grafana-1     | logger=migrator t=2026-09-15T23:01:34.671448117Z level=info msg="Migration successfully executed" id="drop preferences table v2" duration=57.705µs
grafana-1     | logger=migrator t=2026-09-15T23:01:34.67226967Z level=info msg="Executing migration" id="drop preferences table v3"
grafana-1     | logger=migrator t=2026-09-15T23:01:34.672331992Z level=info msg="Migration successfully executed" id="drop preferences table v3" duration=62.082µs
grafana-1     | logger=migrator t=2026-09-15T23:01:34.67323138Z level=info msg="Executing migration" id="create preferences table v3"
grafana-1     | logger=migrator t=2026-09-15T23:01:34.673489251Z level=info msg="Migration successfully executed" id="create preferences table v3" duration=257.47µs
grafana-1     | logger=migrator t=2026-09-15T23:01:34.674399154Z level=info msg="Executing migration" id="Update preferences table charset"
grafana-1     | logger=migrator t=2026-09-15T23:01:34.674426455Z level=info msg="Migration successfully executed" id="Update preferences table charset" duration=27.461µs
grafana-1     | logger=migrator t=2026-09-15T23:01:34.675269049Z level=info msg="Executing migration" id="Add column team_id in preferences"
grafana-1     | logger=migrator t=2026-09-15T23:01:34.675970615Z level=info msg="Migration successfully executed" id="Add column team_id in preferences" duration=701.156µs
grafana-1     | logger=migrator t=2026-09-15T23:01:34.676723156Z level=info msg="Executing migration" id="Update team_id column values in preferences"
grafana-1     | logger=migrator t=2026-09-15T23:01:34.676817706Z level=info msg="Migration successfully executed" id="Update team_id column values in preferences" duration=94.169µs
grafana-1     | logger=migrator t=2026-09-15T23:01:34.678322347Z level=info msg="Executing migration" id="Add column week_start in preferences"
grafana-1     | logger=migrator t=2026-09-15T23:01:34.678996142Z level=info msg="Migration successfully executed" id="Add column week_start in preferences" duration=673.885µs
grafana-1     | logger=migrator t=2026-09-15T23:01:34.679893487Z level=info msg="Executing migration" id="Add column preferences.json_data"
grafana-1     | logger=migrator t=2026-09-15T23:01:34.680523127Z level=info msg="Migration successfully executed" id="Add column preferences.json_data" duration=629.319µs
grafana-1     | logger=migrator t=2026-09-15T23:01:34.681442164Z level=info msg="Executing migration" id="alter preferences.json_data to mediumtext v1"
grafana-1     | logger=migrator t=2026-09-15T23:01:34.681460682Z level=info msg="Migration successfully executed" id="alter preferences.json_data to mediumtext v1" duration=18.547µs
grafana-1     | logger=migrator t=2026-09-15T23:01:34.682413985Z level=info msg="Executing migration" id="Add preferences index org_id"
grafana-1     | logger=migrator t=2026-09-15T23:01:34.682786014Z level=info msg="Migration successfully executed" id="Add preferences index org_id" duration=374.843µs
grafana-1     | logger=migrator t=2026-09-15T23:01:34.683695698Z level=info msg="Executing migration" id="Add preferences index user_id"
grafana-1     | logger=migrator t=2026-09-15T23:01:34.684029891Z level=info msg="Migration successfully executed" id="Add preferences index user_id" duration=333.803µs
grafana-1     | logger=migrator t=2026-09-15T23:01:34.684991932Z level=info msg="Executing migration" id="Add home_dashboard_uid column to preferences table"
grafana-1     | logger=migrator t=2026-09-15T23:01:34.685657254Z level=info msg="Migration successfully executed" id="Add home_dashboard_uid column to preferences table" duration=665.493µs
grafana-1     | logger=migrator t=2026-09-15T23:01:34.686475482Z level=info msg="Executing migration" id="Add missing dashboard_uid to preferences table"
grafana-1     | logger=migrator t=2026-09-15T23:01:34.68660273Z level=info msg="Migration successfully executed" id="Add missing dashboard_uid to preferences table" duration=126.647µs
grafana-1     | logger=migrator t=2026-09-15T23:01:34.687504341Z level=info msg="Executing migration" id="create alert table v1"
grafana-1     | logger=migrator t=2026-09-15T23:01:34.687850592Z level=info msg="Migration successfully executed" id="create alert table v1" duration=346.021µs
grafana-1     | logger=migrator t=2026-09-15T23:01:34.688804791Z level=info msg="Executing migration" id="add index alert org_id & id "
grafana-1     | logger=migrator t=2026-09-15T23:01:34.689096171Z level=info msg="Migration successfully executed" id="add index alert org_id & id " duration=294.115µs
grafana-1     | logger=migrator t=2026-09-15T23:01:34.689993546Z level=info msg="Executing migration" id="add index alert state"
grafana-1     | logger=migrator t=2026-09-15T23:01:34.69028035Z level=info msg="Migration successfully executed" id="add index alert state" duration=286.743µs
grafana-1     | logger=migrator t=2026-09-15T23:01:34.691143635Z level=info msg="Executing migration" id="add index alert dashboard_id"
grafana-1     | logger=migrator t=2026-09-15T23:01:34.691462996Z level=info msg="Migration successfully executed" id="add index alert dashboard_id" duration=319.552µs
grafana-1     | logger=migrator t=2026-09-15T23:01:34.692401973Z level=info msg="Executing migration" id="Create alert_rule_tag table v1"
grafana-1     | logger=migrator t=2026-09-15T23:01:34.692667335Z level=info msg="Migration successfully executed" id="Create alert_rule_tag table v1" duration=265.252µs
grafana-1     | logger=migrator t=2026-09-15T23:01:34.693675974Z level=info msg="Executing migration" id="Add unique index alert_rule_tag.alert_id_tag_id"
grafana-1     | logger=migrator t=2026-09-15T23:01:34.693983438Z level=info msg="Migration successfully executed" id="Add unique index alert_rule_tag.alert_id_tag_id" duration=307.364µs
grafana-1     | logger=migrator t=2026-09-15T23:01:34.69487158Z level=info msg="Executing migration" id="drop index UQE_alert_rule_tag_alert_id_tag_id - v1"
grafana-1     | logger=migrator t=2026-09-15T23:01:34.695182659Z level=info msg="Migration successfully executed" id="drop index UQE_alert_rule_tag_alert_id_tag_id - v1" duration=309.216µs
grafana-1     | logger=migrator t=2026-09-15T23:01:34.696008979Z level=info msg="Executing migration" id="Rename table alert_rule_tag to alert_rule_tag_v1 - v1"
grafana-1     | logger=migrator t=2026-09-15T23:01:34.6975537Z level=info msg="Migration successfully executed" id="Rename table alert_rule_tag to alert_rule_tag_v1 - v1" duration=1.54432ms
grafana-1     | logger=migrator t=2026-09-15T23:01:34.698595268Z level=info msg="Executing migration" id="Create alert_rule_tag table v2"
grafana-1     | logger=migrator t=2026-09-15T23:01:34.698856123Z level=info msg="Migration successfully executed" id="Create alert_rule_tag table v2" duration=260.585µs
grafana-1     | logger=migrator t=2026-09-15T23:01:34.699650997Z level=info msg="Executing migration" id="create index UQE_alert_rule_tag_alert_id_tag_id - Add unique index alert_rule_tag.alert_id_tag_id V2"
grafana-1     | logger=migrator t=2026-09-15T23:01:34.699975406Z level=info msg="Migration successfully executed" id="create index UQE_alert_rule_tag_alert_id_tag_id - Add unique index alert_rule_tag.alert_id_tag_id V2" duration=324.189µs
grafana-1     | logger=migrator t=2026-09-15T23:01:34.700836027Z level=info msg="Executing migration" id="copy alert_rule_tag v1 to v2"
grafana-1     | logger=migrator t=2026-09-15T23:01:34.70100066Z level=info msg="Migration successfully executed" id="copy alert_rule_tag v1 to v2" duration=162.35µs
grafana-1     | logger=migrator t=2026-09-15T23:01:34.701803325Z level=info msg="Executing migration" id="drop table alert_rule_tag_v1"
grafana-1     | logger=migrator t=2026-09-15T23:01:34.702011503Z level=info msg="Migration successfully executed" id="drop table alert_rule_tag_v1" duration=207.987µs
grafana-1     | logger=migrator t=2026-09-15T23:01:34.702899975Z level=info msg="Executing migration" id="create alert_notification table v1"
grafana-1     | logger=migrator t=2026-09-15T23:01:34.703163293Z level=info msg="Migration successfully executed" id="create alert_notification table v1" duration=263.029µs
grafana-1     | logger=migrator t=2026-09-15T23:01:34.703957276Z level=info msg="Executing migration" id="Add column is_default"
grafana-1     | logger=migrator t=2026-09-15T23:01:34.704632874Z level=info msg="Migration successfully executed" id="Add column is_default" duration=675.618µs
grafana-1     | logger=migrator t=2026-09-15T23:01:34.705643266Z level=info msg="Executing migration" id="Add column frequency"
grafana-1     | logger=migrator t=2026-09-15T23:01:34.706341567Z level=info msg="Migration successfully executed" id="Add column frequency" duration=698.472µs
grafana-1     | logger=migrator t=2026-09-15T23:01:34.707285721Z level=info msg="Executing migration" id="Add column send_reminder"
grafana-1     | logger=migrator t=2026-09-15T23:01:34.707946376Z level=info msg="Migration successfully executed" id="Add column send_reminder" duration=660.946µs
grafana-1     | logger=migrator t=2026-09-15T23:01:34.708756082Z level=info msg="Executing migration" id="Add column disable_resolve_message"
grafana-1     | logger=migrator t=2026-09-15T23:01:34.709396387Z level=info msg="Migration successfully executed" id="Add column disable_resolve_message" duration=640.035µs
grafana-1     | logger=migrator t=2026-09-15T23:01:34.710410144Z level=info msg="Executing migration" id="add index alert_notification org_id & name"
grafana-1     | logger=migrator t=2026-09-15T23:01:34.710837385Z level=info msg="Migration successfully executed" id="add index alert_notification org_id & name" duration=427.191µs
grafana-1     | logger=migrator t=2026-09-15T23:01:34.711786737Z level=info msg="Executing migration" id="Update alert table charset"
grafana-1     | logger=migrator t=2026-09-15T23:01:34.711806076Z level=info msg="Migration successfully executed" id="Update alert table charset" duration=19.729µs
grafana-1     | logger=migrator t=2026-09-15T23:01:34.712667833Z level=info msg="Executing migration" id="Update alert_notification table charset"
grafana-1     | logger=migrator t=2026-09-15T23:01:34.712687983Z level=info msg="Migration successfully executed" id="Update alert_notification table charset" duration=21.021µs
grafana-1     | logger=migrator t=2026-09-15T23:01:34.713583846Z level=info msg="Executing migration" id="create notification_journal table v1"
grafana-1     | logger=migrator t=2026-09-15T23:01:34.713861526Z level=info msg="Migration successfully executed" id="create notification_journal table v1" duration=277.29µs
grafana-1     | logger=migrator t=2026-09-15T23:01:34.714706243Z level=info msg="Executing migration" id="add index notification_journal org_id & alert_id & notifier_id"
grafana-1     | logger=migrator t=2026-09-15T23:01:34.714999797Z level=info msg="Migration successfully executed" id="add index notification_journal org_id & alert_id & notifier_id" duration=293.384µs
grafana-1     | logger=migrator t=2026-09-15T23:01:34.715840058Z level=info msg="Executing migration" id="drop alert_notification_journal"
grafana-1     | logger=migrator t=2026-09-15T23:01:34.716142654Z level=info msg="Migration successfully executed" id="drop alert_notification_journal" duration=302.276µs
grafana-1     | logger=migrator t=2026-09-15T23:01:34.716909346Z level=info msg="Executing migration" id="create alert_notification_state table v1"
grafana-1     | logger=migrator t=2026-09-15T23:01:34.717161719Z level=info msg="Migration successfully executed" id="create alert_notification_state table v1" duration=252.202µs
grafana-1     | logger=migrator t=2026-09-15T23:01:34.717980999Z level=info msg="Executing migration" id="add index alert_notification_state org_id & alert_id & notifier_id"
grafana-1     | logger=migrator t=2026-09-15T23:01:34.718304126Z level=info msg="Migration successfully executed" id="add index alert_notification_state org_id & alert_id & notifier_id" duration=322.686µs
grafana-1     | logger=migrator t=2026-09-15T23:01:34.719047614Z level=info msg="Executing migration" id="Add for to alert table"
grafana-1     | logger=migrator t=2026-09-15T23:01:34.719840094Z level=info msg="Migration successfully executed" id="Add for to alert table" duration=792.14µs
grafana-1     | logger=migrator t=2026-09-15T23:01:34.720621167Z level=info msg="Executing migration" id="Add column uid in alert_notification"
grafana-1     | logger=migrator t=2026-09-15T23:01:34.721352848Z level=info msg="Migration successfully executed" id="Add column uid in alert_notification" duration=731.5µs
grafana-1     | logger=migrator t=2026-09-15T23:01:34.72238386Z level=info msg="Executing migration" id="Update uid column values in alert_notification"
grafana-1     | logger=migrator t=2026-09-15T23:01:34.722477018Z level=info msg="Migration successfully executed" id="Update uid column values in alert_notification" duration=93.127µs
grafana-1     | logger=migrator t=2026-09-15T23:01:34.723272823Z level=info msg="Executing migration" id="Add unique index alert_notification_org_id_uid"
grafana-1     | logger=migrator t=2026-09-15T23:01:34.723619174Z level=info msg="Migration successfully executed" id="Add unique index alert_notification_org_id_uid" duration=343.747µs
grafana-1     | logger=migrator t=2026-09-15T23:01:34.724613593Z level=info msg="Executing migration" id="Remove unique index org_id_name"
grafana-1     | logger=migrator t=2026-09-15T23:01:34.724935168Z level=info msg="Migration successfully executed" id="Remove unique index org_id_name" duration=321.535µs
grafana-1     | logger=migrator t=2026-09-15T23:01:34.725840695Z level=info msg="Executing migration" id="Add column secure_settings in alert_notification"
grafana-1     | logger=migrator t=2026-09-15T23:01:34.726545896Z level=info msg="Migration successfully executed" id="Add column secure_settings in alert_notification" duration=704.88µs
grafana-1     | logger=migrator t=2026-09-15T23:01:34.72745627Z level=info msg="Executing migration" id="alter alert.settings to mediumtext"
grafana-1     | logger=migrator t=2026-09-15T23:01:34.727473025Z level=info msg="Migration successfully executed" id="alter alert.settings to mediumtext" duration=17.035µs
grafana-1     | logger=migrator t=2026-09-15T23:01:34.728320006Z level=info msg="Executing migration" id="Add non-unique index alert_notification_state_alert_id"
grafana-1     | logger=migrator t=2026-09-15T23:01:34.728618046Z level=info msg="Migration successfully executed" id="Add non-unique index alert_notification_state_alert_id" duration=295.977µs
grafana-1     | logger=migrator t=2026-09-15T23:01:34.72969054Z level=info msg="Executing migration" id="Add non-unique index alert_rule_tag_alert_id"
grafana-1     | logger=migrator t=2026-09-15T23:01:34.729987578Z level=info msg="Migration successfully executed" id="Add non-unique index alert_rule_tag_alert_id" duration=296.738µs
grafana-1     | logger=migrator t=2026-09-15T23:01:34.730825115Z level=info msg="Executing migration" id="Drop old annotation table v4"
grafana-1     | logger=migrator t=2026-09-15T23:01:34.730883832Z level=info msg="Migration successfully executed" id="Drop old annotation table v4" duration=58.607µs
grafana-1     | logger=migrator t=2026-09-15T23:01:34.73177631Z level=info msg="Executing migration" id="create annotation table v5"
grafana-1     | logger=migrator t=2026-09-15T23:01:34.732028572Z level=info msg="Migration successfully executed" id="create annotation table v5" duration=250.179µs
grafana-1     | logger=migrator t=2026-09-15T23:01:34.732931806Z level=info msg="Executing migration" id="add index annotation 0 v3"
grafana-1     | logger=migrator t=2026-09-15T23:01:34.733223967Z level=info msg="Migration successfully executed" id="add index annotation 0 v3" duration=292.171µs
grafana-1     | logger=migrator t=2026-09-15T23:01:34.734039321Z level=info msg="Executing migration" id="add index annotation 1 v3"
grafana-1     | logger=migrator t=2026-09-15T23:01:34.734335258Z level=info msg="Migration successfully executed" id="add index annotation 1 v3" duration=295.937µs
grafana-1     | logger=migrator t=2026-09-15T23:01:34.735285041Z level=info msg="Executing migration" id="add index annotation 2 v3"
grafana-1     | logger=migrator t=2026-09-15T23:01:34.735599996Z level=info msg="Migration successfully executed" id="add index annotation 2 v3" duration=314.595µs
grafana-1     | logger=migrator t=2026-09-15T23:01:34.736635214Z level=info msg="Executing migration" id="add index annotation 3 v3"
grafana-1     | logger=migrator t=2026-09-15T23:01:34.737040833Z level=info msg="Migration successfully executed" id="add index annotation 3 v3" duration=405.428µs
grafana-1     | logger=migrator t=2026-09-15T23:01:34.737888235Z level=info msg="Executing migration" id="add index annotation 4 v3"
grafana-1     | logger=migrator t=2026-09-15T23:01:34.738236188Z level=info msg="Migration successfully executed" id="add index annotation 4 v3" duration=347.714µs
grafana-1     | logger=migrator t=2026-09-15T23:01:34.739108547Z level=info msg="Executing migration" id="Update annotation table charset"
grafana-1     | logger=migrator t=2026-09-15T23:01:34.739127955Z level=info msg="Migration successfully executed" id="Update annotation table charset" duration=19.459µs
grafana-1     | logger=migrator t=2026-09-15T23:01:34.740119269Z level=info msg="Executing migration" id="Add column region_id to annotation table"
grafana-1     | logger=migrator t=2026-09-15T23:01:34.74089164Z level=info msg="Migration successfully executed" id="Add column region_id to annotation table" duration=772.04µs
grafana-1     | logger=migrator t=2026-09-15T23:01:34.741699503Z level=info msg="Executing migration" id="Drop category_id index"
grafana-1     | logger=migrator t=2026-09-15T23:01:34.741993737Z level=info msg="Migration successfully executed" id="Drop category_id index" duration=294.194µs
grafana-1     | logger=migrator t=2026-09-15T23:01:34.742807198Z level=info msg="Executing migration" id="Add column tags to annotation table"
grafana-1     | logger=migrator t=2026-09-15T23:01:34.743546931Z level=info msg="Migration successfully executed" id="Add column tags to annotation table" duration=739.553µs
grafana-1     | logger=migrator t=2026-09-15T23:01:34.744523943Z level=info msg="Executing migration" id="Create annotation_tag table v2"
grafana-1     | logger=migrator t=2026-09-15T23:01:34.744772821Z level=info msg="Migration successfully executed" id="Create annotation_tag table v2" duration=248.928µs
grafana-1     | logger=migrator t=2026-09-15T23:01:34.745597208Z level=info msg="Executing migration" id="Add unique index annotation_tag.annotation_id_tag_id"
grafana-1     | logger=migrator t=2026-09-15T23:01:34.745900556Z level=info msg="Migration successfully executed" id="Add unique index annotation_tag.annotation_id_tag_id" duration=303.458µs
grafana-1     | logger=migrator t=2026-09-15T23:01:34.746724192Z level=info msg="Executing migration" id="drop index UQE_annotation_tag_annotation_id_tag_id - v2"
grafana-1     | logger=migrator t=2026-09-15T23:01:34.747014511Z level=info msg="Migration successfully executed" id="drop index UQE_annotation_tag_annotation_id_tag_id - v2" duration=290.92µs
grafana-1     | logger=migrator t=2026-09-15T23:01:34.747834932Z level=info msg="Executing migration" id="Rename table annotation_tag to annotation_tag_v2 - v2"
grafana-1     | logger=migrator t=2026-09-15T23:01:34.749606328Z level=info msg="Migration successfully executed" id="Rename table annotation_tag to annotation_tag_v2 - v2" duration=1.770835ms
grafana-1     | logger=migrator t=2026-09-15T23:01:34.750572965Z level=info msg="Executing migration" id="Create annotation_tag table v3"
grafana-1     | logger=migrator t=2026-09-15T23:01:34.750869884Z level=info msg="Migration successfully executed" id="Create annotation_tag table v3" duration=296.698µs
grafana-1     | logger=migrator t=2026-09-15T23:01:34.751674682Z level=info msg="Executing migration" id="create index UQE_annotation_tag_annotation_id_tag_id - Add unique index annotation_tag.annotation_id_tag_id V3"
grafana-1     | logger=migrator t=2026-09-15T23:01:34.752026877Z level=info msg="Migration successfully executed" id="create index UQE_annotation_tag_annotation_id_tag_id - Add unique index annotation_tag.annotation_id_tag_id V3" duration=352.115µs
grafana-1     | logger=migrator t=2026-09-15T23:01:34.752934202Z level=info msg="Executing migration" id="copy annotation_tag v2 to v3"
grafana-1     | logger=migrator t=2026-09-15T23:01:34.753096812Z level=info msg="Migration successfully executed" id="copy annotation_tag v2 to v3" duration=162.811µs
grafana-1     | logger=migrator t=2026-09-15T23:01:34.753952065Z level=info msg="Executing migration" id="drop table annotation_tag_v2"
grafana-1     | logger=migrator t=2026-09-15T23:01:34.75419932Z level=info msg="Migration successfully executed" id="drop table annotation_tag_v2" duration=246.855µs
grafana-1     | logger=migrator t=2026-09-15T23:01:34.755055805Z level=info msg="Executing migration" id="Update alert annotations and set TEXT to empty"
grafana-1     | logger=migrator t=2026-09-15T23:01:34.755141461Z level=info msg="Migration successfully executed" id="Update alert annotations and set TEXT to empty" duration=85.526µs
grafana-1     | logger=migrator t=2026-09-15T23:01:34.756381002Z level=info msg="Executing migration" id="Add created time to annotation table"
grafana-1     | logger=migrator t=2026-09-15T23:01:34.757232249Z level=info msg="Migration successfully executed" id="Add created time to annotation table" duration=850.546µs
grafana-1     | logger=migrator t=2026-09-15T23:01:34.758279145Z level=info msg="Executing migration" id="Add updated time to annotation table"
grafana-1     | logger=migrator t=2026-09-15T23:01:34.759151583Z level=info msg="Migration successfully executed" id="Add updated time to annotation table" duration=872.478µs
grafana-1     | logger=migrator t=2026-09-15T23:01:34.760000707Z level=info msg="Executing migration" id="Add index for created in annotation table"
grafana-1     | logger=migrator t=2026-09-15T23:01:34.760332537Z level=info msg="Migration successfully executed" id="Add index for created in annotation table" duration=331.86µs
grafana-1     | logger=migrator t=2026-09-15T23:01:34.761281438Z level=info msg="Executing migration" id="Add index for updated in annotation table"
grafana-1     | logger=migrator t=2026-09-15T23:01:34.76160093Z level=info msg="Migration successfully executed" id="Add index for updated in annotation table" duration=319.652µs
grafana-1     | logger=migrator t=2026-09-15T23:01:34.762673073Z level=info msg="Executing migration" id="Convert existing annotations from seconds to milliseconds"
grafana-1     | logger=migrator t=2026-09-15T23:01:34.762780832Z level=info msg="Migration successfully executed" id="Convert existing annotations from seconds to milliseconds" duration=108.3µs
grafana-1     | logger=migrator t=2026-09-15T23:01:34.763610267Z level=info msg="Executing migration" id="Add epoch_end column"
grafana-1     | logger=migrator t=2026-09-15T23:01:34.764419612Z level=info msg="Migration successfully executed" id="Add epoch_end column" duration=809.045µs
grafana-1     | logger=migrator t=2026-09-15T23:01:34.765336676Z level=info msg="Executing migration" id="Add index for epoch_end"
grafana-1     | logger=migrator t=2026-09-15T23:01:34.765668045Z level=info msg="Migration successfully executed" id="Add index for epoch_end" duration=331.049µs
grafana-1     | logger=migrator t=2026-09-15T23:01:34.766540554Z level=info msg="Executing migration" id="Make epoch_end the same as epoch"
grafana-1     | logger=migrator t=2026-09-15T23:01:34.766622815Z level=info msg="Migration successfully executed" id="Make epoch_end the same as epoch" duration=83.013µs
grafana-1     | logger=migrator t=2026-09-15T23:01:34.767397499Z level=info msg="Executing migration" id="Move region to single row"
grafana-1     | logger=migrator t=2026-09-15T23:01:34.767545097Z level=info msg="Migration successfully executed" id="Move region to single row" duration=147.147µs
grafana-1     | logger=migrator t=2026-09-15T23:01:34.768343156Z level=info msg="Executing migration" id="Remove index org_id_epoch from annotation table"
grafana-1     | logger=migrator t=2026-09-15T23:01:34.768678931Z level=info msg="Migration successfully executed" id="Remove index org_id_epoch from annotation table" duration=335.786µs
grafana-1     | logger=migrator t=2026-09-15T23:01:34.769472934Z level=info msg="Executing migration" id="Remove index org_id_dashboard_id_panel_id_epoch from annotation table"
grafana-1     | logger=migrator t=2026-09-15T23:01:34.769820757Z level=info msg="Migration successfully executed" id="Remove index org_id_dashboard_id_panel_id_epoch from annotation table" duration=347.723µs
grafana-1     | logger=migrator t=2026-09-15T23:01:34.770589773Z level=info msg="Executing migration" id="Add index for org_id_dashboard_id_epoch_end_epoch on annotation table"
grafana-1     | logger=migrator t=2026-09-15T23:01:34.77095315Z level=info msg="Migration successfully executed" id="Add index for org_id_dashboard_id_epoch_end_epoch on annotation table" duration=363.197µs
grafana-1     | logger=migrator t=2026-09-15T23:01:34.771965294Z level=info msg="Executing migration" id="Add index for org_id_epoch_end_epoch on annotation table"
grafana-1     | logger=migrator t=2026-09-15T23:01:34.772295572Z level=info msg="Migration successfully executed" id="Add index for org_id_epoch_end_epoch on annotation table" duration=330.048µs
grafana-1     | logger=migrator t=2026-09-15T23:01:34.773299875Z level=info msg="Executing migration" id="Remove index org_id_epoch_epoch_end from annotation table"
grafana-1     | logger=migrator t=2026-09-15T23:01:34.773612346Z level=info msg="Migration successfully executed" id="Remove index org_id_epoch_epoch_end from annotation table" duration=312.641µs
grafana-1     | logger=migrator t=2026-09-15T23:01:34.774518324Z level=info msg="Executing migration" id="Add index for alert_id on annotation table"
grafana-1     | logger=migrator t=2026-09-15T23:01:34.774877134Z level=info msg="Migration successfully executed" id="Add index for alert_id on annotation table" duration=358.51µs
grafana-1     | logger=migrator t=2026-09-15T23:01:34.775651798Z level=info msg="Executing migration" id="Increase tags column to length 4096"
grafana-1     | logger=migrator t=2026-09-15T23:01:34.775668522Z level=info msg="Migration successfully executed" id="Increase tags column to length 4096" duration=16.665µs
grafana-1     | logger=migrator t=2026-09-15T23:01:34.776515093Z level=info msg="Executing migration" id="Increase prev_state column to length 40 not null"
grafana-1     | logger=migrator t=2026-09-15T23:01:34.776530656Z level=info msg="Migration successfully executed" id="Increase prev_state column to length 40 not null" duration=15.673µs
grafana-1     | logger=migrator t=2026-09-15T23:01:34.777333251Z level=info msg="Executing migration" id="Increase new_state column to length 40 not null"
grafana-1     | logger=migrator t=2026-09-15T23:01:34.777348754Z level=info msg="Migration successfully executed" id="Increase new_state column to length 40 not null" duration=15.903µs
grafana-1     | logger=migrator t=2026-09-15T23:01:34.778310904Z level=info msg="Executing migration" id="Add dashboard_uid column to annotation table"
grafana-1     | logger=migrator t=2026-09-15T23:01:34.77916809Z level=info msg="Migration successfully executed" id="Add dashboard_uid column to annotation table" duration=856.605µs
grafana-1     | logger=migrator t=2026-09-15T23:01:34.779972127Z level=info msg="Executing migration" id="Add missing dashboard_uid to annotation table"
grafana-1     | logger=migrator t=2026-09-15T23:01:34.77999409Z level=info msg="Starting batched dashboard_uid migration for annotations (newest first)" batchSize=5000
grafana-1     | logger=migrator t=2026-09-15T23:01:34.780246122Z level=info msg="Completed dashboard_uid migration for annotations" totalUpdated=0
grafana-1     | logger=migrator t=2026-09-15T23:01:34.780264629Z level=info msg="Migration successfully executed" id="Add missing dashboard_uid to annotation table" duration=289.978µs
grafana-1     | logger=migrator t=2026-09-15T23:01:34.781505221Z level=info msg="Executing migration" id="create test_data table"
grafana-1     | logger=migrator t=2026-09-15T23:01:34.78178213Z level=info msg="Migration successfully executed" id="create test_data table" duration=276.529µs
grafana-1     | logger=migrator t=2026-09-15T23:01:34.782631224Z level=info msg="Executing migration" id="create dashboard_version table v1"
grafana-1     | logger=migrator t=2026-09-15T23:01:34.782897357Z level=info msg="Migration successfully executed" id="create dashboard_version table v1" duration=265.452µs
grafana-1     | logger=migrator t=2026-09-15T23:01:34.78375944Z level=info msg="Executing migration" id="add index dashboard_version.dashboard_id"
grafana-1     | logger=migrator t=2026-09-15T23:01:34.784062207Z level=info msg="Migration successfully executed" id="add index dashboard_version.dashboard_id" duration=302.717µs
grafana-1     | logger=migrator t=2026-09-15T23:01:34.784995565Z level=info msg="Executing migration" id="add unique index dashboard_version.dashboard_id and dashboard_version.version"
grafana-1     | logger=migrator t=2026-09-15T23:01:34.785307336Z level=info msg="Migration successfully executed" id="add unique index dashboard_version.dashboard_id and dashboard_version.version" duration=311.229µs
grafana-1     | logger=migrator t=2026-09-15T23:01:34.786291879Z level=info msg="Executing migration" id="Set dashboard version to 1 where 0"
grafana-1     | logger=migrator t=2026-09-15T23:01:34.786383084Z level=info msg="Migration successfully executed" id="Set dashboard version to 1 where 0" duration=91.696µs
grafana-1     | logger=migrator t=2026-09-15T23:01:34.788172957Z level=info msg="Executing migration" id="save existing dashboard data in dashboard_version table v1"
grafana-1     | logger=migrator t=2026-09-15T23:01:34.788350109Z level=info msg="Migration successfully executed" id="save existing dashboard data in dashboard_version table v1" duration=177.061µs
grafana-1     | logger=migrator t=2026-09-15T23:01:34.789510382Z level=info msg="Executing migration" id="alter dashboard_version.data to mediumtext v1"
grafana-1     | logger=migrator t=2026-09-15T23:01:34.789527127Z level=info msg="Migration successfully executed" id="alter dashboard_version.data to mediumtext v1" duration=16.845µs
grafana-1     | logger=migrator t=2026-09-15T23:01:34.790423791Z level=info msg="Executing migration" id="Add apiVersion for dashboard_version"
grafana-1     | logger=migrator t=2026-09-15T23:01:34.791292774Z level=info msg="Migration successfully executed" id="Add apiVersion for dashboard_version" duration=864.657µs
grafana-1     | logger=migrator t=2026-09-15T23:01:34.792287212Z level=info msg="Executing migration" id="create team table"
grafana-1     | logger=migrator t=2026-09-15T23:01:34.792594176Z level=info msg="Migration successfully executed" id="create team table" duration=306.973µs
grafana-1     | logger=migrator t=2026-09-15T23:01:34.793685177Z level=info msg="Executing migration" id="add index team.org_id"
grafana-1     | logger=migrator t=2026-09-15T23:01:34.794045779Z level=info msg="Migration successfully executed" id="add index team.org_id" duration=361.073µs
grafana-1     | logger=migrator t=2026-09-15T23:01:34.794917606Z level=info msg="Executing migration" id="add unique index team_org_id_name"
grafana-1     | logger=migrator t=2026-09-15T23:01:34.795242396Z level=info msg="Migration successfully executed" id="add unique index team_org_id_name" duration=325.04µs
grafana-1     | logger=migrator t=2026-09-15T23:01:34.796100553Z level=info msg="Executing migration" id="Add column uid in team"
grafana-1     | logger=migrator t=2026-09-15T23:01:34.796910559Z level=info msg="Migration successfully executed" id="Add column uid in team" duration=809.846µs
grafana-1     | logger=migrator t=2026-09-15T23:01:34.797704201Z level=info msg="Executing migration" id="Update uid column values in team"
grafana-1     | logger=migrator t=2026-09-15T23:01:34.797820253Z level=info msg="Migration successfully executed" id="Update uid column values in team" duration=115.56µs
grafana-1     | logger=migrator t=2026-09-15T23:01:34.798715104Z level=info msg="Executing migration" id="Add unique index team_org_id_uid"
grafana-1     | logger=migrator t=2026-09-15T23:01:34.799039092Z level=info msg="Migration successfully executed" id="Add unique index team_org_id_uid" duration=323.568µs
grafana-1     | logger=migrator t=2026-09-15T23:01:34.799896829Z level=info msg="Executing migration" id="Add column external_uid in team"
grafana-1     | logger=migrator t=2026-09-15T23:01:34.800667066Z level=info msg="Migration successfully executed" id="Add column external_uid in team" duration=770.387µs
grafana-1     | logger=migrator t=2026-09-15T23:01:34.80146896Z level=info msg="Executing migration" id="Add column is_provisioned in team"
grafana-1     | logger=migrator t=2026-09-15T23:01:34.802266809Z level=info msg="Migration successfully executed" id="Add column is_provisioned in team" duration=797.457µs
grafana-1     | logger=migrator t=2026-09-15T23:01:34.803268888Z level=info msg="Executing migration" id="create team member table"
grafana-1     | logger=migrator t=2026-09-15T23:01:34.803508752Z level=info msg="Migration successfully executed" id="create team member table" duration=239.523µs
grafana-1     | logger=migrator t=2026-09-15T23:01:34.804564541Z level=info msg="Executing migration" id="add index team_member.org_id"
grafana-1     | logger=migrator t=2026-09-15T23:01:34.804891725Z level=info msg="Migration successfully executed" id="add index team_member.org_id" duration=327.033µs
grafana-1     | logger=migrator t=2026-09-15T23:01:34.805774068Z level=info msg="Executing migration" id="add unique index team_member_org_id_team_id_user_id"
grafana-1     | logger=migrator t=2026-09-15T23:01:34.80607379Z level=info msg="Migration successfully executed" id="add unique index team_member_org_id_team_id_user_id" duration=299.983µs
grafana-1     | logger=migrator t=2026-09-15T23:01:34.806977455Z level=info msg="Executing migration" id="add index team_member.team_id"
grafana-1     | logger=migrator t=2026-09-15T23:01:34.807263547Z level=info msg="Migration successfully executed" id="add index team_member.team_id" duration=285.772µs
grafana-1     | logger=migrator t=2026-09-15T23:01:34.808087934Z level=info msg="Executing migration" id="Add column email to team table"
grafana-1     | logger=migrator t=2026-09-15T23:01:34.808955255Z level=info msg="Migration successfully executed" id="Add column email to team table" duration=867.011µs
grafana-1     | logger=migrator t=2026-09-15T23:01:34.809787914Z level=info msg="Executing migration" id="Add column external to team_member table"
grafana-1     | logger=migrator t=2026-09-15T23:01:34.810624019Z level=info msg="Migration successfully executed" id="Add column external to team_member table" duration=835.894µs
grafana-1     | logger=migrator t=2026-09-15T23:01:34.81170157Z level=info msg="Executing migration" id="Add column permission to team_member table"
grafana-1     | logger=migrator t=2026-09-15T23:01:34.812698332Z level=info msg="Migration successfully executed" id="Add column permission to team_member table" duration=996.662µs
grafana-1     | logger=migrator t=2026-09-15T23:01:34.813539003Z level=info msg="Executing migration" id="add unique index team_member_user_id_org_id"
grafana-1     | logger=migrator t=2026-09-15T23:01:34.813901699Z level=info msg="Migration successfully executed" id="add unique index team_member_user_id_org_id" duration=362.796µs
grafana-1     | logger=migrator t=2026-09-15T23:01:34.814813961Z level=info msg="Executing migration" id="Add column uid in team_member"
grafana-1     | logger=migrator t=2026-09-15T23:01:34.815618279Z level=info msg="Migration successfully executed" id="Add column uid in team_member" duration=801.954µs
grafana-1     | logger=migrator t=2026-09-15T23:01:34.816611706Z level=info msg="Executing migration" id="Update uid column values in team_member"
grafana-1     | logger=migrator t=2026-09-15T23:01:34.816708899Z level=info msg="Migration successfully executed" id="Update uid column values in team_member" duration=96.853µs
grafana-1     | logger=migrator t=2026-09-15T23:01:34.817552365Z level=info msg="Executing migration" id="Add unique index team_member_uid"
grafana-1     | logger=migrator t=2026-09-15T23:01:34.817912276Z level=info msg="Migration successfully executed" id="Add unique index team_member_uid" duration=359.501µs
grafana-1     | logger=migrator t=2026-09-15T23:01:34.819006212Z level=info msg="Executing migration" id="Increase precision of team.updated to DATETIME(3)"
grafana-1     | logger=migrator t=2026-09-15T23:01:34.819021134Z level=info msg="Migration successfully executed" id="Increase precision of team.updated to DATETIME(3)" duration=15.312µs
grafana-1     | logger=migrator t=2026-09-15T23:01:34.82001394Z level=info msg="Executing migration" id="create dashboard acl table"
grafana-1     | logger=migrator t=2026-09-15T23:01:34.820310127Z level=info msg="Migration successfully executed" id="create dashboard acl table" duration=298.321µs
grafana-1     | logger=migrator t=2026-09-15T23:01:34.821326067Z level=info msg="Executing migration" id="add index dashboard_acl_dashboard_id"
grafana-1     | logger=migrator t=2026-09-15T23:01:34.821661703Z level=info msg="Migration successfully executed" id="add index dashboard_acl_dashboard_id" duration=335.415µs
grafana-1     | logger=migrator t=2026-09-15T23:01:34.822544917Z level=info msg="Executing migration" id="add unique index dashboard_acl_dashboard_id_user_id"
grafana-1     | logger=migrator t=2026-09-15T23:01:34.822875545Z level=info msg="Migration successfully executed" id="add unique index dashboard_acl_dashboard_id_user_id" duration=330.317µs
grafana-1     | logger=migrator t=2026-09-15T23:01:34.823706052Z level=info msg="Executing migration" id="add unique index dashboard_acl_dashboard_id_team_id"
grafana-1     | logger=migrator t=2026-09-15T23:01:34.824061927Z level=info msg="Migration successfully executed" id="add unique index dashboard_acl_dashboard_id_team_id" duration=358.239µs
grafana-1     | logger=migrator t=2026-09-15T23:01:34.824913194Z level=info msg="Executing migration" id="add index dashboard_acl_user_id"
grafana-1     | logger=migrator t=2026-09-15T23:01:34.82524252Z level=info msg="Migration successfully executed" id="add index dashboard_acl_user_id" duration=328.696µs
grafana-1     | logger=migrator t=2026-09-15T23:01:34.826139976Z level=info msg="Executing migration" id="add index dashboard_acl_team_id"
grafana-1     | logger=migrator t=2026-09-15T23:01:34.826432237Z level=info msg="Migration successfully executed" id="add index dashboard_acl_team_id" duration=291.961µs
grafana-1     | logger=migrator t=2026-09-15T23:01:34.827432154Z level=info msg="Executing migration" id="add index dashboard_acl_org_id_role"
grafana-1     | logger=migrator t=2026-09-15T23:01:34.827765726Z level=info msg="Migration successfully executed" id="add index dashboard_acl_org_id_role" duration=333.302µs
grafana-1     | logger=migrator t=2026-09-15T23:01:34.828604385Z level=info msg="Executing migration" id="add index dashboard_permission"
grafana-1     | logger=migrator t=2026-09-15T23:01:34.828919189Z level=info msg="Migration successfully executed" id="add index dashboard_permission" duration=314.434µs
grafana-1     | logger=migrator t=2026-09-15T23:01:34.829825858Z level=info msg="Executing migration" id="save default acl rules in dashboard_acl table"
grafana-1     | logger=migrator t=2026-09-15T23:01:34.830073234Z level=info msg="Migration successfully executed" id="save default acl rules in dashboard_acl table" duration=247.255µs
grafana-1     | logger=migrator t=2026-09-15T23:01:34.830915828Z level=info msg="Executing migration" id="delete acl rules for deleted dashboards and folders"
grafana-1     | logger=migrator t=2026-09-15T23:01:34.831015345Z level=info msg="Migration successfully executed" id="delete acl rules for deleted dashboards and folders" duration=98.726µs
grafana-1     | logger=migrator t=2026-09-15T23:01:34.83189914Z level=info msg="Executing migration" id="create tag table"
grafana-1     | logger=migrator t=2026-09-15T23:01:34.832141107Z level=info msg="Migration successfully executed" id="create tag table" duration=241.617µs
grafana-1     | logger=migrator t=2026-09-15T23:01:34.83299326Z level=info msg="Executing migration" id="add index tag.key_value"
grafana-1     | logger=migrator t=2026-09-15T23:01:34.833289127Z level=info msg="Migration successfully executed" id="add index tag.key_value" duration=295.756µs
grafana-1     | logger=migrator t=2026-09-15T23:01:34.834113745Z level=info msg="Executing migration" id="create login attempt table"
grafana-1     | logger=migrator t=2026-09-15T23:01:34.834355933Z level=info msg="Migration successfully executed" id="create login attempt table" duration=241.958µs
grafana-1     | logger=migrator t=2026-09-15T23:01:34.835362709Z level=info msg="Executing migration" id="add index login_attempt.username"
grafana-1     | logger=migrator t=2026-09-15T23:01:34.835716281Z level=info msg="Migration successfully executed" id="add index login_attempt.username" duration=353.321µs
grafana-1     | logger=migrator t=2026-09-15T23:01:34.836552566Z level=info msg="Executing migration" id="drop index IDX_login_attempt_username - v1"
grafana-1     | logger=migrator t=2026-09-15T23:01:34.836881402Z level=info msg="Migration successfully executed" id="drop index IDX_login_attempt_username - v1" duration=328.575µs
grafana-1     | logger=migrator t=2026-09-15T23:01:34.83765197Z level=info msg="Executing migration" id="Rename table login_attempt to login_attempt_tmp_qwerty - v1"
grafana-1     | logger=migrator t=2026-09-15T23:01:34.839802856Z level=info msg="Migration successfully executed" id="Rename table login_attempt to login_attempt_tmp_qwerty - v1" duration=2.150085ms
grafana-1     | logger=migrator t=2026-09-15T23:01:34.840623177Z level=info msg="Executing migration" id="create login_attempt v2"
grafana-1     | logger=migrator t=2026-09-15T23:01:34.840890051Z level=info msg="Migration successfully executed" id="create login_attempt v2" duration=266.534µs
grafana-1     | logger=migrator t=2026-09-15T23:01:34.841660959Z level=info msg="Executing migration" id="create index IDX_login_attempt_username - v2"
grafana-1     | logger=migrator t=2026-09-15T23:01:34.841971548Z level=info msg="Migration successfully executed" id="create index IDX_login_attempt_username - v2" duration=310.128µs
grafana-1     | logger=migrator t=2026-09-15T23:01:34.842818839Z level=info msg="Executing migration" id="copy login_attempt v1 to v2"
grafana-1     | logger=migrator t=2026-09-15T23:01:34.842984173Z level=info msg="Migration successfully executed" id="copy login_attempt v1 to v2" duration=165.284µs
grafana-1     | logger=migrator t=2026-09-15T23:01:34.843770705Z level=info msg="Executing migration" id="drop login_attempt_tmp_qwerty"
grafana-1     | logger=migrator t=2026-09-15T23:01:34.843987154Z level=info msg="Migration successfully executed" id="drop login_attempt_tmp_qwerty" duration=216.36µs
grafana-1     | logger=migrator t=2026-09-15T23:01:34.844786014Z level=info msg="Executing migration" id="increase login_attempt.ip_address column length for IPv6 support"
grafana-1     | logger=migrator t=2026-09-15T23:01:34.844800756Z level=info msg="Migration successfully executed" id="increase login_attempt.ip_address column length for IPv6 support" duration=15.063µs
grafana-1     | logger=migrator t=2026-09-15T23:01:34.845612925Z level=info msg="Executing migration" id="alter table login_attempt alter column created type to bigint"
grafana-1     | logger=migrator t=2026-09-15T23:01:34.845629049Z level=info msg="Migration successfully executed" id="alter table login_attempt alter column created type to bigint" duration=16.023µs
grafana-1     | logger=migrator t=2026-09-15T23:01:34.846499264Z level=info msg="Executing migration" id="create user auth table"
grafana-1     | logger=migrator t=2026-09-15T23:01:34.846771876Z level=info msg="Migration successfully executed" id="create user auth table" duration=272.612µs
grafana-1     | logger=migrator t=2026-09-15T23:01:34.847543125Z level=info msg="Executing migration" id="create index IDX_user_auth_auth_module_auth_id - v1"
grafana-1     | logger=migrator t=2026-09-15T23:01:34.847848276Z level=info msg="Migration successfully executed" id="create index IDX_user_auth_auth_module_auth_id - v1" duration=304.71µs
grafana-1     | logger=migrator t=2026-09-15T23:01:34.848653946Z level=info msg="Executing migration" id="alter user_auth.auth_id to length 190"
grafana-1     | logger=migrator t=2026-09-15T23:01:34.848670069Z level=info msg="Migration successfully executed" id="alter user_auth.auth_id to length 190" duration=19.098µs
grafana-1     | logger=migrator t=2026-09-15T23:01:34.849558962Z level=info msg="Executing migration" id="Add OAuth access token to user_auth"
grafana-1     | logger=migrator t=2026-09-15T23:01:34.850446783Z level=info msg="Migration successfully executed" id="Add OAuth access token to user_auth" duration=887.241µs
grafana-1     | logger=migrator t=2026-09-15T23:01:34.851400211Z level=info msg="Executing migration" id="Add OAuth refresh token to user_auth"
grafana-1     | logger=migrator t=2026-09-15T23:01:34.852266109Z level=info msg="Migration successfully executed" id="Add OAuth refresh token to user_auth" duration=865.048µs
grafana-1     | logger=migrator t=2026-09-15T23:01:34.85308578Z level=info msg="Executing migration" id="Add OAuth token type to user_auth"
grafana-1     | logger=migrator t=2026-09-15T23:01:34.85396616Z level=info msg="Migration successfully executed" id="Add OAuth token type to user_auth" duration=879.84µs
grafana-1     | logger=migrator t=2026-09-15T23:01:34.854820972Z level=info msg="Executing migration" id="Add OAuth expiry to user_auth"
grafana-1     | logger=migrator t=2026-09-15T23:01:34.85565951Z level=info msg="Migration successfully executed" id="Add OAuth expiry to user_auth" duration=838.768µs
grafana-1     | logger=migrator t=2026-09-15T23:01:34.856541362Z level=info msg="Executing migration" id="Add index to user_id column in user_auth"
grafana-1     | logger=migrator t=2026-09-15T23:01:34.856876938Z level=info msg="Migration successfully executed" id="Add index to user_id column in user_auth" duration=335.275µs
grafana-1     | logger=migrator t=2026-09-15T23:01:34.857874306Z level=info msg="Executing migration" id="Add OAuth ID token to user_auth"
grafana-1     | logger=migrator t=2026-09-15T23:01:34.858833432Z level=info msg="Migration successfully executed" id="Add OAuth ID token to user_auth" duration=959.216µs
grafana-1     | logger=migrator t=2026-09-15T23:01:34.859620564Z level=info msg="Executing migration" id="Add user_unique_id to user_auth"
grafana-1     | logger=migrator t=2026-09-15T23:01:34.860595143Z level=info msg="Migration successfully executed" id="Add user_unique_id to user_auth" duration=968.17µs
grafana-1     | logger=migrator t=2026-09-15T23:01:34.861760735Z level=info msg="Executing migration" id="Add user_uid to user_auth"
grafana-1     | logger=migrator t=2026-09-15T23:01:34.862652271Z level=info msg="Migration successfully executed" id="Add user_uid to user_auth" duration=891.717µs
grafana-1     | logger=migrator t=2026-09-15T23:01:34.86345083Z level=info msg="Executing migration" id="Populate user_uid in user_auth from user table"
grafana-1     | logger=migrator t=2026-09-15T23:01:34.863603265Z level=info msg="Migration successfully executed" id="Populate user_uid in user_auth from user table" duration=152.805µs
grafana-1     | logger=migrator t=2026-09-15T23:01:34.864466039Z level=info msg="Executing migration" id="create server_lock table"
grafana-1     | logger=migrator t=2026-09-15T23:01:34.864794214Z level=info msg="Migration successfully executed" id="create server_lock table" duration=327.894µs
grafana-1     | logger=migrator t=2026-09-15T23:01:34.865838506Z level=info msg="Executing migration" id="add index server_lock.operation_uid"
grafana-1     | logger=migrator t=2026-09-15T23:01:34.866197636Z level=info msg="Migration successfully executed" id="add index server_lock.operation_uid" duration=358.99µs
grafana-1     | logger=migrator t=2026-09-15T23:01:34.867137945Z level=info msg="Executing migration" id="create user auth token table"
grafana-1     | logger=migrator t=2026-09-15T23:01:34.867437397Z level=info msg="Migration successfully executed" id="create user auth token table" duration=299.943µs
grafana-1     | logger=migrator t=2026-09-15T23:01:34.868412006Z level=info msg="Executing migration" id="add unique index user_auth_token.auth_token"
grafana-1     | logger=migrator t=2026-09-15T23:01:34.868828661Z level=info msg="Migration successfully executed" id="add unique index user_auth_token.auth_token" duration=415.974µs
grafana-1     | logger=migrator t=2026-09-15T23:01:34.869793326Z level=info msg="Executing migration" id="add unique index user_auth_token.prev_auth_token"
grafana-1     | logger=migrator t=2026-09-15T23:01:34.870095222Z level=info msg="Migration successfully executed" id="add unique index user_auth_token.prev_auth_token" duration=302.046µs
grafana-1     | logger=migrator t=2026-09-15T23:01:34.870953609Z level=info msg="Executing migration" id="add index user_auth_token.user_id"
grafana-1     | logger=migrator t=2026-09-15T23:01:34.871251809Z level=info msg="Migration successfully executed" id="add index user_auth_token.user_id" duration=297.97µs
grafana-1     | logger=migrator t=2026-09-15T23:01:34.872102776Z level=info msg="Executing migration" id="Add revoked_at to the user auth token"
grafana-1     | logger=migrator t=2026-09-15T23:01:34.87305361Z level=info msg="Migration successfully executed" id="Add revoked_at to the user auth token" duration=951.195µs
grafana-1     | logger=migrator t=2026-09-15T23:01:34.873902914Z level=info msg="Executing migration" id="add index user_auth_token.revoked_at"
grafana-1     | logger=migrator t=2026-09-15T23:01:34.874278879Z level=info msg="Migration successfully executed" id="add index user_auth_token.revoked_at" duration=376.065µs
grafana-1     | logger=migrator t=2026-09-15T23:01:34.875177016Z level=info msg="Executing migration" id="add external_session_id to user_auth_token"
grafana-1     | logger=migrator t=2026-09-15T23:01:34.876098186Z level=info msg="Migration successfully executed" id="add external_session_id to user_auth_token" duration=919.848µs
grafana-1     | logger=migrator t=2026-09-15T23:01:34.876928302Z level=info msg="Executing migration" id="create cache_data table"
grafana-1     | logger=migrator t=2026-09-15T23:01:34.877234063Z level=info msg="Migration successfully executed" id="create cache_data table" duration=305.601µs
grafana-1     | logger=migrator t=2026-09-15T23:01:34.878143776Z level=info msg="Executing migration" id="add unique index cache_data.cache_key"
grafana-1     | logger=migrator t=2026-09-15T23:01:34.878451391Z level=info msg="Migration successfully executed" id="add unique index cache_data.cache_key" duration=307.715µs
grafana-1     | logger=migrator t=2026-09-15T23:01:34.879438173Z level=info msg="Executing migration" id="create short_url table v1"
grafana-1     | logger=migrator t=2026-09-15T23:01:34.8796936Z level=info msg="Migration successfully executed" id="create short_url table v1" duration=255.307µs
grafana-1     | logger=migrator t=2026-09-15T23:01:34.880502915Z level=info msg="Executing migration" id="add index short_url.org_id-uid"
grafana-1     | logger=migrator t=2026-09-15T23:01:34.880903837Z level=info msg="Migration successfully executed" id="add index short_url.org_id-uid" duration=398.107µs
grafana-1     | logger=migrator t=2026-09-15T23:01:34.881866959Z level=info msg="Executing migration" id="alter table short_url alter column created_by type to bigint"
grafana-1     | logger=migrator t=2026-09-15T23:01:34.881883684Z level=info msg="Migration successfully executed" id="alter table short_url alter column created_by type to bigint" duration=17.365µs
grafana-1     | logger=migrator t=2026-09-15T23:01:34.88282277Z level=info msg="Executing migration" id="add index short_url.org_id-id"
grafana-1     | logger=migrator t=2026-09-15T23:01:34.883158106Z level=info msg="Migration successfully executed" id="add index short_url.org_id-id" duration=335.566µs
grafana-1     | logger=migrator t=2026-09-15T23:01:34.884001922Z level=info msg="Executing migration" id="delete alert_definition table"
grafana-1     | logger=migrator t=2026-09-15T23:01:34.88405469Z level=info msg="Migration successfully executed" id="delete alert_definition table" duration=52.478µs
grafana-1     | logger=migrator t=2026-09-15T23:01:34.884961399Z level=info msg="Executing migration" id="recreate alert_definition table"
grafana-1     | logger=migrator t=2026-09-15T23:01:34.885233681Z level=info msg="Migration successfully executed" id="recreate alert_definition table" duration=269.939µs
grafana-1     | logger=migrator t=2026-09-15T23:01:34.886110605Z level=info msg="Executing migration" id="add index in alert_definition on org_id and title columns"
grafana-1     | logger=migrator t=2026-09-15T23:01:34.886448054Z level=info msg="Migration successfully executed" id="add index in alert_definition on org_id and title columns" duration=337.358µs
grafana-1     | logger=migrator t=2026-09-15T23:01:34.887406379Z level=info msg="Executing migration" id="add index in alert_definition on org_id and uid columns"
grafana-1     | logger=migrator t=2026-09-15T23:01:34.887715305Z level=info msg="Migration successfully executed" id="add index in alert_definition on org_id and uid columns" duration=306.763µs
grafana-1     | logger=migrator t=2026-09-15T23:01:34.888539712Z level=info msg="Executing migration" id="alter alert_definition table data column to mediumtext in mysql"
grafana-1     | logger=migrator t=2026-09-15T23:01:34.888557979Z level=info msg="Migration successfully executed" id="alter alert_definition table data column to mediumtext in mysql" duration=16.334µs
grafana-1     | logger=migrator t=2026-09-15T23:01:34.889420163Z level=info msg="Executing migration" id="drop index in alert_definition on org_id and title columns"
grafana-1     | logger=migrator t=2026-09-15T23:01:34.889719535Z level=info msg="Migration successfully executed" id="drop index in alert_definition on org_id and title columns" duration=299.062µs
grafana-1     | logger=migrator t=2026-09-15T23:01:34.890634015Z level=info msg="Executing migration" id="drop index in alert_definition on org_id and uid columns"
grafana-1     | logger=migrator t=2026-09-15T23:01:34.890943702Z level=info msg="Migration successfully executed" id="drop index in alert_definition on org_id and uid columns" duration=309.507µs
grafana-1     | logger=migrator t=2026-09-15T23:01:34.891757874Z level=info msg="Executing migration" id="add unique index in alert_definition on org_id and title columns"
grafana-1     | logger=migrator t=2026-09-15T23:01:34.892084046Z level=info msg="Migration successfully executed" id="add unique index in alert_definition on org_id and title columns" duration=326.191µs
grafana-1     | logger=migrator t=2026-09-15T23:01:34.892893091Z level=info msg="Executing migration" id="add unique index in alert_definition on org_id and uid columns"
grafana-1     | logger=migrator t=2026-09-15T23:01:34.89319715Z level=info msg="Migration successfully executed" id="add unique index in alert_definition on org_id and uid columns" duration=304.089µs
grafana-1     | logger=migrator t=2026-09-15T23:01:34.894007837Z level=info msg="Executing migration" id="Add column paused in alert_definition"
grafana-1     | logger=migrator t=2026-09-15T23:01:34.894984789Z level=info msg="Migration successfully executed" id="Add column paused in alert_definition" duration=976.942µs
grafana-1     | logger=migrator t=2026-09-15T23:01:34.89577737Z level=info msg="Executing migration" id="drop alert_definition table"
grafana-1     | logger=migrator t=2026-09-15T23:01:34.896096892Z level=info msg="Migration successfully executed" id="drop alert_definition table" duration=319.192µs
grafana-1     | logger=migrator t=2026-09-15T23:01:34.896945735Z level=info msg="Executing migration" id="delete alert_definition_version table"
grafana-1     | logger=migrator t=2026-09-15T23:01:34.897002409Z level=info msg="Migration successfully executed" id="delete alert_definition_version table" duration=56.854µs
grafana-1     | logger=migrator t=2026-09-15T23:01:34.898915734Z level=info msg="Executing migration" id="recreate alert_definition_version table"
grafana-1     | logger=migrator t=2026-09-15T23:01:34.899199683Z level=info msg="Migration successfully executed" id="recreate alert_definition_version table" duration=285.702µs
grafana-1     | logger=migrator t=2026-09-15T23:01:34.900031932Z level=info msg="Executing migration" id="add index in alert_definition_version table on alert_definition_id and version columns"
grafana-1     | logger=migrator t=2026-09-15T23:01:34.900350493Z level=info msg="Migration successfully executed" id="add index in alert_definition_version table on alert_definition_id and version columns" duration=318.31µs
grafana-1     | logger=migrator t=2026-09-15T23:01:34.90139845Z level=info msg="Executing migration" id="add index in alert_definition_version table on alert_definition_uid and version columns"
grafana-1     | logger=migrator t=2026-09-15T23:01:34.901747215Z level=info msg="Migration successfully executed" id="add index in alert_definition_version table on alert_definition_uid and version columns" duration=350.537µs
grafana-1     | logger=migrator t=2026-09-15T23:01:34.90267169Z level=info msg="Executing migration" id="alter alert_definition_version table data column to mediumtext in mysql"
grafana-1     | logger=migrator t=2026-09-15T23:01:34.902690628Z level=info msg="Migration successfully executed" id="alter alert_definition_version table data column to mediumtext in mysql" duration=18.818µs
grafana-1     | logger=migrator t=2026-09-15T23:01:34.903607843Z level=info msg="Executing migration" id="drop alert_definition_version table"
grafana-1     | logger=migrator t=2026-09-15T23:01:34.903985035Z level=info msg="Migration successfully executed" id="drop alert_definition_version table" duration=376.881µs
grafana-1     | logger=migrator t=2026-09-15T23:01:34.904844233Z level=info msg="Executing migration" id="create alert_instance table"
grafana-1     | logger=migrator t=2026-09-15T23:01:34.905158167Z level=info msg="Migration successfully executed" id="create alert_instance table" duration=311.841µs
grafana-1     | logger=migrator t=2026-09-15T23:01:34.906056894Z level=info msg="Executing migration" id="add index in alert_instance table on def_org_id, def_uid and current_state columns"
grafana-1     | logger=migrator t=2026-09-15T23:01:34.906366992Z level=info msg="Migration successfully executed" id="add index in alert_instance table on def_org_id, def_uid and current_state columns" duration=309.928µs
grafana-1     | logger=migrator t=2026-09-15T23:01:34.907265429Z level=info msg="Executing migration" id="add index in alert_instance table on def_org_id, current_state columns"
grafana-1     | logger=migrator t=2026-09-15T23:01:34.907560504Z level=info msg="Migration successfully executed" id="add index in alert_instance table on def_org_id, current_state columns" duration=294.595µs
grafana-1     | logger=migrator t=2026-09-15T23:01:34.908500402Z level=info msg="Executing migration" id="add column current_state_end to alert_instance"
grafana-1     | logger=migrator t=2026-09-15T23:01:34.909502171Z level=info msg="Migration successfully executed" id="add column current_state_end to alert_instance" duration=1.001448ms
grafana-1     | logger=migrator t=2026-09-15T23:01:34.910417883Z level=info msg="Executing migration" id="remove index def_org_id, def_uid, current_state on alert_instance"
grafana-1     | logger=migrator t=2026-09-15T23:01:34.910704497Z level=info msg="Migration successfully executed" id="remove index def_org_id, def_uid, current_state on alert_instance" duration=286.213µs
grafana-1     | logger=migrator t=2026-09-15T23:01:34.911490127Z level=info msg="Executing migration" id="remove index def_org_id, current_state on alert_instance"
grafana-1     | logger=migrator t=2026-09-15T23:01:34.911800075Z level=info msg="Migration successfully executed" id="remove index def_org_id, current_state on alert_instance" duration=309.657µs
grafana-1     | logger=migrator t=2026-09-15T23:01:34.912581609Z level=info msg="Executing migration" id="rename def_org_id to rule_org_id in alert_instance"
grafana-1     | logger=migrator t=2026-09-15T23:01:34.91640875Z level=info msg="Migration successfully executed" id="rename def_org_id to rule_org_id in alert_instance" duration=3.826701ms
grafana-1     | logger=migrator t=2026-09-15T23:01:34.917371281Z level=info msg="Executing migration" id="rename def_uid to rule_uid in alert_instance"
grafana-1     | logger=migrator t=2026-09-15T23:01:34.921191332Z level=info msg="Migration successfully executed" id="rename def_uid to rule_uid in alert_instance" duration=3.819379ms
grafana-1     | logger=migrator t=2026-09-15T23:01:34.922045794Z level=info msg="Executing migration" id="add index rule_org_id, rule_uid, current_state on alert_instance"
grafana-1     | logger=migrator t=2026-09-15T23:01:34.922479745Z level=info msg="Migration successfully executed" id="add index rule_org_id, rule_uid, current_state on alert_instance" duration=433.56µs
grafana-1     | logger=migrator t=2026-09-15T23:01:34.923400514Z level=info msg="Executing migration" id="add index rule_org_id, current_state on alert_instance"
grafana-1     | logger=migrator t=2026-09-15T23:01:34.923711694Z level=info msg="Migration successfully executed" id="add index rule_org_id, current_state on alert_instance" duration=311.27µs
grafana-1     | logger=migrator t=2026-09-15T23:01:34.924516913Z level=info msg="Executing migration" id="add current_reason column related to current_state"
grafana-1     | logger=migrator t=2026-09-15T23:01:34.925484572Z level=info msg="Migration successfully executed" id="add current_reason column related to current_state" duration=967.369µs
grafana-1     | logger=migrator t=2026-09-15T23:01:34.926552789Z level=info msg="Executing migration" id="add result_fingerprint column to alert_instance"
grafana-1     | logger=migrator t=2026-09-15T23:01:34.92753525Z level=info msg="Migration successfully executed" id="add result_fingerprint column to alert_instance" duration=982.44µs
grafana-1     | logger=migrator t=2026-09-15T23:01:34.928505753Z level=info msg="Executing migration" id="create alert_rule table"
grafana-1     | logger=migrator t=2026-09-15T23:01:34.928820938Z level=info msg="Migration successfully executed" id="create alert_rule table" duration=315.145µs
grafana-1     | logger=migrator t=2026-09-15T23:01:34.929899461Z level=info msg="Executing migration" id="add index in alert_rule on org_id and title columns"
grafana-1     | logger=migrator t=2026-09-15T23:01:34.930233254Z level=info msg="Migration successfully executed" id="add index in alert_rule on org_id and title columns" duration=333.373µs
grafana-1     | logger=migrator t=2026-09-15T23:01:34.931092472Z level=info msg="Executing migration" id="add index in alert_rule on org_id and uid columns"
grafana-1     | logger=migrator t=2026-09-15T23:01:34.931442209Z level=info msg="Migration successfully executed" id="add index in alert_rule on org_id and uid columns" duration=349.676µs
grafana-1     | logger=migrator t=2026-09-15T23:01:34.932441064Z level=info msg="Executing migration" id="add index in alert_rule on org_id, namespace_uid, group_uid columns"
grafana-1     | logger=migrator t=2026-09-15T23:01:34.932794756Z level=info msg="Migration successfully executed" id="add index in alert_rule on org_id, namespace_uid, group_uid columns" duration=353.642µs
grafana-1     | logger=migrator t=2026-09-15T23:01:34.933709657Z level=info msg="Executing migration" id="alter alert_rule table data column to mediumtext in mysql"
grafana-1     | logger=migrator t=2026-09-15T23:01:34.933726151Z level=info msg="Migration successfully executed" id="alter alert_rule table data column to mediumtext in mysql" duration=16.425µs
grafana-1     | logger=migrator t=2026-09-15T23:01:34.934567133Z level=info msg="Executing migration" id="add column for to alert_rule"
grafana-1     | logger=migrator t=2026-09-15T23:01:34.935577345Z level=info msg="Migration successfully executed" id="add column for to alert_rule" duration=1.009961ms
grafana-1     | logger=migrator t=2026-09-15T23:01:34.936556441Z level=info msg="Executing migration" id="add column annotations to alert_rule"
grafana-1     | logger=migrator t=2026-09-15T23:01:34.937545842Z level=info msg="Migration successfully executed" id="add column annotations to alert_rule" duration=987.128µs
grafana-1     | logger=migrator t=2026-09-15T23:01:34.938498579Z level=info msg="Executing migration" id="add column labels to alert_rule"
grafana-1     | logger=migrator t=2026-09-15T23:01:34.939496562Z level=info msg="Migration successfully executed" id="add column labels to alert_rule" duration=997.953µs
grafana-1     | logger=migrator t=2026-09-15T23:01:34.940413596Z level=info msg="Executing migration" id="remove unique index from alert_rule on org_id, title columns"
grafana-1     | logger=migrator t=2026-09-15T23:01:34.940717054Z level=info msg="Migration successfully executed" id="remove unique index from alert_rule on org_id, title columns" duration=303.759µs
grafana-1     | logger=migrator t=2026-09-15T23:01:34.941544576Z level=info msg="Executing migration" id="add index in alert_rule on org_id, namespase_uid and title columns"
grafana-1     | logger=migrator t=2026-09-15T23:01:34.94188581Z level=info msg="Migration successfully executed" id="add index in alert_rule on org_id, namespase_uid and title columns" duration=341.124µs
grafana-1     | logger=migrator t=2026-09-15T23:01:34.942723858Z level=info msg="Executing migration" id="add dashboard_uid column to alert_rule"
grafana-1     | logger=migrator t=2026-09-15T23:01:34.943715202Z level=info msg="Migration successfully executed" id="add dashboard_uid column to alert_rule" duration=990.894µs
grafana-1     | logger=migrator t=2026-09-15T23:01:34.944536695Z level=info msg="Executing migration" id="add panel_id column to alert_rule"
grafana-1     | logger=migrator t=2026-09-15T23:01:34.945518484Z level=info msg="Migration successfully executed" id="add panel_id column to alert_rule" duration=981.619µs
grafana-1     | logger=migrator t=2026-09-15T23:01:34.946471221Z level=info msg="Executing migration" id="add index in alert_rule on org_id, dashboard_uid and panel_id columns"
grafana-1     | logger=migrator t=2026-09-15T23:01:34.946800658Z level=info msg="Migration successfully executed" id="add index in alert_rule on org_id, dashboard_uid and panel_id columns" duration=329.306µs
grafana-1     | logger=migrator t=2026-09-15T23:01:34.947746114Z level=info msg="Executing migration" id="add rule_group_idx column to alert_rule"
grafana-1     | logger=migrator t=2026-09-15T23:01:34.948722826Z level=info msg="Migration successfully executed" id="add rule_group_idx column to alert_rule" duration=974.779µs
grafana-1     | logger=migrator t=2026-09-15T23:01:34.949589806Z level=info msg="Executing migration" id="add is_paused column to alert_rule table"
grafana-1     | logger=migrator t=2026-09-15T23:01:34.950574691Z level=info msg="Migration successfully executed" id="add is_paused column to alert_rule table" duration=984.474µs
grafana-1     | logger=migrator t=2026-09-15T23:01:34.951588483Z level=info msg="Executing migration" id="fix is_paused column for alert_rule table"
grafana-1     | logger=migrator t=2026-09-15T23:01:34.95160708Z level=info msg="Migration successfully executed" id="fix is_paused column for alert_rule table" duration=18.978µs
grafana-1     | logger=migrator t=2026-09-15T23:01:34.952619966Z level=info msg="Executing migration" id="alter table alert_rule alter column rule_group_idx type to bigint"
grafana-1     | logger=migrator t=2026-09-15T23:01:34.952635959Z level=info msg="Migration successfully executed" id="alter table alert_rule alter column rule_group_idx type to bigint" duration=16.374µs
grafana-1     | logger=migrator t=2026-09-15T23:01:34.953616738Z level=info msg="Executing migration" id="create alert_rule_version table"
grafana-1     | logger=migrator t=2026-09-15T23:01:34.954016889Z level=info msg="Migration successfully executed" id="create alert_rule_version table" duration=399.981µs
grafana-1     | logger=migrator t=2026-09-15T23:01:34.955027501Z level=info msg="Executing migration" id="add index in alert_rule_version table on rule_org_id, rule_uid and version columns"
grafana-1     | logger=migrator t=2026-09-15T23:01:34.955357668Z level=info msg="Migration successfully executed" id="add index in alert_rule_version table on rule_org_id, rule_uid and version columns" duration=329.997µs
grafana-1     | logger=migrator t=2026-09-15T23:01:34.956402581Z level=info msg="Executing migration" id="add index in alert_rule_version table on rule_org_id, rule_namespace_uid and rule_group columns"
grafana-1     | logger=migrator t=2026-09-15T23:01:34.956785427Z level=info msg="Migration successfully executed" id="add index in alert_rule_version table on rule_org_id, rule_namespace_uid and rule_group columns" duration=382.605µs
grafana-1     | logger=migrator t=2026-09-15T23:01:34.957622593Z level=info msg="Executing migration" id="alter alert_rule_version table data column to mediumtext in mysql"
grafana-1     | logger=migrator t=2026-09-15T23:01:34.957638827Z level=info msg="Migration successfully executed" id="alter alert_rule_version table data column to mediumtext in mysql" duration=16.645µs
grafana-1     | logger=migrator t=2026-09-15T23:01:34.958742371Z level=info msg="Executing migration" id="add column for to alert_rule_version"
grafana-1     | logger=migrator t=2026-09-15T23:01:34.959963294Z level=info msg="Migration successfully executed" id="add column for to alert_rule_version" duration=1.23206ms
grafana-1     | logger=migrator t=2026-09-15T23:01:34.960870203Z level=info msg="Executing migration" id="add column annotations to alert_rule_version"
grafana-1     | logger=migrator t=2026-09-15T23:01:34.961989666Z level=info msg="Migration successfully executed" id="add column annotations to alert_rule_version" duration=1.119152ms
grafana-1     | logger=migrator t=2026-09-15T23:01:34.96285211Z level=info msg="Executing migration" id="add column labels to alert_rule_version"
grafana-1     | logger=migrator t=2026-09-15T23:01:34.963938013Z level=info msg="Migration successfully executed" id="add column labels to alert_rule_version" duration=1.086044ms
grafana-1     | logger=migrator t=2026-09-15T23:01:34.964771714Z level=info msg="Executing migration" id="add rule_group_idx column to alert_rule_version"
grafana-1     | logger=migrator t=2026-09-15T23:01:34.965869355Z level=info msg="Migration successfully executed" id="add rule_group_idx column to alert_rule_version" duration=1.094917ms
grafana-1     | logger=migrator t=2026-09-15T23:01:34.966680924Z level=info msg="Executing migration" id="add is_paused column to alert_rule_versions table"
grafana-1     | logger=migrator t=2026-09-15T23:01:34.967789851Z level=info msg="Migration successfully executed" id="add is_paused column to alert_rule_versions table" duration=1.108397ms
grafana-1     | logger=migrator t=2026-09-15T23:01:34.968704993Z level=info msg="Executing migration" id="fix is_paused column for alert_rule_version table"
grafana-1     | logger=migrator t=2026-09-15T23:01:34.96871684Z level=info msg="Migration successfully executed" id="fix is_paused column for alert_rule_version table" duration=12.288µs
grafana-1     | logger=migrator t=2026-09-15T23:01:34.969598692Z level=info msg="Executing migration" id="alter table alert_rule_version alter column rule_group_idx type to bigint"
grafana-1     | logger=migrator t=2026-09-15T23:01:34.969615617Z level=info msg="Migration successfully executed" id="alter table alert_rule_version alter column rule_group_idx type to bigint" duration=17.316µs
grafana-1     | logger=migrator t=2026-09-15T23:01:34.970478762Z level=info msg="Executing migration" id=create_alert_configuration_table
grafana-1     | logger=migrator t=2026-09-15T23:01:34.970780898Z level=info msg="Migration successfully executed" id=create_alert_configuration_table duration=302.427µs
grafana-1     | logger=migrator t=2026-09-15T23:01:34.971688819Z level=info msg="Executing migration" id="Add column default in alert_configuration"
grafana-1     | logger=migrator t=2026-09-15T23:01:34.972718359Z level=info msg="Migration successfully executed" id="Add column default in alert_configuration" duration=1.02962ms
grafana-1     | logger=migrator t=2026-09-15T23:01:34.97349791Z level=info msg="Executing migration" id="alert alert_configuration alertmanager_configuration column from TEXT to MEDIUMTEXT if mysql"
grafana-1     | logger=migrator t=2026-09-15T23:01:34.973509767Z level=info msg="Migration successfully executed" id="alert alert_configuration alertmanager_configuration column from TEXT to MEDIUMTEXT if mysql" duration=12.369µs
grafana-1     | logger=migrator t=2026-09-15T23:01:34.974328917Z level=info msg="Executing migration" id="add column org_id in alert_configuration"
grafana-1     | logger=migrator t=2026-09-15T23:01:34.975372238Z level=info msg="Migration successfully executed" id="add column org_id in alert_configuration" duration=1.043141ms
grafana-1     | logger=migrator t=2026-09-15T23:01:34.976502186Z level=info msg="Executing migration" id="add index in alert_configuration table on org_id column"
grafana-1     | logger=migrator t=2026-09-15T23:01:34.976832344Z level=info msg="Migration successfully executed" id="add index in alert_configuration table on org_id column" duration=329.827µs
grafana-1     | logger=migrator t=2026-09-15T23:01:34.97781848Z level=info msg="Executing migration" id="add configuration_hash column to alert_configuration"
grafana-1     | logger=migrator t=2026-09-15T23:01:34.978843493Z level=info msg="Migration successfully executed" id="add configuration_hash column to alert_configuration" duration=1.022841ms
grafana-1     | logger=migrator t=2026-09-15T23:01:34.979631066Z level=info msg="Executing migration" id=create_ngalert_configuration_table
grafana-1     | logger=migrator t=2026-09-15T23:01:34.979914825Z level=info msg="Migration successfully executed" id=create_ngalert_configuration_table duration=281.746µs
grafana-1     | logger=migrator t=2026-09-15T23:01:34.980815836Z level=info msg="Executing migration" id="add index in ngalert_configuration on org_id column"
grafana-1     | logger=migrator t=2026-09-15T23:01:34.981109389Z level=info msg="Migration successfully executed" id="add index in ngalert_configuration on org_id column" duration=293.564µs
grafana-1     | logger=migrator t=2026-09-15T23:01:34.982038221Z level=info msg="Executing migration" id="add column send_alerts_to in ngalert_configuration"
grafana-1     | logger=migrator t=2026-09-15T23:01:34.983145386Z level=info msg="Migration successfully executed" id="add column send_alerts_to in ngalert_configuration" duration=1.106554ms
grafana-1     | logger=migrator t=2026-09-15T23:01:34.983987619Z level=info msg="Executing migration" id="create provenance_type table"
grafana-1     | logger=migrator t=2026-09-15T23:01:34.984244919Z level=info msg="Migration successfully executed" id="create provenance_type table" duration=257.109µs
grafana-1     | logger=migrator t=2026-09-15T23:01:34.98512562Z level=info msg="Executing migration" id="add index to uniquify (record_key, record_type, org_id) columns"
grafana-1     | logger=migrator t=2026-09-15T23:01:34.985528335Z level=info msg="Migration successfully executed" id="add index to uniquify (record_key, record_type, org_id) columns" duration=402.234µs
grafana-1     | logger=migrator t=2026-09-15T23:01:34.986619566Z level=info msg="Executing migration" id="create alert_image table"
grafana-1     | logger=migrator t=2026-09-15T23:01:34.986918748Z level=info msg="Migration successfully executed" id="create alert_image table" duration=299.152µs
grafana-1     | logger=migrator t=2026-09-15T23:01:34.987767731Z level=info msg="Executing migration" id="add unique index on token to alert_image table"
grafana-1     | logger=migrator t=2026-09-15T23:01:34.988094143Z level=info msg="Migration successfully executed" id="add unique index on token to alert_image table" duration=326.332µs
grafana-1     | logger=migrator t=2026-09-15T23:01:34.988956877Z level=info msg="Executing migration" id="support longer URLs in alert_image table"
grafana-1     | logger=migrator t=2026-09-15T23:01:34.9889723Z level=info msg="Migration successfully executed" id="support longer URLs in alert_image table" duration=15.944µs
grafana-1     | logger=migrator t=2026-09-15T23:01:34.989921782Z level=info msg="Executing migration" id=create_alert_configuration_history_table
grafana-1     | logger=migrator t=2026-09-15T23:01:34.99021128Z level=info msg="Migration successfully executed" id=create_alert_configuration_history_table duration=289.648µs
grafana-1     | logger=migrator t=2026-09-15T23:01:34.991069517Z level=info msg="Executing migration" id="drop non-unique orgID index on alert_configuration"
grafana-1     | logger=migrator t=2026-09-15T23:01:34.99139642Z level=info msg="Migration successfully executed" id="drop non-unique orgID index on alert_configuration" duration=326.873µs
grafana-1     | logger=migrator t=2026-09-15T23:01:34.992491727Z level=info msg="Executing migration" id="drop unique orgID index on alert_configuration if exists"
grafana-1     | logger=migrator t=2026-09-15T23:01:34.992621338Z level=warn msg="Skipping migration: Already executed, but not recorded in migration log" id="drop unique orgID index on alert_configuration if exists"
grafana-1     | logger=migrator t=2026-09-15T23:01:34.993485625Z level=info msg="Executing migration" id="extract alertmanager configuration history to separate table"
grafana-1     | logger=migrator t=2026-09-15T23:01:34.993704247Z level=info msg="Migration successfully executed" id="extract alertmanager configuration history to separate table" duration=218.372µs
grafana-1     | logger=migrator t=2026-09-15T23:01:34.994509637Z level=info msg="Executing migration" id="add unique index on orgID to alert_configuration"
grafana-1     | logger=migrator t=2026-09-15T23:01:34.994876498Z level=info msg="Migration successfully executed" id="add unique index on orgID to alert_configuration" duration=366.672µs
grafana-1     | logger=migrator t=2026-09-15T23:01:34.995674166Z level=info msg="Executing migration" id="add last_applied column to alert_configuration_history"
grafana-1     | logger=migrator t=2026-09-15T23:01:34.99680789Z level=info msg="Migration successfully executed" id="add last_applied column to alert_configuration_history" duration=1.133614ms
grafana-1     | logger=migrator t=2026-09-15T23:01:34.997669052Z level=info msg="Executing migration" id="add message column to alert_rule_version"
grafana-1     | logger=migrator t=2026-09-15T23:01:34.998794284Z level=info msg="Migration successfully executed" id="add message column to alert_rule_version" duration=1.124921ms
grafana-1     | logger=migrator t=2026-09-15T23:01:34.999634935Z level=info msg="Executing migration" id="add column external_alertmanager_uid in ngalert_configuration"
grafana-1     | logger=migrator t=2026-09-15T23:01:35.001047571Z level=info msg="Migration successfully executed" id="add column external_alertmanager_uid in ngalert_configuration" duration=1.411925ms
grafana-1     | logger=migrator t=2026-09-15T23:01:35.002494968Z level=info msg="Executing migration" id="add manager_kind column to provenance_type table"
grafana-1     | logger=migrator t=2026-09-15T23:01:35.003598998Z level=info msg="Migration successfully executed" id="add manager_kind column to provenance_type table" duration=1.106033ms
grafana-1     | logger=migrator t=2026-09-15T23:01:35.004680465Z level=info msg="Executing migration" id="add manager_identity column to provenance_type table"
grafana-1     | logger=migrator t=2026-09-15T23:01:35.005772668Z level=info msg="Migration successfully executed" id="add manager_identity column to provenance_type table" duration=1.092223ms
grafana-1     | logger=migrator t=2026-09-15T23:01:35.006576185Z level=info msg="Executing migration" id="create library_element table v1"
grafana-1     | logger=migrator t=2026-09-15T23:01:35.006928365Z level=info msg="Migration successfully executed" id="create library_element table v1" duration=351.97µs
grafana-1     | logger=migrator t=2026-09-15T23:01:35.008698378Z level=info msg="Executing migration" id="add index library_element org_id-folder_id-name-kind"
grafana-1     | logger=migrator t=2026-09-15T23:01:35.009037599Z level=info msg="Migration successfully executed" id="add index library_element org_id-folder_id-name-kind" duration=336.847µs
grafana-1     | logger=migrator t=2026-09-15T23:01:35.009974142Z level=info msg="Executing migration" id="create library_element_connection table v1"
grafana-1     | logger=migrator t=2026-09-15T23:01:35.010251351Z level=info msg="Migration successfully executed" id="create library_element_connection table v1" duration=274.025µs
grafana-1     | logger=migrator t=2026-09-15T23:01:35.011112042Z level=info msg="Executing migration" id="add index library_element_connection element_id-kind-connection_id"
grafana-1     | logger=migrator t=2026-09-15T23:01:35.011451664Z level=info msg="Migration successfully executed" id="add index library_element_connection element_id-kind-connection_id" duration=339.351µs
grafana-1     | logger=migrator t=2026-09-15T23:01:35.012382178Z level=info msg="Executing migration" id="add unique index library_element org_id_uid"
grafana-1     | logger=migrator t=2026-09-15T23:01:35.012703262Z level=info msg="Migration successfully executed" id="add unique index library_element org_id_uid" duration=320.964µs
grafana-1     | logger=migrator t=2026-09-15T23:01:35.013580728Z level=info msg="Executing migration" id="increase max description length to 2048"
grafana-1     | logger=migrator t=2026-09-15T23:01:35.01360226Z level=info msg="Migration successfully executed" id="increase max description length to 2048" duration=21.712µs
grafana-1     | logger=migrator t=2026-09-15T23:01:35.014419056Z level=info msg="Executing migration" id="alter library_element model to mediumtext"
grafana-1     | logger=migrator t=2026-09-15T23:01:35.014436231Z level=info msg="Migration successfully executed" id="alter library_element model to mediumtext" duration=16.484µs
grafana-1     | logger=migrator t=2026-09-15T23:01:35.015288359Z level=info msg="Executing migration" id="add library_element folder uid"
grafana-1     | logger=migrator t=2026-09-15T23:01:35.016409795Z level=info msg="Migration successfully executed" id="add library_element folder uid" duration=1.121125ms
grafana-1     | logger=migrator t=2026-09-15T23:01:35.017330405Z level=info msg="Executing migration" id="populate library_element folder_uid"
grafana-1     | logger=migrator t=2026-09-15T23:01:35.017443802Z level=info msg="Migration successfully executed" id="populate library_element folder_uid" duration=113.378µs
grafana-1     | logger=migrator t=2026-09-15T23:01:35.018273497Z level=info msg="Executing migration" id="add index library_element org_id-folder_uid-name-kind"
grafana-1     | logger=migrator t=2026-09-15T23:01:35.018608131Z level=info msg="Migration successfully executed" id="add index library_element org_id-folder_uid-name-kind" duration=334.444µs
grafana-1     | logger=migrator t=2026-09-15T23:01:35.019564163Z level=info msg="Executing migration" id="drop unique name in folder index (id)"
grafana-1     | logger=migrator t=2026-09-15T23:01:35.019870065Z level=info msg="Migration successfully executed" id="drop unique name in folder index (id)" duration=305.702µs
grafana-1     | logger=migrator t=2026-09-15T23:01:35.020682394Z level=info msg="Executing migration" id="drop unique name in folder index"
grafana-1     | logger=migrator t=2026-09-15T23:01:35.021015997Z level=info msg="Migration successfully executed" id="drop unique name in folder index" duration=333.182µs
grafana-1     | logger=migrator t=2026-09-15T23:01:35.021890468Z level=info msg="Executing migration" id="clone move dashboard alerts to unified alerting"
grafana-1     | logger=migrator t=2026-09-15T23:01:35.022062522Z level=info msg="Migration successfully executed" id="clone move dashboard alerts to unified alerting" duration=171.213µs
grafana-1     | logger=migrator t=2026-09-15T23:01:35.02292756Z level=info msg="Executing migration" id="create data_keys table"
grafana-1     | logger=migrator t=2026-09-15T23:01:35.023230567Z level=info msg="Migration successfully executed" id="create data_keys table" duration=303.238µs
grafana-1     | logger=migrator t=2026-09-15T23:01:35.024166579Z level=info msg="Executing migration" id="create secrets table"
grafana-1     | logger=migrator t=2026-09-15T23:01:35.024584486Z level=info msg="Migration successfully executed" id="create secrets table" duration=418.127µs
grafana-1     | logger=migrator t=2026-09-15T23:01:35.025680986Z level=info msg="Executing migration" id="rename data_keys name column to id"
grafana-1     | logger=migrator t=2026-09-15T23:01:35.030454464Z level=info msg="Migration successfully executed" id="rename data_keys name column to id" duration=4.773038ms
grafana-1     | logger=migrator t=2026-09-15T23:01:35.031459198Z level=info msg="Executing migration" id="add name column into data_keys"
grafana-1     | logger=migrator t=2026-09-15T23:01:35.032619772Z level=info msg="Migration successfully executed" id="add name column into data_keys" duration=1.160644ms
grafana-1     | logger=migrator t=2026-09-15T23:01:35.033577816Z level=info msg="Executing migration" id="copy data_keys id column values into name"
grafana-1     | logger=migrator t=2026-09-15T23:01:35.033665325Z level=info msg="Migration successfully executed" id="copy data_keys id column values into name" duration=87.298µs
grafana-1     | logger=migrator t=2026-09-15T23:01:35.034625989Z level=info msg="Executing migration" id="rename data_keys name column to label"
grafana-1     | logger=migrator t=2026-09-15T23:01:35.039362263Z level=info msg="Migration successfully executed" id="rename data_keys name column to label" duration=4.736003ms
grafana-1     | logger=migrator t=2026-09-15T23:01:35.040589655Z level=info msg="Executing migration" id="rename data_keys id column back to name"
grafana-1     | logger=migrator t=2026-09-15T23:01:35.045301343Z level=info msg="Migration successfully executed" id="rename data_keys id column back to name" duration=4.711067ms
grafana-1     | logger=migrator t=2026-09-15T23:01:35.046284124Z level=info msg="Executing migration" id="create kv_store table v1"
grafana-1     | logger=migrator t=2026-09-15T23:01:35.046534413Z level=info msg="Migration successfully executed" id="create kv_store table v1" duration=250.139µs
grafana-1     | logger=migrator t=2026-09-15T23:01:35.047522683Z level=info msg="Executing migration" id="add index kv_store.org_id-namespace-key"
grafana-1     | logger=migrator t=2026-09-15T23:01:35.047901041Z level=info msg="Migration successfully executed" id="add index kv_store.org_id-namespace-key" duration=378.218µs
grafana-1     | logger=migrator t=2026-09-15T23:01:35.048909641Z level=info msg="Executing migration" id="update dashboard_uid and panel_id from existing annotations"
grafana-1     | logger=migrator t=2026-09-15T23:01:35.049027915Z level=info msg="Migration successfully executed" id="update dashboard_uid and panel_id from existing annotations" duration=118.686µs
grafana-1     | logger=migrator t=2026-09-15T23:01:35.049952596Z level=info msg="Executing migration" id="create permission table"
grafana-1     | logger=migrator t=2026-09-15T23:01:35.050228323Z level=info msg="Migration successfully executed" id="create permission table" duration=274.435µs
grafana-1     | logger=migrator t=2026-09-15T23:01:35.051197815Z level=info msg="Executing migration" id="add unique index permission.role_id"
grafana-1     | logger=migrator t=2026-09-15T23:01:35.0515467Z level=info msg="Migration successfully executed" id="add unique index permission.role_id" duration=348.735µs
grafana-1     | logger=migrator t=2026-09-15T23:01:35.052564403Z level=info msg="Executing migration" id="add unique index role_id_action_scope"
grafana-1     | logger=migrator t=2026-09-15T23:01:35.052997652Z level=info msg="Migration successfully executed" id="add unique index role_id_action_scope" duration=432.939µs
grafana-1     | logger=migrator t=2026-09-15T23:01:35.053875999Z level=info msg="Executing migration" id="create role table"
grafana-1     | logger=migrator t=2026-09-15T23:01:35.05414051Z level=info msg="Migration successfully executed" id="create role table" duration=264.491µs
grafana-1     | logger=migrator t=2026-09-15T23:01:35.055295165Z level=info msg="Executing migration" id="add column display_name"
grafana-1     | logger=migrator t=2026-09-15T23:01:35.056538771Z level=info msg="Migration successfully executed" id="add column display_name" duration=1.243145ms
grafana-1     | logger=migrator t=2026-09-15T23:01:35.057818351Z level=info msg="Executing migration" id="add column group_name"
grafana-1     | logger=migrator t=2026-09-15T23:01:35.059188874Z level=info msg="Migration successfully executed" id="add column group_name" duration=1.367539ms
grafana-1     | logger=migrator t=2026-09-15T23:01:35.060150675Z level=info msg="Executing migration" id="add index role.org_id"
grafana-1     | logger=migrator t=2026-09-15T23:01:35.060477017Z level=info msg="Migration successfully executed" id="add index role.org_id" duration=326.562µs
grafana-1     | logger=migrator t=2026-09-15T23:01:35.061560206Z level=info msg="Executing migration" id="add unique index role_org_id_name"
grafana-1     | logger=migrator t=2026-09-15T23:01:35.061958254Z level=info msg="Migration successfully executed" id="add unique index role_org_id_name" duration=397.737µs
grafana-1     | logger=migrator t=2026-09-15T23:01:35.06283596Z level=info msg="Executing migration" id="add index role_org_id_uid"
grafana-1     | logger=migrator t=2026-09-15T23:01:35.063169793Z level=info msg="Migration successfully executed" id="add index role_org_id_uid" duration=333.723µs
grafana-1     | logger=migrator t=2026-09-15T23:01:35.064104293Z level=info msg="Executing migration" id="create team role table"
grafana-1     | logger=migrator t=2026-09-15T23:01:35.064370266Z level=info msg="Migration successfully executed" id="create team role table" duration=266.143µs
grafana-1     | logger=migrator t=2026-09-15T23:01:35.065434707Z level=info msg="Executing migration" id="add index team_role.org_id"
grafana-1     | logger=migrator t=2026-09-15T23:01:35.065763923Z level=info msg="Migration successfully executed" id="add index team_role.org_id" duration=328.875µs
grafana-1     | logger=migrator t=2026-09-15T23:01:35.066626948Z level=info msg="Executing migration" id="add unique index team_role_org_id_team_id_role_id"
grafana-1     | logger=migrator t=2026-09-15T23:01:35.066998797Z level=info msg="Migration successfully executed" id="add unique index team_role_org_id_team_id_role_id" duration=371.539µs
grafana-1     | logger=migrator t=2026-09-15T23:01:35.067871706Z level=info msg="Executing migration" id="add index team_role.team_id"
grafana-1     | logger=migrator t=2026-09-15T23:01:35.068251757Z level=info msg="Migration successfully executed" id="add index team_role.team_id" duration=380.061µs
grafana-1     | logger=migrator t=2026-09-15T23:01:35.069171766Z level=info msg="Executing migration" id="create user role table"
grafana-1     | logger=migrator t=2026-09-15T23:01:35.069442405Z level=info msg="Migration successfully executed" id="create user role table" duration=269.768µs
grafana-1     | logger=migrator t=2026-09-15T23:01:35.070470894Z level=info msg="Executing migration" id="add index user_role.org_id"
grafana-1     | logger=migrator t=2026-09-15T23:01:35.070834401Z level=info msg="Migration successfully executed" id="add index user_role.org_id" duration=363.357µs
grafana-1     | logger=migrator t=2026-09-15T23:01:35.071688282Z level=info msg="Executing migration" id="add unique index user_role_org_id_user_id_role_id"
grafana-1     | logger=migrator t=2026-09-15T23:01:35.072022715Z level=info msg="Migration successfully executed" id="add unique index user_role_org_id_user_id_role_id" duration=334.514µs
grafana-1     | logger=migrator t=2026-09-15T23:01:35.072977195Z level=info msg="Executing migration" id="add index user_role.user_id"
grafana-1     | logger=migrator t=2026-09-15T23:01:35.073300713Z level=info msg="Migration successfully executed" id="add index user_role.user_id" duration=323.208µs
grafana-1     | logger=migrator t=2026-09-15T23:01:35.074143477Z level=info msg="Executing migration" id="create builtin role table"
grafana-1     | logger=migrator t=2026-09-15T23:01:35.074401077Z level=info msg="Migration successfully executed" id="create builtin role table" duration=257.41µs
grafana-1     | logger=migrator t=2026-09-15T23:01:35.075359593Z level=info msg="Executing migration" id="add index builtin_role.role_id"
grafana-1     | logger=migrator t=2026-09-15T23:01:35.07566944Z level=info msg="Migration successfully executed" id="add index builtin_role.role_id" duration=309.677µs
grafana-1     | logger=migrator t=2026-09-15T23:01:35.076547587Z level=info msg="Executing migration" id="add index builtin_role.name"
grafana-1     | logger=migrator t=2026-09-15T23:01:35.076924173Z level=info msg="Migration successfully executed" id="add index builtin_role.name" duration=376.266µs
grafana-1     | logger=migrator t=2026-09-15T23:01:35.077849299Z level=info msg="Executing migration" id="Add column org_id to builtin_role table"
grafana-1     | logger=migrator t=2026-09-15T23:01:35.079131953Z level=info msg="Migration successfully executed" id="Add column org_id to builtin_role table" duration=1.282474ms
grafana-1     | logger=migrator t=2026-09-15T23:01:35.079974257Z level=info msg="Executing migration" id="add index builtin_role.org_id"
grafana-1     | logger=migrator t=2026-09-15T23:01:35.08037615Z level=info msg="Migration successfully executed" id="add index builtin_role.org_id" duration=401.773µs
grafana-1     | logger=migrator t=2026-09-15T23:01:35.081466901Z level=info msg="Executing migration" id="add unique index builtin_role_org_id_role_id_role"
grafana-1     | logger=migrator t=2026-09-15T23:01:35.081840413Z level=info msg="Migration successfully executed" id="add unique index builtin_role_org_id_role_id_role" duration=380.361µs
grafana-1     | logger=migrator t=2026-09-15T23:01:35.082750136Z level=info msg="Executing migration" id="Remove unique index role_org_id_uid"
grafana-1     | logger=migrator t=2026-09-15T23:01:35.083099402Z level=info msg="Migration successfully executed" id="Remove unique index role_org_id_uid" duration=349.596µs
grafana-1     | logger=migrator t=2026-09-15T23:01:35.08397162Z level=info msg="Executing migration" id="add unique index role.uid"
grafana-1     | logger=migrator t=2026-09-15T23:01:35.084311832Z level=info msg="Migration successfully executed" id="add unique index role.uid" duration=340.683µs
grafana-1     | logger=migrator t=2026-09-15T23:01:35.085307282Z level=info msg="Executing migration" id="create seed assignment table"
grafana-1     | logger=migrator t=2026-09-15T23:01:35.085554066Z level=info msg="Migration successfully executed" id="create seed assignment table" duration=246.674µs
grafana-1     | logger=migrator t=2026-09-15T23:01:35.086562405Z level=info msg="Executing migration" id="add unique index builtin_role_role_name"
grafana-1     | logger=migrator t=2026-09-15T23:01:35.086905762Z level=info msg="Migration successfully executed" id="add unique index builtin_role_role_name" duration=342.816µs
grafana-1     | logger=migrator t=2026-09-15T23:01:35.087768626Z level=info msg="Executing migration" id="add column hidden to role table"
grafana-1     | logger=migrator t=2026-09-15T23:01:35.089035347Z level=info msg="Migration successfully executed" id="add column hidden to role table" duration=1.266511ms
grafana-1     | logger=migrator t=2026-09-15T23:01:35.089933273Z level=info msg="Executing migration" id="permission kind migration"
grafana-1     | logger=migrator t=2026-09-15T23:01:35.09115036Z level=info msg="Migration successfully executed" id="permission kind migration" duration=1.217097ms
grafana-1     | logger=migrator t=2026-09-15T23:01:35.091919746Z level=info msg="Executing migration" id="permission attribute migration"
grafana-1     | logger=migrator t=2026-09-15T23:01:35.093116403Z level=info msg="Migration successfully executed" id="permission attribute migration" duration=1.196937ms
grafana-1     | logger=migrator t=2026-09-15T23:01:35.093895514Z level=info msg="Executing migration" id="permission identifier migration"
grafana-1     | logger=migrator t=2026-09-15T23:01:35.095142825Z level=info msg="Migration successfully executed" id="permission identifier migration" duration=1.244448ms
grafana-1     | logger=migrator t=2026-09-15T23:01:35.096034437Z level=info msg="Executing migration" id="add permission identifier index"
grafana-1     | logger=migrator t=2026-09-15T23:01:35.096377554Z level=info msg="Migration successfully executed" id="add permission identifier index" duration=343.558µs
grafana-1     | logger=migrator t=2026-09-15T23:01:35.097409157Z level=info msg="Executing migration" id="add permission action scope role_id index"
grafana-1     | logger=migrator t=2026-09-15T23:01:35.097841145Z level=info msg="Migration successfully executed" id="add permission action scope role_id index" duration=434.442µs
grafana-1     | logger=migrator t=2026-09-15T23:01:35.098801062Z level=info msg="Executing migration" id="remove permission role_id action scope index"
grafana-1     | logger=migrator t=2026-09-15T23:01:35.099153283Z level=info msg="Migration successfully executed" id="remove permission role_id action scope index" duration=352.23µs
grafana-1     | logger=migrator t=2026-09-15T23:01:35.099955818Z level=info msg="Executing migration" id="add group mapping UID column to user_role table"
grafana-1     | logger=migrator t=2026-09-15T23:01:35.101235167Z level=info msg="Migration successfully executed" id="add group mapping UID column to user_role table" duration=1.279279ms
grafana-1     | logger=migrator t=2026-09-15T23:01:35.102091341Z level=info msg="Executing migration" id="add user_role org ID, user ID, role ID, group mapping UID index"
grafana-1     | logger=migrator t=2026-09-15T23:01:35.102427617Z level=info msg="Migration successfully executed" id="add user_role org ID, user ID, role ID, group mapping UID index" duration=336.727µs
grafana-1     | logger=migrator t=2026-09-15T23:01:35.10343826Z level=info msg="Executing migration" id="remove user_role org ID, user ID, role ID index"
grafana-1     | logger=migrator t=2026-09-15T23:01:35.103816318Z level=info msg="Migration successfully executed" id="remove user_role org ID, user ID, role ID index" duration=376.005µs
grafana-1     | logger=migrator t=2026-09-15T23:01:35.104646133Z level=info msg="Executing migration" id="add permission role_id action index"
grafana-1     | logger=migrator t=2026-09-15T23:01:35.10498923Z level=info msg="Migration successfully executed" id="add permission role_id action index" duration=343.267µs
grafana-1     | logger=migrator t=2026-09-15T23:01:35.10576804Z level=info msg="Executing migration" id="Remove permission role_id index"
grafana-1     | logger=migrator t=2026-09-15T23:01:35.106138768Z level=info msg="Migration successfully executed" id="Remove permission role_id index" duration=370.868µs
grafana-1     | logger=migrator t=2026-09-15T23:01:35.107101299Z level=info msg="Executing migration" id="add permission role_id scope index"
grafana-1     | logger=migrator t=2026-09-15T23:01:35.107418107Z level=info msg="Migration successfully executed" id="add permission role_id scope index" duration=317.228µs
grafana-1     | logger=migrator t=2026-09-15T23:01:35.108372336Z level=info msg="Executing migration" id="alter permission.kind to length 80"
grafana-1     | logger=migrator t=2026-09-15T23:01:35.10838902Z level=info msg="Migration successfully executed" id="alter permission.kind to length 80" duration=17.055µs
grafana-1     | logger=migrator t=2026-09-15T23:01:35.109366564Z level=info msg="Executing migration" id="add datasource_type column to permission table"
grafana-1     | logger=migrator t=2026-09-15T23:01:35.11066436Z level=info msg="Migration successfully executed" id="add datasource_type column to permission table" duration=1.297997ms
grafana-1     | logger=migrator t=2026-09-15T23:01:35.111530209Z level=info msg="Executing migration" id="Expand role.uid length to 253"
grafana-1     | logger=migrator t=2026-09-15T23:01:35.111545912Z level=info msg="Migration successfully executed" id="Expand role.uid length to 253" duration=15.914µs
grafana-1     | logger=migrator t=2026-09-15T23:01:35.112407134Z level=info msg="Executing migration" id="populate datasource_type in permission table for uid-scoped datasource permissions"
grafana-1     | logger=migrator t=2026-09-15T23:01:35.112550535Z level=info msg="Migration successfully executed" id="populate datasource_type in permission table for uid-scoped datasource permissions" duration=143.773µs
grafana-1     | logger=migrator t=2026-09-15T23:01:35.113440389Z level=info msg="Executing migration" id="create query_history table v1"
grafana-1     | logger=migrator t=2026-09-15T23:01:35.113696978Z level=info msg="Migration successfully executed" id="create query_history table v1" duration=256.369µs
grafana-1     | logger=migrator t=2026-09-15T23:01:35.114641273Z level=info msg="Executing migration" id="add index query_history.org_id-created_by-datasource_uid"
grafana-1     | logger=migrator t=2026-09-15T23:01:35.115024589Z level=info msg="Migration successfully executed" id="add index query_history.org_id-created_by-datasource_uid" duration=383.587µs
grafana-1     | logger=migrator t=2026-09-15T23:01:35.115955288Z level=info msg="Executing migration" id="alter table query_history alter column created_by type to bigint"
grafana-1     | logger=migrator t=2026-09-15T23:01:35.115982409Z level=info msg="Migration successfully executed" id="alter table query_history alter column created_by type to bigint" duration=23.926µs
grafana-1     | logger=migrator t=2026-09-15T23:01:35.117806282Z level=info msg="Executing migration" id="create query_history_details table v1"
grafana-1     | logger=migrator t=2026-09-15T23:01:35.118071794Z level=info msg="Migration successfully executed" id="create query_history_details table v1" duration=265.222µs
grafana-1     | logger=migrator t=2026-09-15T23:01:35.119027245Z level=info msg="Executing migration" id="rbac disabled migrator"
grafana-1     | logger=migrator t=2026-09-15T23:01:35.11906447Z level=info msg="Migration successfully executed" id="rbac disabled migrator" duration=37.926µs
grafana-1     | logger=migrator t=2026-09-15T23:01:35.119970428Z level=info msg="Executing migration" id="teams permissions migration"
grafana-1     | logger=migrator t=2026-09-15T23:01:35.120178565Z level=info msg="Migration successfully executed" id="teams permissions migration" duration=208.628µs
grafana-1     | logger=migrator t=2026-09-15T23:01:35.121311067Z level=info msg="Executing migration" id="dashboard permissions"
grafana-1     | logger=migrator t=2026-09-15T23:01:35.121558312Z level=info msg="Migration successfully executed" id="dashboard permissions" duration=248.286µs
grafana-1     | logger=migrator t=2026-09-15T23:01:35.122404302Z level=info msg="Executing migration" id="dashboard permissions uid scopes"
grafana-1     | logger=migrator t=2026-09-15T23:01:35.122586Z level=info msg="Migration successfully executed" id="dashboard permissions uid scopes" duration=182.119µs
grafana-1     | logger=migrator t=2026-09-15T23:01:35.123485979Z level=info msg="Executing migration" id="drop managed folder create actions"
grafana-1     | logger=migrator t=2026-09-15T23:01:35.123580899Z level=info msg="Migration successfully executed" id="drop managed folder create actions" duration=94.65µs
grafana-1     | logger=migrator t=2026-09-15T23:01:35.124424074Z level=info msg="Executing migration" id="alerting notification permissions"
grafana-1     | logger=migrator t=2026-09-15T23:01:35.124614105Z level=info msg="Migration successfully executed" id="alerting notification permissions" duration=190.601µs
grafana-1     | logger=migrator t=2026-09-15T23:01:35.125508946Z level=info msg="Executing migration" id="create query_history_star table v1"
grafana-1     | logger=migrator t=2026-09-15T23:01:35.125810301Z level=info msg="Migration successfully executed" id="create query_history_star table v1" duration=301.285µs
grafana-1     | logger=migrator t=2026-09-15T23:01:35.126699254Z level=info msg="Executing migration" id="add index query_history.user_id-query_uid"
grafana-1     | logger=migrator t=2026-09-15T23:01:35.127056832Z level=info msg="Migration successfully executed" id="add index query_history.user_id-query_uid" duration=356.837µs
grafana-1     | logger=migrator t=2026-09-15T23:01:35.127915329Z level=info msg="Executing migration" id="add column org_id in query_history_star"
grafana-1     | logger=migrator t=2026-09-15T23:01:35.129251603Z level=info msg="Migration successfully executed" id="add column org_id in query_history_star" duration=1.333659ms
grafana-1     | logger=migrator t=2026-09-15T23:01:35.130109609Z level=info msg="Executing migration" id="alter table query_history_star_mig column user_id type to bigint"
grafana-1     | logger=migrator t=2026-09-15T23:01:35.130122418Z level=info msg="Migration successfully executed" id="alter table query_history_star_mig column user_id type to bigint" duration=13.5µs
grafana-1     | logger=migrator t=2026-09-15T23:01:35.130961748Z level=info msg="Executing migration" id="create correlation table v1"
grafana-1     | logger=migrator t=2026-09-15T23:01:35.131341348Z level=info msg="Migration successfully executed" id="create correlation table v1" duration=379.37µs
grafana-1     | logger=migrator t=2026-09-15T23:01:35.132334455Z level=info msg="Executing migration" id="add index correlations.uid"
grafana-1     | logger=migrator t=2026-09-15T23:01:35.132754585Z level=info msg="Migration successfully executed" id="add index correlations.uid" duration=393.661µs
grafana-1     | logger=migrator t=2026-09-15T23:01:35.13375336Z level=info msg="Executing migration" id="add index correlations.source_uid"
grafana-1     | logger=migrator t=2026-09-15T23:01:35.134114013Z level=info msg="Migration successfully executed" id="add index correlations.source_uid" duration=361.023µs
grafana-1     | logger=migrator t=2026-09-15T23:01:35.13494503Z level=info msg="Executing migration" id="add correlation config column"
grafana-1     | logger=migrator t=2026-09-15T23:01:35.136241975Z level=info msg="Migration successfully executed" id="add correlation config column" duration=1.296744ms
grafana-1     | logger=migrator t=2026-09-15T23:01:35.137049577Z level=info msg="Executing migration" id="drop index IDX_correlation_uid - v1"
grafana-1     | logger=migrator t=2026-09-15T23:01:35.137372254Z level=info msg="Migration successfully executed" id="drop index IDX_correlation_uid - v1" duration=322.536µs
grafana-1     | logger=migrator t=2026-09-15T23:01:35.138347003Z level=info msg="Executing migration" id="drop index IDX_correlation_source_uid - v1"
grafana-1     | logger=migrator t=2026-09-15T23:01:35.138659855Z level=info msg="Migration successfully executed" id="drop index IDX_correlation_source_uid - v1" duration=313.242µs
grafana-1     | logger=migrator t=2026-09-15T23:01:35.139472505Z level=info msg="Executing migration" id="Rename table correlation to correlation_tmp_qwerty - v1"
grafana-1     | logger=migrator t=2026-09-15T23:01:35.142813218Z level=info msg="Migration successfully executed" id="Rename table correlation to correlation_tmp_qwerty - v1" duration=3.340183ms
grafana-1     | logger=migrator t=2026-09-15T23:01:35.143754979Z level=info msg="Executing migration" id="create correlation v2"
grafana-1     | logger=migrator t=2026-09-15T23:01:35.144068702Z level=info msg="Migration successfully executed" id="create correlation v2" duration=314.464µs
grafana-1     | logger=migrator t=2026-09-15T23:01:35.144901181Z level=info msg="Executing migration" id="create index IDX_correlation_uid - v2"
grafana-1     | logger=migrator t=2026-09-15T23:01:35.145237788Z level=info msg="Migration successfully executed" id="create index IDX_correlation_uid - v2" duration=336.387µs
grafana-1     | logger=migrator t=2026-09-15T23:01:35.146121493Z level=info msg="Executing migration" id="create index IDX_correlation_source_uid - v2"
grafana-1     | logger=migrator t=2026-09-15T23:01:35.146453944Z level=info msg="Migration successfully executed" id="create index IDX_correlation_source_uid - v2" duration=332.07µs
grafana-1     | logger=migrator t=2026-09-15T23:01:35.14746707Z level=info msg="Executing migration" id="create index IDX_correlation_org_id - v2"
grafana-1     | logger=migrator t=2026-09-15T23:01:35.147823837Z level=info msg="Migration successfully executed" id="create index IDX_correlation_org_id - v2" duration=356.536µs
grafana-1     | logger=migrator t=2026-09-15T23:01:35.148831084Z level=info msg="Executing migration" id="copy correlation v1 to v2"
grafana-1     | logger=migrator t=2026-09-15T23:01:35.148925463Z level=info msg="Migration successfully executed" id="copy correlation v1 to v2" duration=94.84µs
grafana-1     | logger=migrator t=2026-09-15T23:01:35.149774397Z level=info msg="Executing migration" id="drop correlation_tmp_qwerty"
grafana-1     | logger=migrator t=2026-09-15T23:01:35.150092656Z level=info msg="Migration successfully executed" id="drop correlation_tmp_qwerty" duration=318.009µs
grafana-1     | logger=migrator t=2026-09-15T23:01:35.150905337Z level=info msg="Executing migration" id="add provisioning column"
grafana-1     | logger=migrator t=2026-09-15T23:01:35.152413705Z level=info msg="Migration successfully executed" id="add provisioning column" duration=1.507356ms
grafana-1     | logger=migrator t=2026-09-15T23:01:35.153487389Z level=info msg="Executing migration" id="add type column"
grafana-1     | logger=migrator t=2026-09-15T23:01:35.155018971Z level=info msg="Migration successfully executed" id="add type column" duration=1.532253ms
grafana-1     | logger=migrator t=2026-09-15T23:01:35.155846688Z level=info msg="Executing migration" id="create dashboard public config v1"
grafana-1     | logger=migrator t=2026-09-15T23:01:35.156164387Z level=info msg="Migration successfully executed" id="create dashboard public config v1" duration=317.379µs
grafana-1     | logger=migrator t=2026-09-15T23:01:35.157017817Z level=info msg="Executing migration" id="drop index UQE_dashboard_public_config_uid - v1"
grafana-1     | logger=migrator t=2026-09-15T23:01:35.157169451Z level=warn msg="Skipping migration: Already executed, but not recorded in migration log" id="drop index UQE_dashboard_public_config_uid - v1"
grafana-1     | logger=migrator t=2026-09-15T23:01:35.157950585Z level=info msg="Executing migration" id="drop index IDX_dashboard_public_config_org_id_dashboard_uid - v1"
grafana-1     | logger=migrator t=2026-09-15T23:01:35.158104182Z level=warn msg="Skipping migration: Already executed, but not recorded in migration log" id="drop index IDX_dashboard_public_config_org_id_dashboard_uid - v1"
grafana-1     | logger=migrator t=2026-09-15T23:01:35.158984742Z level=info msg="Executing migration" id="Drop old dashboard public config table"
grafana-1     | logger=migrator t=2026-09-15T23:01:35.159303993Z level=info msg="Migration successfully executed" id="Drop old dashboard public config table" duration=318.861µs
grafana-1     | logger=migrator t=2026-09-15T23:01:35.160109022Z level=info msg="Executing migration" id="recreate dashboard public config v1"
grafana-1     | logger=migrator t=2026-09-15T23:01:35.160407142Z level=info msg="Migration successfully executed" id="recreate dashboard public config v1" duration=297.78µs
grafana-1     | logger=migrator t=2026-09-15T23:01:35.161267383Z level=info msg="Executing migration" id="create index UQE_dashboard_public_config_uid - v1"
grafana-1     | logger=migrator t=2026-09-15T23:01:35.161648876Z level=info msg="Migration successfully executed" id="create index UQE_dashboard_public_config_uid - v1" duration=381.373µs
grafana-1     | logger=migrator t=2026-09-15T23:01:35.162617927Z level=info msg="Executing migration" id="create index IDX_dashboard_public_config_org_id_dashboard_uid - v1"
grafana-1     | logger=migrator t=2026-09-15T23:01:35.162982635Z level=info msg="Migration successfully executed" id="create index IDX_dashboard_public_config_org_id_dashboard_uid - v1" duration=362.946µs
grafana-1     | logger=migrator t=2026-09-15T23:01:35.163840943Z level=info msg="Executing migration" id="drop index UQE_dashboard_public_config_uid - v2"
grafana-1     | logger=migrator t=2026-09-15T23:01:35.16418463Z level=info msg="Migration successfully executed" id="drop index UQE_dashboard_public_config_uid - v2" duration=341.505µs
grafana-1     | logger=migrator t=2026-09-15T23:01:35.165029388Z level=info msg="Executing migration" id="drop index IDX_dashboard_public_config_org_id_dashboard_uid - v2"
grafana-1     | logger=migrator t=2026-09-15T23:01:35.165358604Z level=info msg="Migration successfully executed" id="drop index IDX_dashboard_public_config_org_id_dashboard_uid - v2" duration=327.784µs
grafana-1     | logger=migrator t=2026-09-15T23:01:35.166363968Z level=info msg="Executing migration" id="Drop public config table"
grafana-1     | logger=migrator t=2026-09-15T23:01:35.166659054Z level=info msg="Migration successfully executed" id="Drop public config table" duration=295.396µs
grafana-1     | logger=migrator t=2026-09-15T23:01:35.167504432Z level=info msg="Executing migration" id="Recreate dashboard public config v2"
grafana-1     | logger=migrator t=2026-09-15T23:01:35.16786142Z level=info msg="Migration successfully executed" id="Recreate dashboard public config v2" duration=357.228µs
grafana-1     | logger=migrator t=2026-09-15T23:01:35.168724414Z level=info msg="Executing migration" id="create index UQE_dashboard_public_config_uid - v2"
grafana-1     | logger=migrator t=2026-09-15T23:01:35.169106017Z level=info msg="Migration successfully executed" id="create index UQE_dashboard_public_config_uid - v2" duration=381.754µs
grafana-1     | logger=migrator t=2026-09-15T23:01:35.169905127Z level=info msg="Executing migration" id="create index IDX_dashboard_public_config_org_id_dashboard_uid - v2"
grafana-1     | logger=migrator t=2026-09-15T23:01:35.170236326Z level=info msg="Migration successfully executed" id="create index IDX_dashboard_public_config_org_id_dashboard_uid - v2" duration=330.999µs
grafana-1     | logger=migrator t=2026-09-15T23:01:35.171000915Z level=info msg="Executing migration" id="create index UQE_dashboard_public_config_access_token - v2"
grafana-1     | logger=migrator t=2026-09-15T23:01:35.171329841Z level=info msg="Migration successfully executed" id="create index UQE_dashboard_public_config_access_token - v2" duration=328.615µs
grafana-1     | logger=migrator t=2026-09-15T23:01:35.17212138Z level=info msg="Executing migration" id="Rename table dashboard_public_config to dashboard_public - v2"
grafana-1     | logger=migrator t=2026-09-15T23:01:35.17561586Z level=info msg="Migration successfully executed" id="Rename table dashboard_public_config to dashboard_public - v2" duration=3.49409ms
grafana-1     | logger=migrator t=2026-09-15T23:01:35.176538442Z level=info msg="Executing migration" id="add annotations_enabled column"
grafana-1     | logger=migrator t=2026-09-15T23:01:35.177924669Z level=info msg="Migration successfully executed" id="add annotations_enabled column" duration=1.385986ms
grafana-1     | logger=migrator t=2026-09-15T23:01:35.178773052Z level=info msg="Executing migration" id="add time_selection_enabled column"
grafana-1     | logger=migrator t=2026-09-15T23:01:35.180090618Z level=info msg="Migration successfully executed" id="add time_selection_enabled column" duration=1.317746ms
grafana-1     | logger=migrator t=2026-09-15T23:01:35.180919401Z level=info msg="Executing migration" id="delete orphaned public dashboards"
grafana-1     | logger=migrator t=2026-09-15T23:01:35.181026279Z level=info msg="Migration successfully executed" id="delete orphaned public dashboards" duration=106.738µs
grafana-1     | logger=migrator t=2026-09-15T23:01:35.181871973Z level=info msg="Executing migration" id="add share column"
grafana-1     | logger=migrator t=2026-09-15T23:01:35.183252952Z level=info msg="Migration successfully executed" id="add share column" duration=1.380769ms
grafana-1     | logger=migrator t=2026-09-15T23:01:35.184053614Z level=info msg="Executing migration" id="backfill empty share column fields with default of public"
grafana-1     | logger=migrator t=2026-09-15T23:01:35.184140963Z level=info msg="Migration successfully executed" id="backfill empty share column fields with default of public" duration=87.96µs
grafana-1     | logger=migrator t=2026-09-15T23:01:35.184988094Z level=info msg="Executing migration" id="create file table"
grafana-1     | logger=migrator t=2026-09-15T23:01:35.185264042Z level=info msg="Migration successfully executed" id="create file table" duration=276.088µs
grafana-1     | logger=migrator t=2026-09-15T23:01:35.186065475Z level=info msg="Executing migration" id="file table idx: path natural pk"
grafana-1     | logger=migrator t=2026-09-15T23:01:35.186396504Z level=info msg="Migration successfully executed" id="file table idx: path natural pk" duration=331.279µs
grafana-1     | logger=migrator t=2026-09-15T23:01:35.18733481Z level=info msg="Executing migration" id="file table idx: parent_folder_path_hash fast folder retrieval"
grafana-1     | logger=migrator t=2026-09-15T23:01:35.187720499Z level=info msg="Migration successfully executed" id="file table idx: parent_folder_path_hash fast folder retrieval" duration=386.04µs
grafana-1     | logger=migrator t=2026-09-15T23:01:35.188609862Z level=info msg="Executing migration" id="create file_meta table"
grafana-1     | logger=migrator t=2026-09-15T23:01:35.188923906Z level=info msg="Migration successfully executed" id="create file_meta table" duration=313.974µs
grafana-1     | logger=migrator t=2026-09-15T23:01:35.189824356Z level=info msg="Executing migration" id="file table idx: path key"
grafana-1     | logger=migrator t=2026-09-15T23:01:35.190155705Z level=info msg="Migration successfully executed" id="file table idx: path key" duration=331.159µs
grafana-1     | logger=migrator t=2026-09-15T23:01:35.191057367Z level=info msg="Executing migration" id="set path collation in file table"
grafana-1     | logger=migrator t=2026-09-15T23:01:35.19107325Z level=info msg="Migration successfully executed" id="set path collation in file table" duration=15.873µs
grafana-1     | logger=migrator t=2026-09-15T23:01:35.191895705Z level=info msg="Executing migration" id="migrate contents column to mediumblob for MySQL"
grafana-1     | logger=migrator t=2026-09-15T23:01:35.191913711Z level=info msg="Migration successfully executed" id="migrate contents column to mediumblob for MySQL" duration=16.374µs
grafana-1     | logger=migrator t=2026-09-15T23:01:35.192726812Z level=info msg="Executing migration" id="drop my_row_id and add primary key to file table if my_row_id exists (auto-generated mysql column)"
grafana-1     | logger=migrator t=2026-09-15T23:01:35.192853389Z level=warn msg="Skipping migration: Already executed, but not recorded in migration log" id="drop my_row_id and add primary key to file table if my_row_id exists (auto-generated mysql column)"
grafana-1     | logger=migrator t=2026-09-15T23:01:35.193648072Z level=info msg="Executing migration" id="drop file_path unique index from file table if it exists (mysql)"
grafana-1     | logger=migrator t=2026-09-15T23:01:35.193805384Z level=info msg="Migration successfully executed" id="drop file_path unique index from file table if it exists (mysql)" duration=157.763µs
grafana-1     | logger=migrator t=2026-09-15T23:01:35.194585677Z level=info msg="Executing migration" id="add primary key to file table if it doesn't exist (mysql)"
grafana-1     | logger=migrator t=2026-09-15T23:01:35.194601961Z level=info msg="Migration successfully executed" id="add primary key to file table if it doesn't exist (mysql)" duration=17.155µs
grafana-1     | logger=migrator t=2026-09-15T23:01:35.195417685Z level=info msg="Executing migration" id="add primary key to file table (postgres and sqlite)"
grafana-1     | logger=migrator t=2026-09-15T23:01:35.199465532Z level=info msg="Migration successfully executed" id="add primary key to file table (postgres and sqlite)" duration=4.047306ms
grafana-1     | logger=migrator t=2026-09-15T23:01:35.200619316Z level=info msg="Executing migration" id="drop my_row_id and add primary key to file_meta table if my_row_id exists (auto-generated mysql column)"
grafana-1     | logger=migrator t=2026-09-15T23:01:35.200744661Z level=warn msg="Skipping migration: Already executed, but not recorded in migration log" id="drop my_row_id and add primary key to file_meta table if my_row_id exists (auto-generated mysql column)"
grafana-1     | logger=migrator t=2026-09-15T23:01:35.20167137Z level=info msg="Executing migration" id="drop file_path unique index from file_meta table if it exists (mysql)"
grafana-1     | logger=migrator t=2026-09-15T23:01:35.201883963Z level=info msg="Migration successfully executed" id="drop file_path unique index from file_meta table if it exists (mysql)" duration=212.654µs
grafana-1     | logger=migrator t=2026-09-15T23:01:35.202896919Z level=info msg="Executing migration" id="add primary key to file_meta table if it doesn't exist (mysql)"
grafana-1     | logger=migrator t=2026-09-15T23:01:35.202914525Z level=info msg="Migration successfully executed" id="add primary key to file_meta table if it doesn't exist (mysql)" duration=18.487µs
grafana-1     | logger=migrator t=2026-09-15T23:01:35.20389942Z level=info msg="Executing migration" id="add primary key to file_meta table (postgres and sqlite)"
grafana-1     | logger=migrator t=2026-09-15T23:01:35.210189618Z level=info msg="Migration successfully executed" id="add primary key to file_meta table (postgres and sqlite)" duration=6.286413ms
grafana-1     | logger=migrator t=2026-09-15T23:01:35.211426965Z level=info msg="Executing migration" id="managed permissions migration"
grafana-1     | logger=migrator t=2026-09-15T23:01:35.211688992Z level=info msg="Migration successfully executed" id="managed permissions migration" duration=262.378µs
grafana-1     | logger=migrator t=2026-09-15T23:01:35.212620397Z level=info msg="Executing migration" id="managed folder permissions alert actions migration"
grafana-1     | logger=migrator t=2026-09-15T23:01:35.212770779Z level=info msg="Migration successfully executed" id="managed folder permissions alert actions migration" duration=150.672µs
grafana-1     | logger=migrator t=2026-09-15T23:01:35.213782273Z level=info msg="Executing migration" id="RBAC action name migrator"
grafana-1     | logger=migrator t=2026-09-15T23:01:35.214285616Z level=info msg="Migration successfully executed" id="RBAC action name migrator" duration=502.742µs
grafana-1     | logger=migrator t=2026-09-15T23:01:35.215356387Z level=info msg="Executing migration" id="update group index for alert rules"
grafana-1     | logger=migrator t=2026-09-15T23:01:35.215561941Z level=info msg="Migration successfully executed" id="update group index for alert rules" duration=206.204µs
grafana-1     | logger=migrator t=2026-09-15T23:01:35.216541517Z level=info msg="Executing migration" id="managed folder permissions alert actions repeated migration"
grafana-1     | logger=migrator t=2026-09-15T23:01:35.216629768Z level=info msg="Migration successfully executed" id="managed folder permissions alert actions repeated migration" duration=88.841µs
grafana-1     | logger=migrator t=2026-09-15T23:01:35.217592339Z level=info msg="Executing migration" id="admin only folder/dashboard permission"
grafana-1     | logger=migrator t=2026-09-15T23:01:35.217828538Z level=info msg="Migration successfully executed" id="admin only folder/dashboard permission" duration=236.109µs
grafana-1     | logger=migrator t=2026-09-15T23:01:35.218840252Z level=info msg="Executing migration" id="add action column to seed_assignment"
grafana-1     | logger=migrator t=2026-09-15T23:01:35.22091817Z level=info msg="Migration successfully executed" id="add action column to seed_assignment" duration=2.075024ms
grafana-1     | logger=migrator t=2026-09-15T23:01:35.221857367Z level=info msg="Executing migration" id="add scope column to seed_assignment"
grafana-1     | logger=migrator t=2026-09-15T23:01:35.223279567Z level=info msg="Migration successfully executed" id="add scope column to seed_assignment" duration=1.42224ms
grafana-1     | logger=migrator t=2026-09-15T23:01:35.224988911Z level=info msg="Executing migration" id="remove unique index builtin_role_role_name before nullable update"
grafana-1     | logger=migrator t=2026-09-15T23:01:35.225363645Z level=info msg="Migration successfully executed" id="remove unique index builtin_role_role_name before nullable update" duration=377.087µs
grafana-1     | logger=migrator t=2026-09-15T23:01:35.226320222Z level=info msg="Executing migration" id="update seed_assignment role_name column to nullable"
grafana-1     | logger=migrator t=2026-09-15T23:01:35.238290903Z level=info msg="Migration successfully executed" id="update seed_assignment role_name column to nullable" duration=11.970201ms
grafana-1     | logger=migrator t=2026-09-15T23:01:35.239684992Z level=info msg="Executing migration" id="add unique index builtin_role_name back"
grafana-1     | logger=migrator t=2026-09-15T23:01:35.240067417Z level=info msg="Migration successfully executed" id="add unique index builtin_role_name back" duration=380.722µs
grafana-1     | logger=migrator t=2026-09-15T23:01:35.241089055Z level=info msg="Executing migration" id="add unique index builtin_role_action_scope"
grafana-1     | logger=migrator t=2026-09-15T23:01:35.241450219Z level=info msg="Migration successfully executed" id="add unique index builtin_role_action_scope" duration=360.953µs
grafana-1     | logger=migrator t=2026-09-15T23:01:35.242661697Z level=info msg="Executing migration" id="add primary key to seed_assigment"
grafana-1     | logger=migrator t=2026-09-15T23:01:35.24706553Z level=info msg="Migration successfully executed" id="add primary key to seed_assigment" duration=4.403302ms
grafana-1     | logger=migrator t=2026-09-15T23:01:35.248089032Z level=info msg="Executing migration" id="add origin column to seed_assignment"
grafana-1     | logger=migrator t=2026-09-15T23:01:35.2495644Z level=info msg="Migration successfully executed" id="add origin column to seed_assignment" duration=1.475449ms
grafana-1     | logger=migrator t=2026-09-15T23:01:35.250597866Z level=info msg="Executing migration" id="add origin to plugin seed_assignment"
grafana-1     | logger=migrator t=2026-09-15T23:01:35.250710152Z level=info msg="Migration successfully executed" id="add origin to plugin seed_assignment" duration=112.356µs
grafana-1     | logger=migrator t=2026-09-15T23:01:35.251565816Z level=info msg="Executing migration" id="prevent seeding OnCall access"
grafana-1     | logger=migrator t=2026-09-15T23:01:35.251657631Z level=info msg="Migration successfully executed" id="prevent seeding OnCall access" duration=91.345µs
grafana-1     | logger=migrator t=2026-09-15T23:01:35.252583318Z level=info msg="Executing migration" id="managed folder permissions alert actions repeated fixed migration"
grafana-1     | logger=migrator t=2026-09-15T23:01:35.252715934Z level=info msg="Migration successfully executed" id="managed folder permissions alert actions repeated fixed migration" duration=132.646µs
grafana-1     | logger=migrator t=2026-09-15T23:01:35.253601662Z level=info msg="Executing migration" id="managed folder permissions library panel actions migration"
grafana-1     | logger=migrator t=2026-09-15T23:01:35.253754317Z level=info msg="Migration successfully executed" id="managed folder permissions library panel actions migration" duration=152.345µs
grafana-1     | logger=migrator t=2026-09-15T23:01:35.348717543Z level=info msg="Executing migration" id="migrate external alertmanagers to datsourcse"
grafana-1     | logger=migrator t=2026-09-15T23:01:35.348980241Z level=info msg="Migration successfully executed" id="migrate external alertmanagers to datsourcse" duration=265.873µs
grafana-1     | logger=migrator t=2026-09-15T23:01:35.350167925Z level=info msg="Executing migration" id="create folder table"
grafana-1     | logger=migrator t=2026-09-15T23:01:35.350582557Z level=info msg="Migration successfully executed" id="create folder table" duration=415.013µs
grafana-1     | logger=migrator t=2026-09-15T23:01:35.351826244Z level=info msg="Executing migration" id="Add index for parent_uid"
grafana-1     | logger=migrator t=2026-09-15T23:01:35.352205173Z level=info msg="Migration successfully executed" id="Add index for parent_uid" duration=378.93µs
grafana-1     | logger=migrator t=2026-09-15T23:01:35.353954481Z level=info msg="Executing migration" id="Add unique index for folder.uid and folder.org_id"
grafana-1     | logger=migrator t=2026-09-15T23:01:35.354388893Z level=info msg="Migration successfully executed" id="Add unique index for folder.uid and folder.org_id" duration=434.401µs
grafana-1     | logger=migrator t=2026-09-15T23:01:35.35570092Z level=info msg="Executing migration" id="Update folder title length"
grafana-1     | logger=migrator t=2026-09-15T23:01:35.355727239Z level=info msg="Migration successfully executed" id="Update folder title length" duration=33.51µs
grafana-1     | logger=migrator t=2026-09-15T23:01:35.356694517Z level=info msg="Executing migration" id="Add unique index for folder.title and folder.parent_uid"
grafana-1     | logger=migrator t=2026-09-15T23:01:35.357099495Z level=info msg="Migration successfully executed" id="Add unique index for folder.title and folder.parent_uid" duration=405.048µs
grafana-1     | logger=migrator t=2026-09-15T23:01:35.357982139Z level=info msg="Executing migration" id="Remove unique index for folder.title and folder.parent_uid"
grafana-1     | logger=migrator t=2026-09-15T23:01:35.358324484Z level=info msg="Migration successfully executed" id="Remove unique index for folder.title and folder.parent_uid" duration=343.106µs
grafana-1     | logger=migrator t=2026-09-15T23:01:35.359122402Z level=info msg="Executing migration" id="Add unique index for title, parent_uid, and org_id"
grafana-1     | logger=migrator t=2026-09-15T23:01:35.359467913Z level=info msg="Migration successfully executed" id="Add unique index for title, parent_uid, and org_id" duration=345.73µs
grafana-1     | logger=migrator t=2026-09-15T23:01:35.360350045Z level=info msg="Executing migration" id="Sync dashboard and folder table"
grafana-1     | logger=migrator t=2026-09-15T23:01:35.360555409Z level=info msg="Migration successfully executed" id="Sync dashboard and folder table" duration=205.132µs
grafana-1     | logger=migrator t=2026-09-15T23:01:35.361405574Z level=info msg="Executing migration" id="Remove ghost folders from the folder table"
grafana-1     | logger=migrator t=2026-09-15T23:01:35.361512031Z level=info msg="Migration successfully executed" id="Remove ghost folders from the folder table" duration=106.918µs
grafana-1     | logger=migrator t=2026-09-15T23:01:35.362281157Z level=info msg="Executing migration" id="Remove unique index UQE_folder_uid_org_id"
grafana-1     | logger=migrator t=2026-09-15T23:01:35.362580048Z level=info msg="Migration successfully executed" id="Remove unique index UQE_folder_uid_org_id" duration=298.661µs
grafana-1     | logger=migrator t=2026-09-15T23:01:35.363500377Z level=info msg="Executing migration" id="Add unique index UQE_folder_org_id_uid"
grafana-1     | logger=migrator t=2026-09-15T23:01:35.363853128Z level=info msg="Migration successfully executed" id="Add unique index UQE_folder_org_id_uid" duration=352.52µs
grafana-1     | logger=migrator t=2026-09-15T23:01:35.36465647Z level=info msg="Executing migration" id="Remove unique index UQE_folder_title_parent_uid_org_id"
grafana-1     | logger=migrator t=2026-09-15T23:01:35.365027117Z level=info msg="Migration successfully executed" id="Remove unique index UQE_folder_title_parent_uid_org_id" duration=371.128µs
grafana-1     | logger=migrator t=2026-09-15T23:01:35.365914948Z level=info msg="Executing migration" id="Add unique index UQE_folder_org_id_parent_uid_title"
grafana-1     | logger=migrator t=2026-09-15T23:01:35.366271866Z level=info msg="Migration successfully executed" id="Add unique index UQE_folder_org_id_parent_uid_title" duration=359.371µs
grafana-1     | logger=migrator t=2026-09-15T23:01:35.367116272Z level=info msg="Executing migration" id="Remove index IDX_folder_parent_uid_org_id"
grafana-1     | logger=migrator t=2026-09-15T23:01:35.367426781Z level=info msg="Migration successfully executed" id="Remove index IDX_folder_parent_uid_org_id" duration=310.348µs
grafana-1     | logger=migrator t=2026-09-15T23:01:35.36834728Z level=info msg="Executing migration" id="Remove unique index UQE_folder_org_id_parent_uid_title"
grafana-1     | logger=migrator t=2026-09-15T23:01:35.368659762Z level=info msg="Migration successfully executed" id="Remove unique index UQE_folder_org_id_parent_uid_title" duration=312.562µs
grafana-1     | logger=migrator t=2026-09-15T23:01:35.36968835Z level=info msg="Executing migration" id="Add index IDX_folder_org_id_parent_uid"
grafana-1     | logger=migrator t=2026-09-15T23:01:35.370048693Z level=info msg="Migration successfully executed" id="Add index IDX_folder_org_id_parent_uid" duration=360.322µs
grafana-1     | logger=migrator t=2026-09-15T23:01:35.371030212Z level=info msg="Executing migration" id="create anon_device table"
grafana-1     | logger=migrator t=2026-09-15T23:01:35.371351837Z level=info msg="Migration successfully executed" id="create anon_device table" duration=321.345µs
grafana-1     | logger=migrator t=2026-09-15T23:01:35.372433704Z level=info msg="Executing migration" id="add unique index anon_device.device_id"
grafana-1     | logger=migrator t=2026-09-15T23:01:35.372819925Z level=info msg="Migration successfully executed" id="add unique index anon_device.device_id" duration=386.291µs
grafana-1     | logger=migrator t=2026-09-15T23:01:35.373705162Z level=info msg="Executing migration" id="add index anon_device.updated_at"
grafana-1     | logger=migrator t=2026-09-15T23:01:35.374093075Z level=info msg="Migration successfully executed" id="add index anon_device.updated_at" duration=388.724µs
grafana-1     | logger=migrator t=2026-09-15T23:01:35.374957251Z level=info msg="Executing migration" id="create signing_key table"
grafana-1     | logger=migrator t=2026-09-15T23:01:35.375300758Z level=info msg="Migration successfully executed" id="create signing_key table" duration=343.237µs
grafana-1     | logger=migrator t=2026-09-15T23:01:35.376415124Z level=info msg="Executing migration" id="add unique index signing_key.key_id"
grafana-1     | logger=migrator t=2026-09-15T23:01:35.376800222Z level=info msg="Migration successfully executed" id="add unique index signing_key.key_id" duration=383.456µs
grafana-1     | logger=migrator t=2026-09-15T23:01:35.37763188Z level=info msg="Executing migration" id="set legacy alert migration status in kvstore"
grafana-1     | logger=migrator t=2026-09-15T23:01:35.378097288Z level=info msg="Migration successfully executed" id="set legacy alert migration status in kvstore" duration=464.987µs
grafana-1     | logger=migrator t=2026-09-15T23:01:35.378910068Z level=info msg="Executing migration" id="migrate record of created folders during legacy migration to kvstore"
grafana-1     | logger=migrator t=2026-09-15T23:01:35.379066509Z level=info msg="Migration successfully executed" id="migrate record of created folders during legacy migration to kvstore" duration=155.86µs
grafana-1     | logger=migrator t=2026-09-15T23:01:35.379907641Z level=info msg="Executing migration" id="Add folder_uid for dashboard"
grafana-1     | logger=migrator t=2026-09-15T23:01:35.381397671Z level=info msg="Migration successfully executed" id="Add folder_uid for dashboard" duration=1.48982ms
grafana-1     | logger=migrator t=2026-09-15T23:01:35.38234518Z level=info msg="Executing migration" id="Populate dashboard folder_uid column"
grafana-1     | logger=migrator t=2026-09-15T23:01:35.382519157Z level=info msg="Migration successfully executed" id="Populate dashboard folder_uid column" duration=174.988µs
grafana-1     | logger=migrator t=2026-09-15T23:01:35.383351296Z level=info msg="Executing migration" id="Add unique index for dashboard_org_id_folder_uid_title"
grafana-1     | logger=migrator t=2026-09-15T23:01:35.383372317Z level=info msg="Migration successfully executed" id="Add unique index for dashboard_org_id_folder_uid_title" duration=21.401µs
grafana-1     | logger=migrator t=2026-09-15T23:01:35.384555744Z level=info msg="Executing migration" id="Delete unique index for dashboard_org_id_folder_id_title"
grafana-1     | logger=migrator t=2026-09-15T23:01:35.38490505Z level=info msg="Migration successfully executed" id="Delete unique index for dashboard_org_id_folder_id_title" duration=349.396µs
grafana-1     | logger=migrator t=2026-09-15T23:01:35.385967569Z level=info msg="Executing migration" id="Delete unique index for dashboard_org_id_folder_uid_title"
grafana-1     | logger=migrator t=2026-09-15T23:01:35.385985245Z level=info msg="Migration successfully executed" id="Delete unique index for dashboard_org_id_folder_uid_title" duration=17.886µs
grafana-1     | logger=migrator t=2026-09-15T23:01:35.387070348Z level=info msg="Executing migration" id="Add unique index for dashboard_org_id_folder_uid_title_is_folder"
grafana-1     | logger=migrator t=2026-09-15T23:01:35.38743074Z level=info msg="Migration successfully executed" id="Add unique index for dashboard_org_id_folder_uid_title_is_folder" duration=360.162µs
grafana-1     | logger=migrator t=2026-09-15T23:01:35.388566627Z level=info msg="Executing migration" id="Restore index for dashboard_org_id_folder_id_title"
grafana-1     | logger=migrator t=2026-09-15T23:01:35.388952266Z level=info msg="Migration successfully executed" id="Restore index for dashboard_org_id_folder_id_title" duration=385.769µs
grafana-1     | logger=migrator t=2026-09-15T23:01:35.389849501Z level=info msg="Executing migration" id="Remove unique index for dashboard_org_id_folder_uid_title_is_folder"
grafana-1     | logger=migrator t=2026-09-15T23:01:35.390182813Z level=info msg="Migration successfully executed" id="Remove unique index for dashboard_org_id_folder_uid_title_is_folder" duration=333.372µs
grafana-1     | logger=migrator t=2026-09-15T23:01:35.391091274Z level=info msg="Executing migration" id="create sso_setting table"
grafana-1     | logger=migrator t=2026-09-15T23:01:35.391384237Z level=info msg="Migration successfully executed" id="create sso_setting table" duration=293.273µs
grafana-1     | logger=migrator t=2026-09-15T23:01:35.392366417Z level=info msg="Executing migration" id="update settings column to MEDIUMTEXT"
grafana-1     | logger=migrator t=2026-09-15T23:01:35.392383563Z level=info msg="Migration successfully executed" id="update settings column to MEDIUMTEXT" duration=17.156µs
grafana-1     | logger=migrator t=2026-09-15T23:01:35.393337922Z level=info msg="Executing migration" id="copy kvstore migration status to each org"
grafana-1     | logger=migrator t=2026-09-15T23:01:35.39370952Z level=info msg="Migration successfully executed" id="copy kvstore migration status to each org" duration=371.829µs
grafana-1     | logger=migrator t=2026-09-15T23:01:35.394608698Z level=info msg="Executing migration" id="add back entry for orgid=0 migrated status"
grafana-1     | logger=migrator t=2026-09-15T23:01:35.394755275Z level=info msg="Migration successfully executed" id="add back entry for orgid=0 migrated status" duration=146.396µs
grafana-1     | logger=migrator t=2026-09-15T23:01:35.396406152Z level=info msg="Executing migration" id="managed dashboard permissions annotation actions migration"
grafana-1     | logger=migrator t=2026-09-15T23:01:35.396595372Z level=info msg="Migration successfully executed" id="managed dashboard permissions annotation actions migration" duration=189.129µs
grafana-1     | logger=migrator t=2026-09-15T23:01:35.397505145Z level=info msg="Executing migration" id="create cloud_migration table v1"
grafana-1     | logger=migrator t=2026-09-15T23:01:35.397789455Z level=info msg="Migration successfully executed" id="create cloud_migration table v1" duration=283.999µs
grafana-1     | logger=migrator t=2026-09-15T23:01:35.398655234Z level=info msg="Executing migration" id="create cloud_migration_run table v1"
grafana-1     | logger=migrator t=2026-09-15T23:01:35.39893744Z level=info msg="Migration successfully executed" id="create cloud_migration_run table v1" duration=282.157µs
grafana-1     | logger=migrator t=2026-09-15T23:01:35.399714908Z level=info msg="Executing migration" id="add stack_id column"
grafana-1     | logger=migrator t=2026-09-15T23:01:35.401240161Z level=info msg="Migration successfully executed" id="add stack_id column" duration=1.525102ms
grafana-1     | logger=migrator t=2026-09-15T23:01:35.402308748Z level=info msg="Executing migration" id="add region_slug column"
grafana-1     | logger=migrator t=2026-09-15T23:01:35.403780291Z level=info msg="Migration successfully executed" id="add region_slug column" duration=1.474717ms
grafana-1     | logger=migrator t=2026-09-15T23:01:35.404774499Z level=info msg="Executing migration" id="add cluster_slug column"
grafana-1     | logger=migrator t=2026-09-15T23:01:35.406222688Z level=info msg="Migration successfully executed" id="add cluster_slug column" duration=1.448509ms
grafana-1     | logger=migrator t=2026-09-15T23:01:35.407078722Z level=info msg="Executing migration" id="add migration uid column"
grafana-1     | logger=migrator t=2026-09-15T23:01:35.408488614Z level=info msg="Migration successfully executed" id="add migration uid column" duration=1.409392ms
grafana-1     | logger=migrator t=2026-09-15T23:01:35.409526056Z level=info msg="Executing migration" id="Update uid column values for migration"
grafana-1     | logger=migrator t=2026-09-15T23:01:35.409615458Z level=info msg="Migration successfully executed" id="Update uid column values for migration" duration=87.329µs
grafana-1     | logger=migrator t=2026-09-15T23:01:35.410622735Z level=info msg="Executing migration" id="Add unique index migration_uid"
grafana-1     | logger=migrator t=2026-09-15T23:01:35.410993363Z level=info msg="Migration successfully executed" id="Add unique index migration_uid" duration=370.357µs
grafana-1     | logger=migrator t=2026-09-15T23:01:35.411956334Z level=info msg="Executing migration" id="add migration run uid column"
grafana-1     | logger=migrator t=2026-09-15T23:01:35.413611779Z level=info msg="Migration successfully executed" id="add migration run uid column" duration=1.654894ms
grafana-1     | logger=migrator t=2026-09-15T23:01:35.41462137Z level=info msg="Executing migration" id="Update uid column values for migration run"
grafana-1     | logger=migrator t=2026-09-15T23:01:35.414713105Z level=info msg="Migration successfully executed" id="Update uid column values for migration run" duration=91.555µs
grafana-1     | logger=migrator t=2026-09-15T23:01:35.415545204Z level=info msg="Executing migration" id="Add unique index migration_run_uid"
grafana-1     | logger=migrator t=2026-09-15T23:01:35.415953156Z level=info msg="Migration successfully executed" id="Add unique index migration_run_uid" duration=407.912µs
grafana-1     | logger=migrator t=2026-09-15T23:01:35.416870791Z level=info msg="Executing migration" id="Rename table cloud_migration to cloud_migration_session_tmp_qwerty - v1"
grafana-1     | logger=migrator t=2026-09-15T23:01:35.420659626Z level=info msg="Migration successfully executed" id="Rename table cloud_migration to cloud_migration_session_tmp_qwerty - v1" duration=3.788554ms
grafana-1     | logger=migrator t=2026-09-15T23:01:35.42154263Z level=info msg="Executing migration" id="create cloud_migration_session v2"
grafana-1     | logger=migrator t=2026-09-15T23:01:35.421875351Z level=info msg="Migration successfully executed" id="create cloud_migration_session v2" duration=332.461µs
grafana-1     | logger=migrator t=2026-09-15T23:01:35.422746187Z level=info msg="Executing migration" id="create index UQE_cloud_migration_session_uid - v2"
grafana-1     | logger=migrator t=2026-09-15T23:01:35.423118026Z level=info msg="Migration successfully executed" id="create index UQE_cloud_migration_session_uid - v2" duration=389.284µs
grafana-1     | logger=migrator t=2026-09-15T23:01:35.424113126Z level=info msg="Executing migration" id="copy cloud_migration_session v1 to v2"
grafana-1     | logger=migrator t=2026-09-15T23:01:35.424288214Z level=info msg="Migration successfully executed" id="copy cloud_migration_session v1 to v2" duration=175.158µs
grafana-1     | logger=migrator t=2026-09-15T23:01:35.425094114Z level=info msg="Executing migration" id="drop cloud_migration_session_tmp_qwerty"
grafana-1     | logger=migrator t=2026-09-15T23:01:35.425406906Z level=info msg="Migration successfully executed" id="drop cloud_migration_session_tmp_qwerty" duration=312.551µs
grafana-1     | logger=migrator t=2026-09-15T23:01:35.426420513Z level=info msg="Executing migration" id="Rename table cloud_migration_run to cloud_migration_snapshot_tmp_qwerty - v1"
grafana-1     | logger=migrator t=2026-09-15T23:01:35.430143741Z level=info msg="Migration successfully executed" id="Rename table cloud_migration_run to cloud_migration_snapshot_tmp_qwerty - v1" duration=3.722637ms
grafana-1     | logger=migrator t=2026-09-15T23:01:35.431052182Z level=info msg="Executing migration" id="create cloud_migration_snapshot v2"
grafana-1     | logger=migrator t=2026-09-15T23:01:35.431345806Z level=info msg="Migration successfully executed" id="create cloud_migration_snapshot v2" duration=293.464µs
grafana-1     | logger=migrator t=2026-09-15T23:01:35.432270381Z level=info msg="Executing migration" id="create index UQE_cloud_migration_snapshot_uid - v2"
grafana-1     | logger=migrator t=2026-09-15T23:01:35.432602892Z level=info msg="Migration successfully executed" id="create index UQE_cloud_migration_snapshot_uid - v2" duration=332.501µs
grafana-1     | logger=migrator t=2026-09-15T23:01:35.433956631Z level=info msg="Executing migration" id="copy cloud_migration_snapshot v1 to v2"
grafana-1     | logger=migrator t=2026-09-15T23:01:35.434123748Z level=info msg="Migration successfully executed" id="copy cloud_migration_snapshot v1 to v2" duration=166.726µs
grafana-1     | logger=migrator t=2026-09-15T23:01:35.435007302Z level=info msg="Executing migration" id="drop cloud_migration_snapshot_tmp_qwerty"
grafana-1     | logger=migrator t=2026-09-15T23:01:35.435332533Z level=info msg="Migration successfully executed" id="drop cloud_migration_snapshot_tmp_qwerty" duration=325.111µs
grafana-1     | logger=migrator t=2026-09-15T23:01:35.436337286Z level=info msg="Executing migration" id="add snapshot upload_url column"
grafana-1     | logger=migrator t=2026-09-15T23:01:35.437798043Z level=info msg="Migration successfully executed" id="add snapshot upload_url column" duration=1.460667ms
grafana-1     | logger=migrator t=2026-09-15T23:01:35.438700756Z level=info msg="Executing migration" id="add snapshot status column"
grafana-1     | logger=migrator t=2026-09-15T23:01:35.440129886Z level=info msg="Migration successfully executed" id="add snapshot status column" duration=1.42899ms
grafana-1     | logger=migrator t=2026-09-15T23:01:35.441018058Z level=info msg="Executing migration" id="add snapshot local_directory column"
grafana-1     | logger=migrator t=2026-09-15T23:01:35.442444875Z level=info msg="Migration successfully executed" id="add snapshot local_directory column" duration=1.426577ms
grafana-1     | logger=migrator t=2026-09-15T23:01:35.443391523Z level=info msg="Executing migration" id="add snapshot gms_snapshot_uid column"
grafana-1     | logger=migrator t=2026-09-15T23:01:35.444824529Z level=info msg="Migration successfully executed" id="add snapshot gms_snapshot_uid column" duration=1.430913ms
grafana-1     | logger=migrator t=2026-09-15T23:01:35.445667263Z level=info msg="Executing migration" id="add snapshot encryption_key column"
grafana-1     | logger=migrator t=2026-09-15T23:01:35.447098377Z level=info msg="Migration successfully executed" id="add snapshot encryption_key column" duration=1.431194ms
grafana-1     | logger=migrator t=2026-09-15T23:01:35.447948161Z level=info msg="Executing migration" id="add snapshot error_string column"
grafana-1     | logger=migrator t=2026-09-15T23:01:35.449411432Z level=info msg="Migration successfully executed" id="add snapshot error_string column" duration=1.46286ms
grafana-1     | logger=migrator t=2026-09-15T23:01:35.450834614Z level=info msg="Executing migration" id="create cloud_migration_resource table v1"
grafana-1     | logger=migrator t=2026-09-15T23:01:35.451171461Z level=info msg="Migration successfully executed" id="create cloud_migration_resource table v1" duration=334.794µs
grafana-1     | logger=migrator t=2026-09-15T23:01:35.45245441Z level=info msg="Executing migration" id="delete cloud_migration_snapshot.result column"
grafana-1     | logger=migrator t=2026-09-15T23:01:35.457983204Z level=info msg="Migration successfully executed" id="delete cloud_migration_snapshot.result column" duration=5.528614ms
grafana-1     | logger=migrator t=2026-09-15T23:01:35.458867811Z level=info msg="Executing migration" id="add cloud_migration_resource.name column"
grafana-1     | logger=migrator t=2026-09-15T23:01:35.460371751Z level=info msg="Migration successfully executed" id="add cloud_migration_resource.name column" duration=1.503871ms
grafana-1     | logger=migrator t=2026-09-15T23:01:35.46132549Z level=info msg="Executing migration" id="add cloud_migration_resource.parent_name column"
grafana-1     | logger=migrator t=2026-09-15T23:01:35.462760439Z level=info msg="Migration successfully executed" id="add cloud_migration_resource.parent_name column" duration=1.434759ms
grafana-1     | logger=migrator t=2026-09-15T23:01:35.463590264Z level=info msg="Executing migration" id="add cloud_migration_session.org_id column"
grafana-1     | logger=migrator t=2026-09-15T23:01:35.464992174Z level=info msg="Migration successfully executed" id="add cloud_migration_session.org_id column" duration=1.40211ms
grafana-1     | logger=migrator t=2026-09-15T23:01:35.465850191Z level=info msg="Executing migration" id="add cloud_migration_resource.error_code column"
grafana-1     | logger=migrator t=2026-09-15T23:01:35.467272021Z level=info msg="Migration successfully executed" id="add cloud_migration_resource.error_code column" duration=1.42187ms
grafana-1     | logger=migrator t=2026-09-15T23:01:35.468083569Z level=info msg="Executing migration" id="increase resource_uid column length"
grafana-1     | logger=migrator t=2026-09-15T23:01:35.468095997Z level=info msg="Migration successfully executed" id="increase resource_uid column length" duration=13.019µs
grafana-1     | logger=migrator t=2026-09-15T23:01:35.468951911Z level=info msg="Executing migration" id="create cloud_migration_snapshot_partition table v1"
grafana-1     | logger=migrator t=2026-09-15T23:01:35.469230362Z level=info msg="Migration successfully executed" id="create cloud_migration_snapshot_partition table v1" duration=279.953µs
grafana-1     | logger=migrator t=2026-09-15T23:01:35.470044114Z level=info msg="Executing migration" id="add cloud_migration_snapshot_partition srp_unique index"
grafana-1     | logger=migrator t=2026-09-15T23:01:35.470429283Z level=info msg="Migration successfully executed" id="add cloud_migration_snapshot_partition srp_unique index" duration=385.419µs
grafana-1     | logger=migrator t=2026-09-15T23:01:35.471391313Z level=info msg="Executing migration" id="add resource_storage_type column to cloud_migration_snapshot table"
grafana-1     | logger=migrator t=2026-09-15T23:01:35.472830298Z level=info msg="Migration successfully executed" id="add resource_storage_type column to cloud_migration_snapshot table" duration=1.438654ms
grafana-1     | logger=migrator t=2026-09-15T23:01:35.473616259Z level=info msg="Executing migration" id="add encryption_algo column to cloud_migration_snapshot table"
grafana-1     | logger=migrator t=2026-09-15T23:01:35.47509995Z level=info msg="Migration successfully executed" id="add encryption_algo column to cloud_migration_snapshot table" duration=1.48316ms
grafana-1     | logger=migrator t=2026-09-15T23:01:35.475955313Z level=info msg="Executing migration" id="add metadata column to cloud_migration_snapshot table"
grafana-1     | logger=migrator t=2026-09-15T23:01:35.477365585Z level=info msg="Migration successfully executed" id="add metadata column to cloud_migration_snapshot table" duration=1.410182ms
grafana-1     | logger=migrator t=2026-09-15T23:01:35.478291152Z level=info msg="Executing migration" id="add public_key column to cloud_migration_snapshot table"
grafana-1     | logger=migrator t=2026-09-15T23:01:35.479724629Z level=info msg="Migration successfully executed" id="add public_key column to cloud_migration_snapshot table" duration=1.433277ms
grafana-1     | logger=migrator t=2026-09-15T23:01:35.480625299Z level=info msg="Executing migration" id="drop my_row_id and add primary key with columns snapshot_uid,resource_type,partition_number to table cloud_migration_snapshot_partition if my_row_id exists (auto-generated mysql column)"
grafana-1     | logger=migrator t=2026-09-15T23:01:35.480784594Z level=warn msg="Skipping migration: Already executed, but not recorded in migration log" id="drop my_row_id and add primary key with columns snapshot_uid,resource_type,partition_number to table cloud_migration_snapshot_partition if my_row_id exists (auto-generated mysql column)"
grafana-1     | logger=migrator t=2026-09-15T23:01:35.481657433Z level=info msg="Executing migration" id="drop unique index UQE_cloud_migration_snapshot_partition_srp_unique from cloud_migration_snapshot_partition table if it exists (mysql)"
grafana-1     | logger=migrator t=2026-09-15T23:01:35.481863988Z level=info msg="Migration successfully executed" id="drop unique index UQE_cloud_migration_snapshot_partition_srp_unique from cloud_migration_snapshot_partition table if it exists (mysql)" duration=209.319µs
grafana-1     | logger=migrator t=2026-09-15T23:01:35.482754643Z level=info msg="Executing migration" id="add primary key with columns snapshot_uid,resource_type,partition_number to table cloud_migration_snapshot_partition if it doesn't exist (mysql)"
grafana-1     | logger=migrator t=2026-09-15T23:01:35.482771788Z level=info msg="Migration successfully executed" id="add primary key with columns snapshot_uid,resource_type,partition_number to table cloud_migration_snapshot_partition if it doesn't exist (mysql)" duration=17.896µs
grafana-1     | logger=migrator t=2026-09-15T23:01:35.483623716Z level=info msg="Executing migration" id="add primary key with columns snapshot_uid,resource_type,partition_number to table cloud_migration_snapshot_partition (postgres and sqlite)"
grafana-1     | logger=migrator t=2026-09-15T23:01:35.487823778Z level=info msg="Migration successfully executed" id="add primary key with columns snapshot_uid,resource_type,partition_number to table cloud_migration_snapshot_partition (postgres and sqlite)" duration=4.199571ms
grafana-1     | logger=migrator t=2026-09-15T23:01:35.488882021Z level=info msg="Executing migration" id="alter kv_store.value to longtext"
grafana-1     | logger=migrator t=2026-09-15T23:01:35.488897394Z level=info msg="Migration successfully executed" id="alter kv_store.value to longtext" duration=15.813µs
grafana-1     | logger=migrator t=2026-09-15T23:01:35.489756632Z level=info msg="Executing migration" id="add notification_settings column to alert_rule table"
grafana-1     | logger=migrator t=2026-09-15T23:01:35.491210008Z level=info msg="Migration successfully executed" id="add notification_settings column to alert_rule table" duration=1.453387ms
grafana-1     | logger=migrator t=2026-09-15T23:01:35.491964483Z level=info msg="Executing migration" id="add notification_settings column to alert_rule_version table"
grafana-1     | logger=migrator t=2026-09-15T23:01:35.493386603Z level=info msg="Migration successfully executed" id="add notification_settings column to alert_rule_version table" duration=1.42186ms
grafana-1     | logger=migrator t=2026-09-15T23:01:35.494250288Z level=info msg="Executing migration" id="removing scope from alert.instances:read action migration"
grafana-1     | logger=migrator t=2026-09-15T23:01:35.494360811Z level=info msg="Migration successfully executed" id="removing scope from alert.instances:read action migration" duration=110.564µs
grafana-1     | logger=migrator t=2026-09-15T23:01:35.495277645Z level=info msg="Executing migration" id="replacing annotations:* scope with annotations:type:organization scope"
grafana-1     | logger=migrator t=2026-09-15T23:01:35.495515426Z level=info msg="Migration successfully executed" id="replacing annotations:* scope with annotations:type:organization scope" duration=237.711µs
grafana-1     | logger=migrator t=2026-09-15T23:01:35.496471568Z level=info msg="Executing migration" id="managed folder permissions alerting silences actions migration"
grafana-1     | logger=migrator t=2026-09-15T23:01:35.496579427Z level=info msg="Migration successfully executed" id="managed folder permissions alerting silences actions migration" duration=108.259µs
grafana-1     | logger=migrator t=2026-09-15T23:01:35.497428431Z level=info msg="Executing migration" id="add record column to alert_rule table"
grafana-1     | logger=migrator t=2026-09-15T23:01:35.498913804Z level=info msg="Migration successfully executed" id="add record column to alert_rule table" duration=1.485003ms
grafana-1     | logger=migrator t=2026-09-15T23:01:35.499681988Z level=info msg="Executing migration" id="add record column to alert_rule_version table"
grafana-1     | logger=migrator t=2026-09-15T23:01:35.501130507Z level=info msg="Migration successfully executed" id="add record column to alert_rule_version table" duration=1.451113ms
grafana-1     | logger=migrator t=2026-09-15T23:01:35.501883259Z level=info msg="Executing migration" id="add resolved_at column to alert_instance table"
grafana-1     | logger=migrator t=2026-09-15T23:01:35.503307172Z level=info msg="Migration successfully executed" id="add resolved_at column to alert_instance table" duration=1.423592ms
grafana-1     | logger=migrator t=2026-09-15T23:01:35.504063048Z level=info msg="Executing migration" id="add last_sent_at column to alert_instance table"
grafana-1     | logger=migrator t=2026-09-15T23:01:35.50547292Z level=info msg="Migration successfully executed" id="add last_sent_at column to alert_instance table" duration=1.410062ms
grafana-1     | logger=migrator t=2026-09-15T23:01:35.506348452Z level=info msg="Executing migration" id="Add scope to alert.notifications.receivers:read and alert.notifications.receivers.secrets:read"
grafana-1     | logger=migrator t=2026-09-15T23:01:35.506483792Z level=info msg="Migration successfully executed" id="Add scope to alert.notifications.receivers:read and alert.notifications.receivers.secrets:read" duration=135.36µs
grafana-1     | logger=migrator t=2026-09-15T23:01:35.507312286Z level=info msg="Executing migration" id="add metadata column to alert_rule table"
grafana-1     | logger=migrator t=2026-09-15T23:01:35.508754075Z level=info msg="Migration successfully executed" id="add metadata column to alert_rule table" duration=1.441589ms
grafana-1     | logger=migrator t=2026-09-15T23:01:35.509506476Z level=info msg="Executing migration" id="add metadata column to alert_rule_version table"
grafana-1     | logger=migrator t=2026-09-15T23:01:35.510940033Z level=info msg="Migration successfully executed" id="add metadata column to alert_rule_version table" duration=1.433176ms
grafana-1     | logger=migrator t=2026-09-15T23:01:35.511670722Z level=info msg="Executing migration" id="delete orphaned service account permissions"
grafana-1     | logger=migrator t=2026-09-15T23:01:35.51179833Z level=info msg="Migration successfully executed" id="delete orphaned service account permissions" duration=127.478µs
grafana-1     | logger=migrator t=2026-09-15T23:01:35.512749765Z level=info msg="Executing migration" id="adding action set permissions"
grafana-1     | logger=migrator t=2026-09-15T23:01:35.512919445Z level=info msg="Migration successfully executed" id="adding action set permissions" duration=172.315µs
grafana-1     | logger=migrator t=2026-09-15T23:01:35.51376265Z level=info msg="Executing migration" id="adding service account action set permissions"
grafana-1     | logger=migrator t=2026-09-15T23:01:35.513905001Z level=info msg="Migration successfully executed" id="adding service account action set permissions" duration=142.39µs
grafana-1     | logger=migrator t=2026-09-15T23:01:35.514753854Z level=info msg="Executing migration" id="create user_external_session table"
grafana-1     | logger=migrator t=2026-09-15T23:01:35.515075259Z level=info msg="Migration successfully executed" id="create user_external_session table" duration=320.994µs
grafana-1     | logger=migrator t=2026-09-15T23:01:35.515860869Z level=info msg="Executing migration" id="increase name_id column length to 1024"
grafana-1     | logger=migrator t=2026-09-15T23:01:35.515877283Z level=info msg="Migration successfully executed" id="increase name_id column length to 1024" duration=17.055µs
grafana-1     | logger=migrator t=2026-09-15T23:01:35.516818954Z level=info msg="Executing migration" id="increase session_id column length to 1024"
grafana-1     | logger=migrator t=2026-09-15T23:01:35.516834567Z level=info msg="Migration successfully executed" id="increase session_id column length to 1024" duration=15.903µs
grafana-1     | logger=migrator t=2026-09-15T23:01:35.517651393Z level=info msg="Executing migration" id="remove scope from alert.notifications.receivers:create"
grafana-1     | logger=migrator t=2026-09-15T23:01:35.51778525Z level=info msg="Migration successfully executed" id="remove scope from alert.notifications.receivers:create" duration=133.758µs
grafana-1     | logger=migrator t=2026-09-15T23:01:35.518582568Z level=info msg="Executing migration" id="add created_by column to alert_rule_version table"
grafana-1     | logger=migrator t=2026-09-15T23:01:35.520070435Z level=info msg="Migration successfully executed" id="add created_by column to alert_rule_version table" duration=1.488087ms
grafana-1     | logger=migrator t=2026-09-15T23:01:35.520896635Z level=info msg="Executing migration" id="add updated_by column to alert_rule table"
grafana-1     | logger=migrator t=2026-09-15T23:01:35.522343231Z level=info msg="Migration successfully executed" id="add updated_by column to alert_rule table" duration=1.446386ms
grafana-1     | logger=migrator t=2026-09-15T23:01:35.523373302Z level=info msg="Executing migration" id="add alert_rule_state table"
grafana-1     | logger=migrator t=2026-09-15T23:01:35.523627397Z level=info msg="Migration successfully executed" id="add alert_rule_state table" duration=253.905µs
grafana-1     | logger=migrator t=2026-09-15T23:01:35.524511953Z level=info msg="Executing migration" id="add index to alert_rule_state on org_id and rule_uid columns"
grafana-1     | logger=migrator t=2026-09-15T23:01:35.524860268Z level=info msg="Migration successfully executed" id="add index to alert_rule_state on org_id and rule_uid columns" duration=348.325µs
grafana-1     | logger=migrator t=2026-09-15T23:01:35.525885261Z level=info msg="Executing migration" id="add guid column to alert_rule table"
grafana-1     | logger=migrator t=2026-09-15T23:01:35.527397544Z level=info msg="Migration successfully executed" id="add guid column to alert_rule table" duration=1.511952ms
grafana-1     | logger=migrator t=2026-09-15T23:01:35.528385884Z level=info msg="Executing migration" id="add rule_guid column to alert_rule_version table"
grafana-1     | logger=migrator t=2026-09-15T23:01:35.529869284Z level=info msg="Migration successfully executed" id="add rule_guid column to alert_rule_version table" duration=1.48318ms
grafana-1     | logger=migrator t=2026-09-15T23:01:35.530678659Z level=info msg="Executing migration" id="cleanup alert_rule_version table"
grafana-1     | logger=migrator t=2026-09-15T23:01:35.530699891Z level=info msg="Rule version record limit is not set, fallback to 100" limit=0
grafana-1     | logger=migrator t=2026-09-15T23:01:35.530837574Z level=info msg="Cleaning up table `alert_rule_version`" batchSize=50 batches=0 keepVersions=100
grafana-1     | logger=migrator t=2026-09-15T23:01:35.53085481Z level=info msg="Migration successfully executed" id="cleanup alert_rule_version table" duration=174.097µs
grafana-1     | logger=migrator t=2026-09-15T23:01:35.53164758Z level=info msg="Executing migration" id="populate rule guid in alert rule table"
grafana-1     | logger=migrator t=2026-09-15T23:01:35.531834786Z level=info msg="Migration successfully executed" id="populate rule guid in alert rule table" duration=187.277µs
grafana-1     | logger=migrator t=2026-09-15T23:01:35.532642469Z level=info msg="Executing migration" id="drop index in alert_rule_version table on rule_org_id, rule_uid and version columns"
grafana-1     | logger=migrator t=2026-09-15T23:01:35.53300219Z level=info msg="Migration successfully executed" id="drop index in alert_rule_version table on rule_org_id, rule_uid and version columns" duration=359.44µs
grafana-1     | logger=migrator t=2026-09-15T23:01:35.533779067Z level=info msg="Executing migration" id="add index in alert_rule_version table on rule_org_id, rule_uid, rule_guid and version columns"
grafana-1     | logger=migrator t=2026-09-15T23:01:35.53416696Z level=info msg="Migration successfully executed" id="add index in alert_rule_version table on rule_org_id, rule_uid, rule_guid and version columns" duration=388.693µs
grafana-1     | logger=migrator t=2026-09-15T23:01:35.535102982Z level=info msg="Executing migration" id="add index in alert_rule_version table on rule_guid and version columns"
grafana-1     | logger=migrator t=2026-09-15T23:01:35.535451858Z level=info msg="Migration successfully executed" id="add index in alert_rule_version table on rule_guid and version columns" duration=349.216µs
grafana-1     | logger=migrator t=2026-09-15T23:01:35.536516159Z level=info msg="Executing migration" id="add index in alert_rule table on guid columns"
grafana-1     | logger=migrator t=2026-09-15T23:01:35.536918103Z level=info msg="Migration successfully executed" id="add index in alert_rule table on guid columns" duration=401.643µs
grafana-1     | logger=migrator t=2026-09-15T23:01:35.537901966Z level=info msg="Executing migration" id="add keep_firing_for column to alert_rule"
grafana-1     | logger=migrator t=2026-09-15T23:01:35.53948973Z level=info msg="Migration successfully executed" id="add keep_firing_for column to alert_rule" duration=1.587484ms
grafana-1     | logger=migrator t=2026-09-15T23:01:35.540541673Z level=info msg="Executing migration" id="add keep_firing_for column to alert_rule_version"
grafana-1     | logger=migrator t=2026-09-15T23:01:35.542109669Z level=info msg="Migration successfully executed" id="add keep_firing_for column to alert_rule_version" duration=1.565692ms
grafana-1     | logger=migrator t=2026-09-15T23:01:35.542996318Z level=info msg="Executing migration" id="add missing_series_evals_to_resolve column to alert_rule"
grafana-1     | logger=migrator t=2026-09-15T23:01:35.544520298Z level=info msg="Migration successfully executed" id="add missing_series_evals_to_resolve column to alert_rule" duration=1.5233ms
grafana-1     | logger=migrator t=2026-09-15T23:01:35.545581756Z level=info msg="Executing migration" id="add missing_series_evals_to_resolve column to alert_rule_version"
grafana-1     | logger=migrator t=2026-09-15T23:01:35.54711518Z level=info msg="Migration successfully executed" id="add missing_series_evals_to_resolve column to alert_rule_version" duration=1.533284ms
grafana-1     | logger=migrator t=2026-09-15T23:01:35.547976692Z level=info msg="Executing migration" id="remove the datasources:drilldown action"
grafana-1     | logger=migrator t=2026-09-15T23:01:35.548064422Z level=info msg="Removed 0 datasources:drilldown permissions"
grafana-1     | logger=migrator t=2026-09-15T23:01:35.548076069Z level=info msg="Migration successfully executed" id="remove the datasources:drilldown action" duration=102.902µs
grafana-1     | logger=migrator t=2026-09-15T23:01:35.548945152Z level=info msg="Executing migration" id="remove title in folder unique index"
grafana-1     | logger=migrator t=2026-09-15T23:01:35.549384231Z level=info msg="Migration successfully executed" id="remove title in folder unique index" duration=439.118µs
grafana-1     | logger=migrator t=2026-09-15T23:01:35.550608854Z level=info msg="Executing migration" id="add fired_at column to alert_instance table"
grafana-1     | logger=migrator t=2026-09-15T23:01:35.55226563Z level=info msg="Migration successfully executed" id="add fired_at column to alert_instance table" duration=1.65964ms
grafana-1     | logger=migrator t=2026-09-15T23:01:35.553420145Z level=info msg="Executing migration" id="ensure rule_group column is case sensitive in returned results"
grafana-1     | logger=migrator t=2026-09-15T23:01:35.553437321Z level=info msg="Migration successfully executed" id="ensure rule_group column is case sensitive in returned results" duration=17.286µs
grafana-1     | logger=migrator t=2026-09-15T23:01:35.554424258Z level=info msg="Executing migration" id="expand created_by in alert_rule_version table"
grafana-1     | logger=migrator t=2026-09-15T23:01:35.554456896Z level=info msg="Migration successfully executed" id="expand created_by in alert_rule_version table" duration=32.549µs
grafana-1     | logger=migrator t=2026-09-15T23:01:35.555412888Z level=info msg="Executing migration" id="expand updated_by in alert_rule table"
grafana-1     | logger=migrator t=2026-09-15T23:01:35.555444344Z level=info msg="Migration successfully executed" id="expand updated_by in alert_rule table" duration=31.507µs
grafana-1     | logger=migrator t=2026-09-15T23:01:35.556356221Z level=info msg="Executing migration" id="add index in alert_rule on org_id, namespace_uid, rule_group and rule_group_idx columns"
grafana-1     | logger=migrator t=2026-09-15T23:01:35.556721831Z level=info msg="Migration successfully executed" id="add index in alert_rule on org_id, namespace_uid, rule_group and rule_group_idx columns" duration=365.71µs
grafana-1     | logger=migrator t=2026-09-15T23:01:35.557578786Z level=info msg="Executing migration" id="add annotations column to alert_instance table"
grafana-1     | logger=migrator t=2026-09-15T23:01:35.559117809Z level=info msg="Migration successfully executed" id="add annotations column to alert_instance table" duration=1.538551ms
grafana-1     | logger=migrator t=2026-09-15T23:01:35.560268398Z level=info msg="Executing migration" id="ensure namespace_uid column sorts the same way as golang"
grafana-1     | logger=migrator t=2026-09-15T23:01:35.560284461Z level=info msg="Migration successfully executed" id="ensure namespace_uid column sorts the same way as golang" duration=16.444µs
grafana-1     | logger=migrator t=2026-09-15T23:01:35.561716586Z level=info msg="Executing migration" id="ensure rule_group column sorts the same way as golang"
grafana-1     | logger=migrator t=2026-09-15T23:01:35.561744067Z level=info msg="Migration successfully executed" id="ensure rule_group column sorts the same way as golang" duration=29.875µs
grafana-1     | logger=migrator t=2026-09-15T23:01:35.562920664Z level=info msg="Executing migration" id="add 'alert.notifications.receivers.protected:write' to receiver admins"
grafana-1     | logger=migrator t=2026-09-15T23:01:35.563102873Z level=info msg="Migration successfully executed" id="add 'alert.notifications.receivers.protected:write' to receiver admins" duration=182.21µs
grafana-1     | logger=migrator t=2026-09-15T23:01:35.563963324Z level=info msg="Executing migration" id="add evaluation_duration_ns column to alert_instance table"
grafana-1     | logger=migrator t=2026-09-15T23:01:35.56546427Z level=info msg="Migration successfully executed" id="add evaluation_duration_ns column to alert_instance table" duration=1.500726ms
grafana-1     | logger=migrator t=2026-09-15T23:01:35.566455824Z level=info msg="Executing migration" id="add last_error column to alert_instance table"
grafana-1     | logger=migrator t=2026-09-15T23:01:35.567993074Z level=info msg="Migration successfully executed" id="add last_error column to alert_instance table" duration=1.536719ms
grafana-1     | logger=migrator t=2026-09-15T23:01:35.568977588Z level=info msg="Executing migration" id="add last_result column to alert_instance table"
grafana-1     | logger=migrator t=2026-09-15T23:01:35.570510411Z level=info msg="Migration successfully executed" id="add last_result column to alert_instance table" duration=1.532113ms
grafana-1     | logger=migrator t=2026-09-15T23:01:35.571764694Z level=info msg="Executing migration" id="add 'alert.notifications.receivers.test:create' to managed roles"
grafana-1     | logger=migrator t=2026-09-15T23:01:35.571938931Z level=info msg="Migration successfully executed" id="add 'alert.notifications.receivers.test:create' to managed roles" duration=173.827µs
grafana-1     | logger=migrator t=2026-09-15T23:01:35.572830397Z level=info msg="Executing migration" id="add folder_fullpath column to alert_rule"
grafana-1     | logger=migrator t=2026-09-15T23:01:35.574395799Z level=info msg="Migration successfully executed" id="add folder_fullpath column to alert_rule" duration=1.564991ms
grafana-1     | logger=migrator t=2026-09-15T23:01:35.5756159Z level=info msg="Executing migration" id="add index on folder_fullpath in alert_rule"
grafana-1     | logger=migrator t=2026-09-15T23:01:35.576080136Z level=info msg="Migration successfully executed" id="add index on folder_fullpath in alert_rule" duration=463.935µs
grafana-1     | logger=migrator t=2026-09-15T23:01:35.576992984Z level=info msg="Executing migration" id="add alert_routing column to alert_rule table"
grafana-1     | logger=migrator t=2026-09-15T23:01:35.578612926Z level=info msg="Migration successfully executed" id="add alert_routing column to alert_rule table" duration=1.617738ms
grafana-1     | logger=migrator t=2026-09-15T23:01:35.579580024Z level=info msg="Executing migration" id="add alert_routing column to alert_rule_version table"
grafana-1     | logger=migrator t=2026-09-15T23:01:35.58116209Z level=info msg="Migration successfully executed" id="add alert_routing column to alert_rule_version table" duration=1.581906ms
grafana-1     | logger=migrator t=2026-09-15T23:01:35.582198531Z level=info msg="Executing migration" id="grant basic roles access to default notification policy"
grafana-1     | logger=migrator t=2026-09-15T23:01:35.58236773Z level=info msg="No managed roles found for editor/viewer, skipping default notification policy permissions"
grafana-1     | logger=migrator t=2026-09-15T23:01:35.582377885Z level=info msg="Migration successfully executed" id="grant basic roles access to default notification policy" duration=179.756µs
grafana-1     | logger=migrator t=2026-09-15T23:01:35.583430179Z level=info msg="Executing migration" id="create table nats_discovery_peers"
grafana-1     | logger=migrator t=2026-09-15T23:01:35.583723152Z level=info msg="Migration successfully executed" id="create table nats_discovery_peers" duration=292.983µs
grafana-1     | logger=migrator t=2026-09-15T23:01:35.584613517Z level=info msg="Executing migration" id="Change key_path collation of nats_discovery_peers in postgres"
grafana-1     | logger=migrator t=2026-09-15T23:01:35.584628278Z level=info msg="Migration successfully executed" id="Change key_path collation of nats_discovery_peers in postgres" duration=15.202µs
grafana-1     | logger=migrator t=2026-09-15T23:01:35.585501588Z level=info msg="Executing migration" id="alter alert_rule_state id column to bigint for postgres"
grafana-1     | logger=migrator t=2026-09-15T23:01:35.585516139Z level=info msg="Migration successfully executed" id="alter alert_rule_state id column to bigint for postgres" duration=19.268µs
grafana-1     | logger=migrator t=2026-09-15T23:01:35.586412323Z level=info msg="Executing migration" id="alter alert_rule_state id sequence to bigint for postgres"
grafana-1     | logger=migrator t=2026-09-15T23:01:35.586428647Z level=info msg="Migration successfully executed" id="alter alert_rule_state id sequence to bigint for postgres" duration=16.515µs
grafana-1     | logger=migrator t=2026-09-15T23:01:35.587311651Z level=info msg="migrations completed" performed=719 skipped=0 duration=1.150085139s
grafana-1     | logger=sqlstore t=2026-09-15T23:01:35.592379905Z level=info msg="Created default admin" user=admin
grafana-1     | logger=sqlstore t=2026-09-15T23:01:35.592511249Z level=info msg="Created default organization"
grafana-1     | logger=secrets t=2026-09-15T23:01:35.59369039Z level=info msg="Envelope encryption state" currentprovider=secretKey.v1
grafana-1     | logger=plugin.angulardetectorsprovider.dynamic t=2026-09-15T23:01:35.635457049Z level=info msg="Restored cache from database" duration=262.398µs
grafana-1     | logger=resource-db t=2026-09-15T23:01:35.635907544Z level=info msg="Using database section" db_type=sqlite3
grafana-1     | logger=accesscontrol.service t=2026-09-15T23:01:35.635997808Z level=info msg="Starting migration to remove deprecated permissions" migration=removeDeprecatedPermissions
grafana-1     | logger=accesscontrol.service t=2026-09-15T23:01:35.636157373Z level=info msg="Completed migration to remove deprecated permissions" migration=removeDeprecatedPermissions totalRemoved=0 duration=158.464µs
grafana-1     | logger=plugin.store t=2026-09-15T23:01:35.679762718Z level=info msg="Loading plugins..."
grafana-1     | logger=plugins.registration t=2026-09-15T23:01:35.815763987Z level=info msg="Plugin registered" pluginId=elasticsearch
grafana-1     | logger=plugins.registration t=2026-09-15T23:01:35.882745515Z level=info msg="Plugin registered" pluginId=grafana-postgresql-datasource
grafana-1     | logger=plugins.registration t=2026-09-15T23:01:35.931929417Z level=info msg="Plugin registered" pluginId=grafana-pyroscope-datasource
grafana-1     | logger=plugins.registration t=2026-09-15T23:01:36.004705996Z level=info msg="Plugin registered" pluginId=influxdb
grafana-1     | logger=plugins.registration t=2026-09-15T23:01:36.048335161Z level=info msg="Plugin registered" pluginId=jaeger
grafana-1     | logger=plugins.registration t=2026-09-15T23:01:36.129602849Z level=info msg="Plugin registered" pluginId=loki
grafana-1     | logger=plugins.registration t=2026-09-15T23:01:36.200957644Z level=info msg="Plugin registered" pluginId=mssql
grafana-1     | logger=plugins.registration t=2026-09-15T23:01:36.297818367Z level=info msg="Plugin registered" pluginId=mysql
grafana-1     | logger=plugins.registration t=2026-09-15T23:01:36.340352871Z level=info msg="Plugin registered" pluginId=opentsdb
grafana-1     | logger=plugins.registration t=2026-09-15T23:01:36.436716545Z level=info msg="Plugin registered" pluginId=prometheus
grafana-1     | logger=plugins.registration t=2026-09-15T23:01:36.487349782Z level=info msg="Plugin registered" pluginId=stackdriver
grafana-1     | logger=plugins.registration t=2026-09-15T23:01:36.56027079Z level=info msg="Plugin registered" pluginId=tempo
grafana-1     | logger=plugins.registration t=2026-09-15T23:01:36.6039038Z level=info msg="Plugin registered" pluginId=zipkin
grafana-1     | logger=plugin.store t=2026-09-15T23:01:36.603927876Z level=info msg="Plugins loaded" count=51 duration=924.16568ms
grafana-1     | logger=secret-migrator t=2026-09-15T23:01:36.604302519Z level=info msg="Starting DB migrations"
grafana-1     | logger=secret-migrator t=2026-09-15T23:01:36.604616373Z level=info msg="Executing migration" id="create secret_migration_log table"
grafana-1     | logger=secret-migrator t=2026-09-15T23:01:36.604955003Z level=info msg="Migration successfully executed" id="create secret_migration_log table" duration=338.18µs
grafana-1     | logger=secret-migrator t=2026-09-15T23:01:36.606469033Z level=info msg="Executing migration" id="Initialize secrets tables"
grafana-1     | logger=secret-migrator t=2026-09-15T23:01:36.606488181Z level=info msg="Migration successfully executed" id="Initialize secrets tables" duration=19.949µs
grafana-1     | logger=secret-migrator t=2026-09-15T23:01:36.607474583Z level=info msg="Executing migration" id="drop table secret_secure_value"
grafana-1     | logger=secret-migrator t=2026-09-15T23:01:36.607535133Z level=info msg="Migration successfully executed" id="drop table secret_secure_value" duration=60.51µs
grafana-1     | logger=secret-migrator t=2026-09-15T23:01:36.608397075Z level=info msg="Executing migration" id="create table secret_secure_value"
grafana-1     | logger=secret-migrator t=2026-09-15T23:01:36.608784407Z level=info msg="Migration successfully executed" id="create table secret_secure_value" duration=386.671µs
grafana-1     | logger=secret-migrator t=2026-09-15T23:01:36.609864853Z level=info msg="Executing migration" id="create table secret_secure_value, index: 0"
grafana-1     | logger=secret-migrator t=2026-09-15T23:01:36.610268689Z level=info msg="Migration successfully executed" id="create table secret_secure_value, index: 0" duration=403.095µs
grafana-1     | logger=secret-migrator t=2026-09-15T23:01:36.611563591Z level=info msg="Executing migration" id="create table secret_secure_value, index: 1"
grafana-1     | logger=secret-migrator t=2026-09-15T23:01:36.611957593Z level=info msg="Migration successfully executed" id="create table secret_secure_value, index: 1" duration=393.001µs
grafana-1     | logger=secret-migrator t=2026-09-15T23:01:36.612893144Z level=info msg="Executing migration" id="drop table secret_keeper"
grafana-1     | logger=secret-migrator t=2026-09-15T23:01:36.612953223Z level=info msg="Migration successfully executed" id="drop table secret_keeper" duration=59.558µs
grafana-1     | logger=secret-migrator t=2026-09-15T23:01:36.613864479Z level=info msg="Executing migration" id="create table secret_keeper"
grafana-1     | logger=secret-migrator t=2026-09-15T23:01:36.6141698Z level=info msg="Migration successfully executed" id="create table secret_keeper" duration=305.06µs
grafana-1     | logger=secret-migrator t=2026-09-15T23:01:36.615142937Z level=info msg="Executing migration" id="create table secret_keeper, index: 0"
grafana-1     | logger=secret-migrator t=2026-09-15T23:01:36.615512693Z level=info msg="Migration successfully executed" id="create table secret_keeper, index: 0" duration=368.884µs
grafana-1     | logger=secret-migrator t=2026-09-15T23:01:36.616532008Z level=info msg="Executing migration" id="drop table secret_data_key"
grafana-1     | logger=secret-migrator t=2026-09-15T23:01:36.616590945Z level=info msg="Migration successfully executed" id="drop table secret_data_key" duration=58.646µs
grafana-1     | logger=secret-migrator t=2026-09-15T23:01:36.617577652Z level=info msg="Executing migration" id="create table secret_data_key"
grafana-1     | logger=secret-migrator t=2026-09-15T23:01:36.617960107Z level=info msg="Migration successfully executed" id="create table secret_data_key" duration=381.273µs
grafana-1     | logger=secret-migrator t=2026-09-15T23:01:36.618943138Z level=info msg="Executing migration" id="drop table secret_encrypted_value"
grafana-1     | logger=secret-migrator t=2026-09-15T23:01:36.619003808Z level=info msg="Migration successfully executed" id="drop table secret_encrypted_value" duration=61.421µs
grafana-1     | logger=secret-migrator t=2026-09-15T23:01:36.619988622Z level=info msg="Executing migration" id="create table secret_encrypted_value"
grafana-1     | logger=secret-migrator t=2026-09-15T23:01:36.620261735Z level=info msg="Migration successfully executed" id="create table secret_encrypted_value" duration=273.093µs
grafana-1     | logger=secret-migrator t=2026-09-15T23:01:36.621309002Z level=info msg="Executing migration" id="create table secret_encrypted_value, index: 0"
grafana-1     | logger=secret-migrator t=2026-09-15T23:01:36.621670936Z level=info msg="Migration successfully executed" id="create table secret_encrypted_value, index: 0" duration=361.965µs
grafana-1     | logger=secret-migrator t=2026-09-15T23:01:36.622903546Z level=info msg="Executing migration" id="create index for list on secret_secure_value"
grafana-1     | logger=secret-migrator t=2026-09-15T23:01:36.623253753Z level=info msg="Migration successfully executed" id="create index for list on secret_secure_value" duration=349.336µs
grafana-1     | logger=secret-migrator t=2026-09-15T23:01:36.624803332Z level=info msg="Executing migration" id="create index for list and read current on secret_data_key"
grafana-1     | logger=secret-migrator t=2026-09-15T23:01:36.625164675Z level=info msg="Migration successfully executed" id="create index for list and read current on secret_data_key" duration=361.163µs
grafana-1     | logger=secret-migrator t=2026-09-15T23:01:36.626047519Z level=info msg="Executing migration" id="add owner_reference_api_group column to secret_secure_value"
grafana-1     | logger=secret-migrator t=2026-09-15T23:01:36.627640761Z level=info msg="Migration successfully executed" id="add owner_reference_api_group column to secret_secure_value" duration=1.593082ms
grafana-1     | logger=secret-migrator t=2026-09-15T23:01:36.628531607Z level=info msg="Executing migration" id="add owner_reference_api_version column to secret_secure_value"
grafana-1     | logger=secret-migrator t=2026-09-15T23:01:36.630067545Z level=info msg="Migration successfully executed" id="add owner_reference_api_version column to secret_secure_value" duration=1.536799ms
grafana-1     | logger=secret-migrator t=2026-09-15T23:01:36.630909558Z level=info msg="Executing migration" id="add owner_reference_kind column to secret_secure_value"
grafana-1     | logger=secret-migrator t=2026-09-15T23:01:36.632398998Z level=info msg="Migration successfully executed" id="add owner_reference_kind column to secret_secure_value" duration=1.488968ms
grafana-1     | logger=secret-migrator t=2026-09-15T23:01:36.63338234Z level=info msg="Executing migration" id="add owner_reference_name column to secret_secure_value"
grafana-1     | logger=secret-migrator t=2026-09-15T23:01:36.63489277Z level=info msg="Migration successfully executed" id="add owner_reference_name column to secret_secure_value" duration=1.509879ms
grafana-1     | logger=secret-migrator t=2026-09-15T23:01:36.635858266Z level=info msg="Executing migration" id="add lease_token column to secret_secure_value"
grafana-1     | logger=secret-migrator t=2026-09-15T23:01:36.637390929Z level=info msg="Migration successfully executed" id="add lease_token column to secret_secure_value" duration=1.531131ms
grafana-1     | logger=secret-migrator t=2026-09-15T23:01:36.638378046Z level=info msg="Executing migration" id="add lease_token index to secret_secure_value"
grafana-1     | logger=secret-migrator t=2026-09-15T23:01:36.638797726Z level=info msg="Migration successfully executed" id="add lease_token index to secret_secure_value" duration=419.66µs
grafana-1     | logger=secret-migrator t=2026-09-15T23:01:36.639794017Z level=info msg="Executing migration" id="add lease_created column to secret_secure_value"
grafana-1     | logger=secret-migrator t=2026-09-15T23:01:36.64140116Z level=info msg="Migration successfully executed" id="add lease_created column to secret_secure_value" duration=1.607273ms
grafana-1     | logger=secret-migrator t=2026-09-15T23:01:36.642384643Z level=info msg="Executing migration" id="add lease_created index to secret_secure_value"
grafana-1     | logger=secret-migrator t=2026-09-15T23:01:36.642786236Z level=info msg="Migration successfully executed" id="add lease_created index to secret_secure_value" duration=401.593µs
grafana-1     | logger=secret-migrator t=2026-09-15T23:01:36.643748086Z level=info msg="Executing migration" id="add data_key_id column to secret_encrypted_value"
grafana-1     | logger=secret-migrator t=2026-09-15T23:01:36.645263093Z level=info msg="Migration successfully executed" id="add data_key_id column to secret_encrypted_value" duration=1.514877ms
grafana-1     | logger=secret-migrator t=2026-09-15T23:01:36.646129833Z level=info msg="Executing migration" id="add data_key_id index to secret_encrypted_value"
grafana-1     | logger=secret-migrator t=2026-09-15T23:01:36.646504737Z level=info msg="Migration successfully executed" id="add data_key_id index to secret_encrypted_value" duration=374.823µs
grafana-1     | logger=secret-migrator t=2026-09-15T23:01:36.647568457Z level=info msg="Executing migration" id="add active column to secret_keeper"
grafana-1     | logger=secret-migrator t=2026-09-15T23:01:36.64911427Z level=info msg="Migration successfully executed" id="add active column to secret_keeper" duration=1.544471ms
grafana-1     | logger=secret-migrator t=2026-09-15T23:01:36.649964956Z level=info msg="Executing migration" id="add active column index to secret_keeper"
grafana-1     | logger=secret-migrator t=2026-09-15T23:01:36.650368432Z level=info msg="Migration successfully executed" id="add active column index to secret_keeper" duration=403.066µs
grafana-1     | logger=secret-migrator t=2026-09-15T23:01:36.651413024Z level=info msg="Executing migration" id="set secret_secure_value.keeper to 'system' where keeper is null in secret_secure_value"
grafana-1     | logger=secret-migrator t=2026-09-15T23:01:36.651500273Z level=info msg="Migration successfully executed" id="set secret_secure_value.keeper to 'system' where keeper is null in secret_secure_value" duration=87.359µs
grafana-1     | logger=secret-migrator t=2026-09-15T23:01:36.65231777Z level=info msg="Executing migration" id="drop my_row_id and add primary key with columns namespace,name,version to table secret_encrypted_value if my_row_id exists (auto-generated mysql column)"
grafana-1     | logger=secret-migrator t=2026-09-15T23:01:36.652431158Z level=warn msg="Skipping migration: Already executed, but not recorded in migration log" id="drop my_row_id and add primary key with columns namespace,name,version to table secret_encrypted_value if my_row_id exists (auto-generated mysql column)"
grafana-1     | logger=secret-migrator t=2026-09-15T23:01:36.653338818Z level=info msg="Executing migration" id="drop unique index UQE_secret_encrypted_value_namespace_name_version from secret_encrypted_value table if it exists (mysql)"
grafana-1     | logger=secret-migrator t=2026-09-15T23:01:36.653505354Z level=info msg="Migration successfully executed" id="drop unique index UQE_secret_encrypted_value_namespace_name_version from secret_encrypted_value table if it exists (mysql)" duration=166.176µs
grafana-1     | logger=secret-migrator t=2026-09-15T23:01:36.654382089Z level=info msg="Executing migration" id="add primary key with columns namespace,name,version to table secret_encrypted_value if it doesn't exist (mysql)"
grafana-1     | logger=secret-migrator t=2026-09-15T23:01:36.654397722Z level=info msg="Migration successfully executed" id="add primary key with columns namespace,name,version to table secret_encrypted_value if it doesn't exist (mysql)" duration=16.905µs
grafana-1     | logger=secret-migrator t=2026-09-15T23:01:36.6553515Z level=info msg="Executing migration" id="add primary key with columns namespace,name,version to table secret_encrypted_value (postgres and sqlite)"
grafana-1     | logger=secret-migrator t=2026-09-15T23:01:36.660112691Z level=info msg="Migration successfully executed" id="add primary key with columns namespace,name,version to table secret_encrypted_value (postgres and sqlite)" duration=4.761261ms
grafana-1     | logger=secret-migrator t=2026-09-15T23:01:36.661163283Z level=info msg="Executing migration" id="add gc_attempts to secret_secure_value table"
grafana-1     | logger=secret-migrator t=2026-09-15T23:01:36.662775413Z level=info msg="Migration successfully executed" id="add gc_attempts to secret_secure_value table" duration=1.613162ms
grafana-1     | logger=secret-migrator t=2026-09-15T23:01:36.663654802Z level=info msg="Executing migration" id="add lease_duration to secret_secure_value table"
grafana-1     | logger=secret-migrator t=2026-09-15T23:01:36.665290267Z level=info msg="Migration successfully executed" id="add lease_duration to secret_secure_value table" duration=1.637729ms
grafana-1     | logger=secret-migrator t=2026-09-15T23:01:36.666262854Z level=info msg="migrations completed" performed=35 skipped=0 duration=61.688743ms
grafana-1     | logger=resource-db t=2026-09-15T23:01:36.667653708Z level=info msg="Initializing Resource DB" db_type=sqlite3 open_conn=0 in_use_conn=0 idle_conn=0 max_open_conn=0
grafana-1     | logger=resource-migrator t=2026-09-15T23:01:36.66787894Z level=info msg="Starting DB migrations"
grafana-1     | logger=resource-migrator t=2026-09-15T23:01:36.669793428Z level=info msg="Executing migration" id="create resource_migration_log table"
grafana-1     | logger=resource-migrator t=2026-09-15T23:01:36.670117045Z level=info msg="Migration successfully executed" id="create resource_migration_log table" duration=321.655µs
grafana-1     | logger=resource-migrator t=2026-09-15T23:01:36.671408773Z level=info msg="Executing migration" id="Initialize resource tables"
grafana-1     | logger=resource-migrator t=2026-09-15T23:01:36.671425618Z level=info msg="Migration successfully executed" id="Initialize resource tables" duration=16.514µs
grafana-1     | logger=resource-migrator t=2026-09-15T23:01:36.672323204Z level=info msg="Executing migration" id="drop table resource"
grafana-1     | logger=resource-migrator t=2026-09-15T23:01:36.672380999Z level=info msg="Migration successfully executed" id="drop table resource" duration=58.326µs
grafana-1     | logger=resource-migrator t=2026-09-15T23:01:36.673389387Z level=info msg="Executing migration" id="create table resource"
grafana-1     | logger=resource-migrator t=2026-09-15T23:01:36.673761116Z level=info msg="Migration successfully executed" id="create table resource" duration=370.347µs
grafana-1     | logger=resource-migrator t=2026-09-15T23:01:36.674776856Z level=info msg="Executing migration" id="create table resource, index: 0"
grafana-1     | logger=resource-migrator t=2026-09-15T23:01:36.67521291Z level=info msg="Migration successfully executed" id="create table resource, index: 0" duration=436.174µs
grafana-1     | logger=resource-migrator t=2026-09-15T23:01:36.676104417Z level=info msg="Executing migration" id="drop table resource_history"
grafana-1     | logger=resource-migrator t=2026-09-15T23:01:36.676166508Z level=info msg="Migration successfully executed" id="drop table resource_history" duration=62.171µs
grafana-1     | logger=resource-migrator t=2026-09-15T23:01:36.677081299Z level=info msg="Executing migration" id="create table resource_history"
grafana-1     | logger=resource-migrator t=2026-09-15T23:01:36.677440239Z level=info msg="Migration successfully executed" id="create table resource_history" duration=358.659µs
grafana-1     | logger=resource-migrator t=2026-09-15T23:01:36.678550169Z level=info msg="Executing migration" id="create table resource_history, index: 0"
grafana-1     | logger=resource-migrator t=2026-09-15T23:01:36.678995827Z level=info msg="Migration successfully executed" id="create table resource_history, index: 0" duration=444.757µs
grafana-1     | logger=resource-migrator t=2026-09-15T23:01:36.680008592Z level=info msg="Executing migration" id="create table resource_history, index: 1"
grafana-1     | logger=resource-migrator t=2026-09-15T23:01:36.680391278Z level=info msg="Migration successfully executed" id="create table resource_history, index: 1" duration=381.804µs
grafana-1     | logger=resource-migrator t=2026-09-15T23:01:36.681409041Z level=info msg="Executing migration" id="drop table resource_version"
grafana-1     | logger=resource-migrator t=2026-09-15T23:01:36.681485744Z level=info msg="Migration successfully executed" id="drop table resource_version" duration=75.321µs
grafana-1     | logger=resource-migrator t=2026-09-15T23:01:36.682372243Z level=info msg="Executing migration" id="create table resource_version"
grafana-1     | logger=resource-migrator t=2026-09-15T23:01:36.682669472Z level=info msg="Migration successfully executed" id="create table resource_version" duration=295.486µs
grafana-1     | logger=resource-migrator t=2026-09-15T23:01:36.683542091Z level=info msg="Executing migration" id="create table resource_version, index: 0"
grafana-1     | logger=resource-migrator t=2026-09-15T23:01:36.683973197Z level=info msg="Migration successfully executed" id="create table resource_version, index: 0" duration=431.147µs
grafana-1     | logger=resource-migrator t=2026-09-15T23:01:36.684991281Z level=info msg="Executing migration" id="drop table resource_blob"
grafana-1     | logger=resource-migrator t=2026-09-15T23:01:36.685054054Z level=info msg="Migration successfully executed" id="drop table resource_blob" duration=62.563µs
grafana-1     | logger=resource-migrator t=2026-09-15T23:01:36.686011497Z level=info msg="Executing migration" id="create table resource_blob"
grafana-1     | logger=resource-migrator t=2026-09-15T23:01:36.68633135Z level=info msg="Migration successfully executed" id="create table resource_blob" duration=320.213µs
grafana-1     | logger=resource-migrator t=2026-09-15T23:01:36.687568877Z level=info msg="Executing migration" id="create table resource_blob, index: 0"
grafana-1     | logger=resource-migrator t=2026-09-15T23:01:36.687972273Z level=info msg="Migration successfully executed" id="create table resource_blob, index: 0" duration=402.704µs
grafana-1     | logger=resource-migrator t=2026-09-15T23:01:36.688991108Z level=info msg="Executing migration" id="create table resource_blob, index: 1"
grafana-1     | logger=resource-migrator t=2026-09-15T23:01:36.689373472Z level=info msg="Migration successfully executed" id="create table resource_blob, index: 1" duration=382.434µs
grafana-1     | logger=resource-migrator t=2026-09-15T23:01:36.690425997Z level=info msg="Executing migration" id="drop table resource_last_import_time"
grafana-1     | logger=resource-migrator t=2026-09-15T23:01:36.690497673Z level=info msg="Migration successfully executed" id="drop table resource_last_import_time" duration=71.336µs
grafana-1     | logger=resource-migrator t=2026-09-15T23:01:36.69134936Z level=info msg="Executing migration" id="create table resource_last_import_time"
grafana-1     | logger=resource-migrator t=2026-09-15T23:01:36.691663344Z level=info msg="Migration successfully executed" id="create table resource_last_import_time" duration=313.122µs
grafana-1     | logger=resource-migrator t=2026-09-15T23:01:36.692572397Z level=info msg="Executing migration" id="Add column previous_resource_version in resource_history"
grafana-1     | logger=resource-migrator t=2026-09-15T23:01:36.694368549Z level=info msg="Migration successfully executed" id="Add column previous_resource_version in resource_history" duration=1.795221ms
grafana-1     | logger=resource-migrator t=2026-09-15T23:01:36.695381665Z level=info msg="Executing migration" id="Add column previous_resource_version in resource"
grafana-1     | logger=resource-migrator t=2026-09-15T23:01:36.697073854Z level=info msg="Migration successfully executed" id="Add column previous_resource_version in resource" duration=1.691728ms
grafana-1     | logger=resource-migrator t=2026-09-15T23:01:36.697954956Z level=info msg="Executing migration" id="Add index to resource_history for polling"
grafana-1     | logger=resource-migrator t=2026-09-15T23:01:36.698419762Z level=info msg="Migration successfully executed" id="Add index to resource_history for polling" duration=464.727µs
grafana-1     | logger=resource-migrator t=2026-09-15T23:01:36.699410986Z level=info msg="Executing migration" id="Add index to resource for loading"
grafana-1     | logger=resource-migrator t=2026-09-15T23:01:36.699834191Z level=info msg="Migration successfully executed" id="Add index to resource for loading" duration=422.754µs
grafana-1     | logger=resource-migrator t=2026-09-15T23:01:36.701162392Z level=info msg="Executing migration" id="Add column folder in resource_history"
grafana-1     | logger=resource-migrator t=2026-09-15T23:01:36.702871186Z level=info msg="Migration successfully executed" id="Add column folder in resource_history" duration=1.707702ms
grafana-1     | logger=resource-migrator t=2026-09-15T23:01:36.703787179Z level=info msg="Executing migration" id="Add column folder in resource"
grafana-1     | logger=resource-migrator t=2026-09-15T23:01:36.705424036Z level=info msg="Migration successfully executed" id="Add column folder in resource" duration=1.636787ms
grafana-1     | logger=resource-migrator t=2026-09-15T23:01:36.706400619Z level=info msg="Executing migration" id="Migrate DeletionMarkers to real Resource objects"
grafana-1     | logger=deletion-marker-migrator t=2026-09-15T23:01:36.706424214Z level=info msg="finding any deletion markers"
grafana-1     | logger=resource-migrator t=2026-09-15T23:01:36.706594806Z level=info msg="Migration successfully executed" id="Migrate DeletionMarkers to real Resource objects" duration=194.908µs
grafana-1     | logger=resource-migrator t=2026-09-15T23:01:36.707465792Z level=info msg="Executing migration" id="Add index to resource_history for get trash"
grafana-1     | logger=resource-migrator t=2026-09-15T23:01:36.707886453Z level=info msg="Migration successfully executed" id="Add index to resource_history for get trash" duration=419.72µs
grafana-1     | logger=resource-migrator t=2026-09-15T23:01:36.708917115Z level=info msg="Executing migration" id="Add generation to resource history"
grafana-1     | logger=resource-migrator t=2026-09-15T23:01:36.710603255Z level=info msg="Migration successfully executed" id="Add generation to resource history" duration=1.68583ms
grafana-1     | logger=resource-migrator t=2026-09-15T23:01:36.711617874Z level=info msg="Executing migration" id="Add generation index to resource history"
grafana-1     | logger=resource-migrator t=2026-09-15T23:01:36.712035671Z level=info msg="Migration successfully executed" id="Add generation index to resource history" duration=416.615µs
grafana-1     | logger=resource-migrator t=2026-09-15T23:01:36.712921599Z level=info msg="Executing migration" id="Add UQE_resource_last_import_time_last_import_time index"
grafana-1     | logger=resource-migrator t=2026-09-15T23:01:36.713353016Z level=info msg="Migration successfully executed" id="Add UQE_resource_last_import_time_last_import_time index" duration=431.347µs
grafana-1     | logger=resource-migrator t=2026-09-15T23:01:36.714508583Z level=info msg="Executing migration" id="Add key_path column to resource_history"
grafana-1     | logger=resource-migrator t=2026-09-15T23:01:36.71620638Z level=info msg="Migration successfully executed" id="Add key_path column to resource_history" duration=1.696736ms
grafana-1     | logger=resource-migrator t=2026-09-15T23:01:36.717889225Z level=info msg="Executing migration" id="create table resource_events"
grafana-1     | logger=resource-migrator t=2026-09-15T23:01:36.718214996Z level=info msg="Migration successfully executed" id="create table resource_events" duration=325.611µs
grafana-1     | logger=resource-migrator t=2026-09-15T23:01:36.719611859Z level=info msg="Executing migration" id="Add IDX_resource_history_key_path index"
grafana-1     | logger=resource-migrator t=2026-09-15T23:01:36.720003598Z level=info msg="Migration successfully executed" id="Add IDX_resource_history_key_path index" duration=392.58µs
grafana-1     | logger=resource-migrator t=2026-09-15T23:01:36.721147186Z level=info msg="Executing migration" id="drop my_row_id and add primary key with columns group,resource to table resource_version if my_row_id exists (auto-generated mysql column)"
grafana-1     | logger=resource-migrator t=2026-09-15T23:01:36.721260955Z level=warn msg="Skipping migration: Already executed, but not recorded in migration log" id="drop my_row_id and add primary key with columns group,resource to table resource_version if my_row_id exists (auto-generated mysql column)"
grafana-1     | logger=resource-migrator t=2026-09-15T23:01:36.722385345Z level=info msg="Executing migration" id="drop unique index UQE_resource_version_group_resource from resource_version table if it exists (mysql)"
grafana-1     | logger=resource-migrator t=2026-09-15T23:01:36.722555286Z level=info msg="Migration successfully executed" id="drop unique index UQE_resource_version_group_resource from resource_version table if it exists (mysql)" duration=169.851µs
grafana-1     | logger=resource-migrator t=2026-09-15T23:01:36.723616293Z level=info msg="Executing migration" id="add primary key with columns group,resource to table resource_version if it doesn't exist (mysql)"
grafana-1     | logger=resource-migrator t=2026-09-15T23:01:36.723633809Z level=info msg="Migration successfully executed" id="add primary key with columns group,resource to table resource_version if it doesn't exist (mysql)" duration=18.357µs
grafana-1     | logger=resource-migrator t=2026-09-15T23:01:36.724614046Z level=info msg="Executing migration" id="add primary key with columns group,resource to table resource_version (postgres and sqlite)"
grafana-1     | logger=resource-migrator t=2026-09-15T23:01:36.729555374Z level=info msg="Migration successfully executed" id="add primary key with columns group,resource to table resource_version (postgres and sqlite)" duration=4.940266ms
grafana-1     | logger=resource-migrator t=2026-09-15T23:01:36.731020888Z level=info msg="Executing migration" id="Change key_path collation of resource_history in postgres"
grafana-1     | logger=resource-migrator t=2026-09-15T23:01:36.731038364Z level=info msg="Migration successfully executed" id="Change key_path collation of resource_history in postgres" duration=18.046µs
grafana-1     | logger=resource-migrator t=2026-09-15T23:01:36.732283042Z level=info msg="Executing migration" id="Change key_path collation of resource_events in postgres"
grafana-1     | logger=resource-migrator t=2026-09-15T23:01:36.732300788Z level=info msg="Migration successfully executed" id="Change key_path collation of resource_events in postgres" duration=16.665µs
grafana-1     | logger=resource-migrator t=2026-09-15T23:01:36.733619516Z level=info msg="Executing migration" id="resource_history key_path backfill"
grafana-1     | logger=resource-migrator t=2026-09-15T23:01:36.733911767Z level=info msg="Migration successfully executed" id="resource_history key_path backfill" duration=291.671µs
grafana-1     | logger=resource-migrator t=2026-09-15T23:01:36.735043178Z level=info msg="Executing migration" id="Add index to resource_history for garbage collection"
grafana-1     | logger=resource-migrator t=2026-09-15T23:01:36.735415738Z level=info msg="Migration successfully executed" id="Add index to resource_history for garbage collection" duration=373.01µs
grafana-1     | logger=resource-migrator t=2026-09-15T23:01:36.736564435Z level=info msg="Executing migration" id="Fix small resource versions"
grafana-1     | logger=resource-migrator t=2026-09-15T23:01:36.736725352Z level=info msg="Migration successfully executed" id="Fix small resource versions" duration=162.019µs
grafana-1     | logger=resource-migrator t=2026-09-15T23:01:36.737814561Z level=info msg="Executing migration" id="create table pending_tenant_deletions"
grafana-1     | logger=resource-migrator t=2026-09-15T23:01:36.738160001Z level=info msg="Migration successfully executed" id="create table pending_tenant_deletions" duration=344.919µs
grafana-1     | logger=resource-migrator t=2026-09-15T23:01:36.739133258Z level=info msg="Executing migration" id="Change key_path collation of pending_tenant_deletions in postgres"
grafana-1     | logger=resource-migrator t=2026-09-15T23:01:36.739150223Z level=info msg="Migration successfully executed" id="Change key_path collation of pending_tenant_deletions in postgres" duration=17.226µs
grafana-1     | logger=resource-migrator t=2026-09-15T23:01:36.740060447Z level=info msg="Executing migration" id="create table kv_leases"
grafana-1     | logger=resource-migrator t=2026-09-15T23:01:36.740365318Z level=info msg="Migration successfully executed" id="create table kv_leases" duration=304.62µs
grafana-1     | logger=resource-migrator t=2026-09-15T23:01:36.741456629Z level=info msg="Executing migration" id="Change key_path collation of kv_leases in postgres"
grafana-1     | logger=resource-migrator t=2026-09-15T23:01:36.741475427Z level=info msg="Migration successfully executed" id="Change key_path collation of kv_leases in postgres" duration=18.908µs
grafana-1     | logger=resource-migrator t=2026-09-15T23:01:36.742363719Z level=info msg="Executing migration" id="create table search_snapshot_manifest"
grafana-1     | logger=resource-migrator t=2026-09-15T23:01:36.742665975Z level=info msg="Migration successfully executed" id="create table search_snapshot_manifest" duration=301.445µs
grafana-1     | logger=resource-migrator t=2026-09-15T23:01:36.743581938Z level=info msg="Executing migration" id="Change key_path collation of search_snapshot_manifest in postgres"
grafana-1     | logger=resource-migrator t=2026-09-15T23:01:36.743599444Z level=info msg="Migration successfully executed" id="Change key_path collation of search_snapshot_manifest in postgres" duration=17.536µs
grafana-1     | logger=resource-migrator t=2026-09-15T23:01:36.744564038Z level=info msg="Executing migration" id="create table search_snapshot_data"
grafana-1     | logger=resource-migrator t=2026-09-15T23:01:36.744884792Z level=info msg="Migration successfully executed" id="create table search_snapshot_data" duration=319.372µs
grafana-1     | logger=resource-migrator t=2026-09-15T23:01:36.74581082Z level=info msg="Executing migration" id="Change key_path collation of search_snapshot_data in postgres"
grafana-1     | logger=resource-migrator t=2026-09-15T23:01:36.745827244Z level=info msg="Migration successfully executed" id="Change key_path collation of search_snapshot_data in postgres" duration=16.414µs
grafana-1     | logger=resource-migrator t=2026-09-15T23:01:36.746666012Z level=info msg="Executing migration" id="create table resource_stats_daily"
grafana-1     | logger=resource-migrator t=2026-09-15T23:01:36.746977282Z level=info msg="Migration successfully executed" id="create table resource_stats_daily" duration=310.108µs
grafana-1     | logger=resource-migrator t=2026-09-15T23:01:36.748127501Z level=info msg="Executing migration" id="Change key_path collation of resource_stats_daily in postgres"
grafana-1     | logger=resource-migrator t=2026-09-15T23:01:36.748144736Z level=info msg="Migration successfully executed" id="Change key_path collation of resource_stats_daily in postgres" duration=16.995µs
grafana-1     | logger=resource-migrator t=2026-09-15T23:01:36.749464656Z level=info msg="Executing migration" id="create table resource_stats_aggregates"
grafana-1     | logger=resource-migrator t=2026-09-15T23:01:36.749790777Z level=info msg="Migration successfully executed" id="create table resource_stats_aggregates" duration=326.262µs
grafana-1     | logger=resource-migrator t=2026-09-15T23:01:36.750776934Z level=info msg="Executing migration" id="Change key_path collation of resource_stats_aggregates in postgres"
grafana-1     | logger=resource-migrator t=2026-09-15T23:01:36.750795932Z level=info msg="Migration successfully executed" id="Change key_path collation of resource_stats_aggregates in postgres" duration=19.108µs
grafana-1     | logger=resource-migrator t=2026-09-15T23:01:36.751847014Z level=info msg="Executing migration" id="create table resource_version_policy"
grafana-1     | logger=resource-migrator t=2026-09-15T23:01:36.752179565Z level=info msg="Migration successfully executed" id="create table resource_version_policy" duration=332.301µs
grafana-1     | logger=resource-migrator t=2026-09-15T23:01:36.753301762Z level=info msg="Executing migration" id="Change key_path collation of resource_version_policy in postgres"
grafana-1     | logger=resource-migrator t=2026-09-15T23:01:36.753319899Z level=info msg="Migration successfully executed" id="Change key_path collation of resource_version_policy in postgres" duration=17.987µs
grafana-1     | logger=resource-migrator t=2026-09-15T23:01:36.754401817Z level=info msg="migrations completed" performed=55 skipped=0 duration=84.641348ms
grafana-1     | t=2026-09-15T23:01:36.75468131Z level=info caller=logger.go:214 time=2026-09-15T23:01:36.754667239Z msg="Using channel notifier" logger=sql-resource-server
grafana-1     | logger=resource-search t=2026-09-15T23:01:36.755253935Z level=info msg="search index initialized" duration_secs=0 total_docs=0
grafana-1     | logger=unifiedstorage-migrator t=2026-09-15T23:01:36.75940107Z level=info msg="Starting DB migrations"
grafana-1     | logger=unifiedstorage-migrator t=2026-09-15T23:01:36.759639181Z level=info msg="Executing migration" id="create unifiedstorage_migration_log table"
grafana-1     | logger=unifiedstorage-migrator t=2026-09-15T23:01:36.759928539Z level=info msg="Migration successfully executed" id="create unifiedstorage_migration_log table" duration=289.147µs
grafana-1     | logger=unifiedstorage-migrator t=2026-09-15T23:01:36.761031187Z level=info msg="migrations completed" performed=1 skipped=0 duration=1.419837ms
grafana-1     | logger=storage.unified.migrations t=2026-09-15T23:01:36.761218183Z level=info msg="Running migrations for unified storage"
grafana-1     | logger=storage.unified.migrations t=2026-09-15T23:01:36.761277921Z level=info msg="Migration is disabled in config, skipping" migration=snapshots
grafana-1     | logger=storage.unified.migrations t=2026-09-15T23:01:36.761285513Z level=info msg="Migration is disabled in config, skipping" migration=datasource
grafana-1     | logger=storage.unified.migrations t=2026-09-15T23:01:36.761289058Z level=info msg="Migration is disabled in config, skipping" migration=stars
grafana-1     | logger=storage.unified.migrations t=2026-09-15T23:01:36.761292242Z level=info msg="Migration is disabled in config, skipping" migration=preferences
grafana-1     | logger=storage.unified.migrations t=2026-09-15T23:01:36.761295097Z level=info msg="Migration is disabled in config, skipping" migration=querycacheconfigs
grafana-1     | logger=unifiedstorage-migrator t=2026-09-15T23:01:36.761300405Z level=info msg="Starting DB migrations"
grafana-1     | logger=unifiedstorage-migrator t=2026-09-15T23:01:36.761512708Z level=info msg="Executing migration" id="folders and dashboards migration"
grafana-1     | logger=storage.unified.migration_runner.folders-dashboards t=2026-09-15T23:01:36.761615981Z level=info msg="Starting migration for all organizations" org_count=1 resources="[folders.folder.grafana.app dashboards.dashboard.grafana.app]"
grafana-1     | logger=storage.unified.migration_runner.folders-dashboards t=2026-09-15T23:01:36.76175789Z level=info msg="Stored migrator transaction in context for bulk operations (SQLite compatibility)"
grafana-1     | logger=storage.unified.migration_runner.folders-dashboards t=2026-09-15T23:01:36.761769698Z level=info msg="Migrating organization" org_id=1 namespace=default
grafana-1     | logger=storage.unified.migrator t=2026-09-15T23:01:36.761839481Z level=info msg="start migrating legacy resources" namespace=default orgId=1 stackId=0
grafana-1     | logger=storage.unified.migration_runner.folders-dashboards t=2026-09-15T23:01:36.761849015Z level=info msg="Migration progress" org_id=1 count=-1 message="migrating folders..."
grafana-1     | t=2026-09-15T23:01:36.762168496Z level=info caller=logger.go:214 time=2026-09-15T23:01:36.762162948Z msg="Using SQLite transaction from client context" logger=sql-resource-server
grafana-1     | logger=storage.unified.migration_runner.folders-dashboards t=2026-09-15T23:01:36.764338105Z level=info msg="Migration progress" org_id=1 count=-2 message="finished folders... (0)"
grafana-1     | logger=storage.unified.migration_runner.folders-dashboards t=2026-09-15T23:01:36.764364173Z level=info msg="Migration progress" org_id=1 count=-1 message="migrating dashboards..."
grafana-1     | logger=storage.unified.migration_runner.folders-dashboards t=2026-09-15T23:01:36.764613381Z level=info msg="Migration progress" org_id=1 count=-2 message="finished dashboards... (0)"
grafana-1     | logger=storage.unified.migrator t=2026-09-15T23:01:36.764630737Z level=info msg="finished migrating legacy resources" namespace=default orgId=1 stackId=0
grafana-1     | t=2026-09-15T23:01:36.764665909Z level=info caller=logger.go:214 time=2026-09-15T23:01:36.764656996Z msg="synchronize collection" key=default/folder.grafana.app/folders
grafana-1     | t=2026-09-15T23:01:36.76531665Z level=info caller=logger.go:214 time=2026-09-15T23:01:36.76530979Z msg="get stats (still in transaction)" key=default/folder.grafana.app/folders
grafana-1     | t=2026-09-15T23:01:36.76611547Z level=info caller=logger.go:214 time=2026-09-15T23:01:36.76610934Z msg="successfully locked RV" logger=sql-resource-server nextRV=1789513296765008 key=default/folder.grafana.app/folders
grafana-1     | t=2026-09-15T23:01:36.766253373Z level=info caller=logger.go:214 time=2026-09-15T23:01:36.766247004Z msg="successfully saved RV" logger=sql-resource-server rv=1789513296765008 key=default/folder.grafana.app/folders
grafana-1     | t=2026-09-15T23:01:36.766519076Z level=info caller=logger.go:214 time=2026-09-15T23:01:36.766513738Z msg="synchronize collection" key=default/dashboard.grafana.app/dashboards
grafana-1     | t=2026-09-15T23:01:36.767124119Z level=info caller=logger.go:214 time=2026-09-15T23:01:36.767118621Z msg="get stats (still in transaction)" key=default/dashboard.grafana.app/dashboards
grafana-1     | t=2026-09-15T23:01:36.768057237Z level=info caller=logger.go:214 time=2026-09-15T23:01:36.768047873Z msg="successfully locked RV" logger=sql-resource-server nextRV=1789513296766980 key=default/dashboard.grafana.app/dashboards
grafana-1     | t=2026-09-15T23:01:36.768253918Z level=info caller=logger.go:214 time=2026-09-15T23:01:36.768246256Z msg="successfully saved RV" logger=sql-resource-server rv=1789513296766980 key=default/dashboard.grafana.app/dashboards
grafana-1     | logger=storage.unified.migrator namespace=default orgId=1 resources="[folders.folder.grafana.app dashboards.dashboard.grafana.app]" t=2026-09-15T23:01:36.772993712Z level=info msg="start rebuilding index for resources"
grafana-1     | logger=storage.unified.migrator namespace=default orgId=1 resources="[folders.folder.grafana.app dashboards.dashboard.grafana.app]" t=2026-09-15T23:01:36.773490977Z level=info msg="finished rebuilding index for resources" attempts=1
grafana-1     | logger=storage.unified.migration_runner.folders-dashboards t=2026-09-15T23:01:36.773664253Z level=info msg="Count validation" resource=folders.folder.grafana.app namespace=default legacy_count=0 unified_count=0 migration_summary_count=0 rejected=0 history=0
grafana-1     | logger=storage.unified.migration_runner.folders-dashboards t=2026-09-15T23:01:36.77383142Z level=info msg="Count validation" resource=dashboards.dashboard.grafana.app namespace=default legacy_count=0 unified_count=0 migration_summary_count=0 rejected=0 history=0
grafana-1     | logger=storage.unified.migration_runner.folders-dashboards t=2026-09-15T23:01:36.773986278Z level=info msg="Folder tree structure validation passed" folder_count=0 namespace=default
grafana-1     | logger=storage.unified.migration_runner.folders-dashboards t=2026-09-15T23:01:36.774004145Z level=info msg="Migration completed for organization" org_id=1 duration=12.218413ms processed=0 summaries=2 rejected=0
grafana-1     | logger=storage.unified.migration_runner.folders-dashboards t=2026-09-15T23:01:36.774020098Z level=info msg="Migration completed successfully for all organizations" org_count=1
grafana-1     | logger=unifiedstorage-migrator t=2026-09-15T23:01:36.774028711Z level=info msg="Migration successfully executed" id="folders and dashboards migration" duration=12.515361ms
grafana-1     | logger=unifiedstorage-migrator t=2026-09-15T23:01:36.775297635Z level=info msg="Executing migration" id="playlists migration"
grafana-1     | logger=storage.unified.migration_runner.playlists t=2026-09-15T23:01:36.775421227Z level=info msg="Starting migration for all organizations" org_count=1 resources=[playlists.playlist.grafana.app]
grafana-1     | logger=storage.unified.migration_runner.playlists t=2026-09-15T23:01:36.775446695Z level=info msg="Stored migrator transaction in context for bulk operations (SQLite compatibility)"
grafana-1     | logger=storage.unified.migration_runner.playlists t=2026-09-15T23:01:36.775566041Z level=info msg="Migration is not required, the legacy SQL table does not exist" table=playlist
grafana-1     | logger=unifiedstorage-migrator t=2026-09-15T23:01:36.775579862Z level=info msg="Migration successfully executed" id="playlists migration" duration=282.577µs
grafana-1     | logger=unifiedstorage-migrator t=2026-09-15T23:01:36.776429807Z level=info msg="Executing migration" id="shorturls migration"
grafana-1     | logger=storage.unified.migration_runner.shorturls t=2026-09-15T23:01:36.776554441Z level=info msg="Starting migration for all organizations" org_count=1 resources=[shorturls.shorturl.grafana.app]
grafana-1     | logger=storage.unified.migration_runner.shorturls t=2026-09-15T23:01:36.776582522Z level=info msg="Stored migrator transaction in context for bulk operations (SQLite compatibility)"
grafana-1     | logger=storage.unified.migration_runner.shorturls t=2026-09-15T23:01:36.776936856Z level=info msg="Migrating organization" org_id=1 namespace=default
grafana-1     | logger=storage.unified.migrator t=2026-09-15T23:01:36.776987981Z level=info msg="start migrating legacy resources" namespace=default orgId=1 stackId=0
grafana-1     | logger=storage.unified.migration_runner.shorturls t=2026-09-15T23:01:36.777087498Z level=info msg="Migration progress" org_id=1 count=-1 message="migrating short URLs..."
grafana-1     | t=2026-09-15T23:01:36.777133511Z level=info caller=logger.go:214 time=2026-09-15T23:01:36.777123566Z msg="Using SQLite transaction from client context" logger=sql-resource-server
grafana-1     | logger=storage.unified.migration_runner.shorturls t=2026-09-15T23:01:36.777314273Z level=info msg="Migration progress" org_id=1 count=0 message="finished reading legacy short URLs from legacy short_url table in 207.486µs (0)"
grafana-1     | logger=storage.unified.migration_runner.shorturls t=2026-09-15T23:01:36.777347853Z level=info msg="Migration progress" org_id=1 count=0 message="finished converting legacy short URLs to unified storage format in 0s (0)"
grafana-1     | logger=storage.unified.migration_runner.shorturls t=2026-09-15T23:01:36.777431977Z level=info msg="Migration progress" org_id=1 count=0 message="finished writing short URLs to unified storage in 0s (0)"
grafana-1     | logger=storage.unified.migration_runner.shorturls t=2026-09-15T23:01:36.777445047Z level=info msg="Migration progress" org_id=1 count=-2 message="finished short URLs... (0)"
grafana-1     | logger=storage.unified.migrator t=2026-09-15T23:01:36.777500739Z level=info msg="finished migrating legacy resources" namespace=default orgId=1 stackId=0
grafana-1     | t=2026-09-15T23:01:36.777537443Z level=info caller=logger.go:214 time=2026-09-15T23:01:36.77752866Z msg="synchronize collection" key=default/shorturl.grafana.app/shorturls
grafana-1     | t=2026-09-15T23:01:36.778182556Z level=info caller=logger.go:214 time=2026-09-15T23:01:36.778177018Z msg="get stats (still in transaction)" key=default/shorturl.grafana.app/shorturls
grafana-1     | t=2026-09-15T23:01:36.778898563Z level=info caller=logger.go:214 time=2026-09-15T23:01:36.778890562Z msg="successfully locked RV" logger=sql-resource-server nextRV=1789513296778003 key=default/shorturl.grafana.app/shorturls
grafana-1     | t=2026-09-15T23:01:36.779039181Z level=info caller=logger.go:214 time=2026-09-15T23:01:36.779030759Z msg="successfully saved RV" logger=sql-resource-server rv=1789513296778003 key=default/shorturl.grafana.app/shorturls
grafana-1     | logger=storage.unified.migrator namespace=default orgId=1 resources=[shorturls.shorturl.grafana.app] t=2026-09-15T23:01:36.779259907Z level=info msg="start rebuilding index for resources"
grafana-1     | logger=storage.unified.migrator namespace=default orgId=1 resources=[shorturls.shorturl.grafana.app] t=2026-09-15T23:01:36.779502115Z level=info msg="finished rebuilding index for resources" attempts=1
grafana-1     | logger=storage.unified.migration_runner.shorturls t=2026-09-15T23:01:36.779632327Z level=info msg="Count validation" resource=shorturls.shorturl.grafana.app namespace=default legacy_count=0 unified_count=0 migration_summary_count=0 rejected=0 history=0
grafana-1     | logger=storage.unified.migration_runner.shorturls t=2026-09-15T23:01:36.779646848Z level=info msg="Migration completed for organization" org_id=1 duration=2.693118ms processed=0 summaries=1 rejected=0
grafana-1     | logger=storage.unified.migrations t=2026-09-15T23:01:36.779863709Z level=info msg="renaming legacy table" table=short_url newName=short_url_legacy sql="ALTER TABLE `short_url` RENAME TO `short_url_legacy`"
grafana-1     | logger=storage.unified.migration_runner.shorturls t=2026-09-15T23:01:36.784659061Z level=info msg="Migration completed successfully for all organizations" org_count=1
grafana-1     | logger=unifiedstorage-migrator t=2026-09-15T23:01:36.784674654Z level=info msg="Migration successfully executed" id="shorturls migration" duration=8.245067ms
grafana-1     | logger=unifiedstorage-migrator t=2026-09-15T23:01:36.785905391Z level=info msg="migrations completed" performed=3 skipped=1 duration=24.415917ms
grafana-1     | logger=storage.unified.migrations t=2026-09-15T23:01:36.786095752Z level=info msg="Unified storage migrations completed successfully"
grafana-1     | logger=live.push_http t=2026-09-15T23:01:36.791565955Z level=info msg="Live Push Gateway initialization"
grafana-1     | logger=ngalert.notifier t=2026-09-15T23:01:36.792660952Z level=info component=alertmanager orgID=1 msg="template definitions loaded" mimir=0 grafana=0 total=0 maxTemplateOutput=10485760
grafana-1     | logger=ngalert.notifier component=alertmanager orgID=1 t=2026-09-15T23:01:36.795457652Z level=info msg="Applying new configuration to Alertmanager" configHash="{12383335334731491449 16454292769479786371 11535544170606148457 1343157387507078592 10278876130067529486 4613426124549341787 5144611013662998819}"
grafana-1     | logger=ngalert.notifier t=2026-09-15T23:01:36.795479805Z level=info component=alertmanager orgID=1 msg="template definitions loaded" mimir=0 grafana=0 total=0 maxTemplateOutput=10485760
grafana-1     | logger=ngalert.writer t=2026-09-15T23:01:36.800064756Z level=info msg="Setting up remote write using data sources" timeout=30s default_datasource_uid=
grafana-1     | logger=ngalert.state.manager.persist t=2026-09-15T23:01:36.800136211Z level=info msg="Using sync rule state persister"
grafana-1     | logger=query_data t=2026-09-15T23:01:36.800886269Z level=info msg="Query Service initialization"
grafana-1     | logger=annotation.app t=2026-09-15T23:01:36.827490498Z level=info msg="Annotation cleanup disabled (no retention TTL configured)"
grafana-1     | logger=infra.usagestats.collector t=2026-09-15T23:01:36.829264267Z level=info msg="registering usage stat providers" usageStatsProvidersLen=2
grafana-1     | logger=backgroundsvcs.managerAdapter t=2026-09-15T23:01:37.021456842Z level=info msg=starting module=*sqlstore.SQLStore
grafana-1     | logger=backgroundsvcs.managerAdapter t=2026-09-15T23:01:37.021618371Z level=info msg=starting module=tracing
grafana-1     | logger=backgroundsvcs.managerAdapter t=2026-09-15T23:01:37.021680743Z level=info msg=starting module=grafana-apiserver
grafana-1     | logger=grafana-apiserver t=2026-09-15T23:01:37.440505175Z level=info msg="Adding GroupVersion userstorage.grafana.app v0alpha1 to ResourceManager"
grafana-1     | logger=grafana-apiserver t=2026-09-15T23:01:37.441258217Z level=info msg="Adding GroupVersion preferences.grafana.app v1 to ResourceManager"
grafana-1     | logger=grafana-apiserver t=2026-09-15T23:01:37.441500545Z level=info msg="Adding GroupVersion preferences.grafana.app v1alpha1 to ResourceManager"
grafana-1     | logger=grafana-apiserver t=2026-09-15T23:01:37.442129033Z level=info msg="Adding GroupVersion collections.grafana.app v1alpha1 to ResourceManager"
grafana-1     | t=2026-09-15T23:01:37.442239136Z level=info caller=logger.go:214 time=2026-09-15T23:01:37.442231064Z msg="Zanzana is not enabled; skipping folder propagation hooks"
grafana-1     | t=2026-09-15T23:01:37.442268689Z level=info caller=logger.go:214 time=2026-09-15T23:01:37.442264633Z msg="Zanzana is not enabled; skipping folder propagation hooks"
grafana-1     | logger=grafana-apiserver t=2026-09-15T23:01:37.442877238Z level=info msg="Adding GroupVersion folder.grafana.app v1 to ResourceManager"
grafana-1     | logger=grafana-apiserver t=2026-09-15T23:01:37.443229608Z level=info msg="Adding GroupVersion folder.grafana.app v1beta1 to ResourceManager"
grafana-1     | logger=grafana-apiserver t=2026-09-15T23:01:37.445861926Z level=info msg="Adding GroupVersion provisioning.grafana.app v0alpha1 to ResourceManager"
grafana-1     | logger=grafana-apiserver t=2026-09-15T23:01:37.447453226Z level=info msg="Adding GroupVersion provisioning.grafana.app v1beta1 to ResourceManager"
grafana-1     | logger=grafana-apiserver t=2026-09-15T23:01:37.447687822Z level=info msg="Adding GroupVersion features.grafana.app v0alpha1 to ResourceManager"
grafana-1     | logger=grafana-apiserver t=2026-09-15T23:01:37.451778984Z level=info msg="Adding GroupVersion dashboard.grafana.app v2 to ResourceManager"
grafana-1     | logger=grafana-apiserver t=2026-09-15T23:01:37.452539187Z level=info msg="Adding GroupVersion dashboard.grafana.app v2beta1 to ResourceManager"
grafana-1     | logger=grafana-apiserver t=2026-09-15T23:01:37.452830126Z level=info msg="Adding GroupVersion dashboard.grafana.app v2alpha1 to ResourceManager"
grafana-1     | logger=grafana-apiserver t=2026-09-15T23:01:37.453259931Z level=info msg="Adding GroupVersion dashboard.grafana.app v0alpha1 to ResourceManager"
grafana-1     | logger=grafana-apiserver t=2026-09-15T23:01:37.453546224Z level=info msg="Adding GroupVersion dashboard.grafana.app v1 to ResourceManager"
grafana-1     | logger=grafana-apiserver t=2026-09-15T23:01:37.453816573Z level=info msg="Adding GroupVersion dashboard.grafana.app v1beta1 to ResourceManager"
grafana-1     | logger=grafana-apiserver t=2026-09-15T23:01:37.454467294Z level=info msg="Adding GroupVersion playlist.grafana.app v1 to ResourceManager"
grafana-1     | logger=grafana-apiserver t=2026-09-15T23:01:37.454909968Z level=info msg="Adding GroupVersion playlist.grafana.app v0alpha1 to ResourceManager"
grafana-1     | t=2026-09-15T23:01:37.454983236Z level=info caller=logger.go:214 time=2026-09-15T23:01:37.454971439Z msg="Installed APIs for app" app=playlist
grafana-1     | logger=grafana-apiserver t=2026-09-15T23:01:37.455994309Z level=info msg="Adding GroupVersion plugins.grafana.app v0alpha1 to ResourceManager"
grafana-1     | t=2026-09-15T23:01:37.456064873Z level=info caller=logger.go:214 time=2026-09-15T23:01:37.456058324Z msg="Installed APIs for app" app=plugins
grafana-1     | logger=grafana-apiserver t=2026-09-15T23:01:37.456853618Z level=info msg="Adding GroupVersion example.grafana.app v1alpha1 to ResourceManager"
grafana-1     | logger=grafana-apiserver t=2026-09-15T23:01:37.457242623Z level=info msg="Adding GroupVersion example.grafana.app v0alpha1 to ResourceManager"
grafana-1     | t=2026-09-15T23:01:37.457343031Z level=info caller=logger.go:214 time=2026-09-15T23:01:37.457338053Z msg="Installed APIs for app" app=example
grafana-1     | logger=grafana-apiserver t=2026-09-15T23:01:37.45739018Z level=info msg="Skipping API quotas.grafana.app/v0alpha1 because it has no resources."
grafana-1     | t=2026-09-15T23:01:37.457495396Z level=info caller=logger.go:214 time=2026-09-15T23:01:37.457491781Z msg="Installed APIs for app" app=quotas
grafana-1     | logger=storage.unified.migrations t=2026-09-15T23:01:37.457700208Z level=info msg="Resolved storage mode from migration log" resource=shorturls.shorturl.grafana.app mode=unified
grafana-1     | logger=grafana-apiserver t=2026-09-15T23:01:37.458341525Z level=info msg="Adding GroupVersion shorturl.grafana.app v1beta1 to ResourceManager"
grafana-1     | t=2026-09-15T23:01:37.458413552Z level=info caller=logger.go:214 time=2026-09-15T23:01:37.458407232Z msg="Installed APIs for app" app=shorturl
grafana-1     | t=2026-09-15T23:01:37.458556192Z level=warn caller=logger.go:224 time=2026-09-15T23:01:37.458550053Z msg="skipped registering status sub-resource that does not support dual writing" resource=alertrules.rules.alerting.grafana.app version=v0alpha1 storagePath=alertrules/status
grafana-1     | t=2026-09-15T23:01:37.458574159Z level=warn caller=logger.go:224 time=2026-09-15T23:01:37.458569853Z msg="skipped registering status sub-resource that does not support dual writing" resource=recordingrules.rules.alerting.grafana.app version=v0alpha1 storagePath=recordingrules/status
grafana-1     | logger=grafana-apiserver t=2026-09-15T23:01:37.45989504Z level=info msg="Adding GroupVersion rules.alerting.grafana.app v0alpha1 to ResourceManager"
grafana-1     | t=2026-09-15T23:01:37.45999702Z level=info caller=logger.go:214 time=2026-09-15T23:01:37.459991973Z msg="Installed APIs for app" app=alerting
grafana-1     | logger=grafana-apiserver t=2026-09-15T23:01:37.461971336Z level=info msg="Adding GroupVersion notifications.alerting.grafana.app v1beta1 to ResourceManager"
grafana-1     | logger=grafana-apiserver t=2026-09-15T23:01:37.463243385Z level=info msg="Adding GroupVersion notifications.alerting.grafana.app v0alpha1 to ResourceManager"
grafana-1     | t=2026-09-15T23:01:37.463374548Z level=info caller=logger.go:214 time=2026-09-15T23:01:37.463369701Z msg="Installed APIs for app" app=alerting-notifications
grafana-1     | logger=grafana-apiserver t=2026-09-15T23:01:37.464426442Z level=info msg="Adding GroupVersion advisor.grafana.app v0alpha1 to ResourceManager"
grafana-1     | t=2026-09-15T23:01:37.464542373Z level=info caller=logger.go:214 time=2026-09-15T23:01:37.464537866Z msg="Installed APIs for app" app=advisor
grafana-1     | t=2026-09-15T23:01:37.904248899Z level=info caller=logger.go:214 time=2026-09-15T23:01:37.904233476Z msg="App initialized" app=shorturl
grafana-1     | t=2026-09-15T23:01:37.904293855Z level=info caller=logger.go:214 time=2026-09-15T23:01:37.904285954Z msg="App initialized" app=alerting-notifications
grafana-1     | t=2026-09-15T23:01:37.904367053Z level=info caller=logger.go:214 time=2026-09-15T23:01:37.904362357Z msg="App initialized" app=plugins
grafana-1     | t=2026-09-15T23:01:37.90439192Z level=info caller=logger.go:214 time=2026-09-15T23:01:37.904386672Z msg="App initialized" app=playlist
grafana-1     | t=2026-09-15T23:01:37.904398289Z level=info caller=logger.go:214 time=2026-09-15T23:01:37.904392681Z msg="App initialized" app=example
grafana-1     | t=2026-09-15T23:01:37.904437257Z level=info caller=logger.go:214 time=2026-09-15T23:01:37.904432269Z msg="App initialized" app=quotas
grafana-1     | t=2026-09-15T23:01:37.904566979Z level=info caller=logger.go:214 time=2026-09-15T23:01:37.904562632Z msg="App initialized" app=advisor
grafana-1     | t=2026-09-15T23:01:37.904868544Z level=info caller=logger.go:214 time=2026-09-15T23:01:37.904853902Z msg="start concurrent job driver" logger=concurrent-job-driver num_drivers=3 job_timeout=20m0s lease_renewal_interval=20s
grafana-1     | t=2026-09-15T23:01:37.90491347Z level=info caller=logger.go:214 time=2026-09-15T23:01:37.904904296Z msg="starting job cleanup controller" logger=job-cleanup-controller cleanup_interval=3m0s expiry=1m0s
grafana-1     | t=2026-09-15T23:01:37.910658389Z level=info caller=logger.go:214 time=2026-09-15T23:01:37.910649496Z msg="App initialized" app=alerting
grafana-1     | logger=backgroundsvcs.managerAdapter t=2026-09-15T23:01:37.91101426Z level=info msg=starting module=plugins.store
grafana-1     | logger=backgroundsvcs.managerAdapter t=2026-09-15T23:01:37.911090552Z level=info msg=starting module=provisioning
grafana-1     | logger=provisioning.datasources t=2026-09-15T23:01:37.913233602Z level=info msg="inserting datasource from configuration" name=Prometheus uid=prometheus-medical
grafana-1     | logger=provisioning.alerting t=2026-09-15T23:01:37.928634256Z level=info msg="starting to provision alerting"
grafana-1     | logger=provisioning.alerting t=2026-09-15T23:01:37.928658832Z level=info msg="finished to provision alerting"
grafana-1     | logger=bleve-backend namespace=default group=dashboard.grafana.app resource=dashboards reason=search t=2026-09-15T23:01:37.935845571Z level=info msg="Building index using memory"
grafana-1     | logger=bleve-backend namespace=default group=dashboard.grafana.app resource=dashboards reason=search t=2026-09-15T23:01:37.936408762Z level=info msg="Finished building index" elapsed=467.16µs listRV=1789513296766980
grafana-1     | logger=bleve-backend namespace=default group=dashboard.grafana.app resource=dashboards reason=search t=2026-09-15T23:01:37.936432067Z level=info msg="Storing index in cache" key="{Namespace:default Group:dashboard.grafana.app Resource:dashboards}" expiration=2026-09-15T23:11:37.936430755Z
grafana-1     | logger=provisioning.dashboard t=2026-09-15T23:01:37.940533123Z level=info msg="starting to provision dashboards"
grafana-1     | logger=bleve-backend namespace=default group=folder.grafana.app resource=folders reason=search t=2026-09-15T23:01:37.941630324Z level=info msg="Building index using memory"
grafana-1     | logger=bleve-backend namespace=default group=folder.grafana.app resource=folders reason=search t=2026-09-15T23:01:37.942092827Z level=info msg="Finished building index" elapsed=416.045µs listRV=1789513296765008
grafana-1     | logger=bleve-backend namespace=default group=folder.grafana.app resource=folders reason=search t=2026-09-15T23:01:37.942108039Z level=info msg="Storing index in cache" key="{Namespace:default Group:folder.grafana.app Resource:folders}" expiration=2026-09-15T23:11:37.942107198Z
grafana-1     | logger=provisioning.dashboard t=2026-09-15T23:01:37.974419121Z level=info msg="finished to provision dashboards"
grafana-1     | logger=backgroundsvcs.managerAdapter t=2026-09-15T23:01:37.977847418Z level=info msg=starting module=*cleanup.CleanUpService
grafana-1     | logger=backgroundsvcs.managerAdapter t=2026-09-15T23:01:37.977869296Z level=info msg=starting module=*manager.SecretsService
grafana-1     | logger=backgroundsvcs.managerAdapter t=2026-09-15T23:01:37.977910927Z level=info msg=starting module=*manager.ServiceAccountsService
grafana-1     | logger=backgroundsvcs.managerAdapter t=2026-09-15T23:01:37.977994436Z level=info msg=starting module=*supportbundlesimpl.Service
grafana-1     | logger=backgroundsvcs.managerAdapter t=2026-09-15T23:01:37.978203519Z level=info msg=starting module=*service.UsageStats
grafana-1     | logger=backgroundsvcs.managerAdapter t=2026-09-15T23:01:37.978310572Z level=info msg=starting module=*store.standardStorageService
grafana-1     | logger=grafanaStorageLogger t=2026-09-15T23:01:37.978328569Z level=info msg="Storage starting"
grafana-1     | logger=backgroundsvcs.managerAdapter t=2026-09-15T23:01:37.978348899Z level=info msg=starting module=*appregistry.Service
grafana-1     | logger=app-registry t=2026-09-15T23:01:37.978395778Z level=info msg="app registry initialized"
grafana-1     | logger=backgroundsvcs.managerAdapter t=2026-09-15T23:01:37.978399919Z level=info msg=starting module=*authimpl.UserAuthTokenService
grafana-1     | logger=backgroundsvcs.managerAdapter t=2026-09-15T23:01:37.978412913Z level=info msg=starting module=*notifications.NotificationService
grafana-1     | logger=backgroundsvcs.managerAdapter t=2026-09-15T23:01:37.978427144Z level=info msg=starting module=*dualwrite.ZanzanaReconciler
grafana-1     | logger=backgroundsvcs.managerAdapter t=2026-09-15T23:01:37.97854599Z level=info msg=starting module=*authz.EmbeddedZanzanaService
grafana-1     | logger=backgroundsvcs.managerAdapter t=2026-09-15T23:01:37.977847584Z level=info msg=starting module=*loginattemptimpl.Service
grafana-1     | logger=sqlstore.transactions t=2026-09-15T23:01:37.978709827Z level=info msg="Database locked, sleeping then retrying" error="database is locked (5) (SQLITE_BUSY)" retry=0 sleep=18.056865ms
grafana-1     | logger=backgroundsvcs.managerAdapter t=2026-09-15T23:01:37.978758799Z level=info msg=starting module=*ngalert.AlertNG
grafana-1     | logger=ngalert t=2026-09-15T23:01:37.978812909Z level=info msg="Primary node, alert rule evaluation enabled"
grafana-1     | logger=ngalert.state.manager t=2026-09-15T23:01:37.978834421Z level=info msg="Warming state cache for startup"
grafana-1     | logger=backgroundsvcs.managerAdapter t=2026-09-15T23:01:37.978881556Z level=info msg=starting module=*metric.Service
grafana-1     | logger=backgroundsvcs.managerAdapter t=2026-09-15T23:01:37.980591992Z level=info msg=starting module=*rendering.RenderingService
grafana-1     | logger=backgroundsvcs.managerAdapter t=2026-09-15T23:01:37.980646032Z level=info msg=starting module=*api.HTTPServer
grafana-1     | logger=backgroundsvcs.managerAdapter t=2026-09-15T23:01:37.977860573Z level=info msg=starting module=*pushhttp.Gateway
grafana-1     | logger=backgroundsvcs.managerAdapter t=2026-09-15T23:01:37.981684565Z level=info msg=starting module=*statscollector.Service
grafana-1     | logger=backgroundsvcs.managerAdapter t=2026-09-15T23:01:37.98171523Z level=info msg=starting module=*dynamic.KeyRetriever
grafana-1     | logger=backgroundsvcs.managerAdapter t=2026-09-15T23:01:37.982088401Z level=info msg=starting module=*ssosettingsimpl.Service
grafana-1     | logger=backgroundsvcs.managerAdapter t=2026-09-15T23:01:37.982117304Z level=info msg=starting module=*service.DashboardUpdater
grafana-1     | logger=backgroundsvcs.managerAdapter t=2026-09-15T23:01:37.982242759Z level=info msg=starting module=*pluginexternal.Service
grafana-1     | logger=backgroundsvcs.managerAdapter t=2026-09-15T23:01:37.98227683Z level=info msg=starting module=*service.DashboardServiceImpl
grafana-1     | logger=backgroundsvcs.managerAdapter t=2026-09-15T23:01:37.982330349Z level=info msg=starting module=*garbagecollectionworker.Worker
grafana-1     | logger=ngalert.state.manager t=2026-09-15T23:01:37.982455739Z level=info msg="State cache has been initialized" rules=0 states=0 duration=3.620386ms
grafana-1     | logger=backgroundsvcs.managerAdapter t=2026-09-15T23:01:37.98248653Z level=info msg=starting module=*live.GrafanaLive
grafana-1     | logger=backgroundsvcs.managerAdapter t=2026-09-15T23:01:37.982522503Z level=info msg=starting module=*migrations.SecretMigrationProviderImpl
grafana-1     | logger=ngalert.multiorg.alertmanager t=2026-09-15T23:01:37.982645629Z level=info msg="Starting MultiOrg Alertmanager"
grafana-1     | logger=http.server t=2026-09-15T23:01:37.982461192Z level=info msg="HTTP Server Listen" address=[::]:3000 protocol=http subUrl= socket=
grafana-1     | logger=ngalert.scheduler t=2026-09-15T23:01:37.982758626Z level=info msg="Starting scheduler" tickInterval=10s maxAttempts=3
grafana-1     | logger=ngalert.scheduler t=2026-09-15T23:01:37.982797153Z level=info msg=starting component=ticker first_tick=2026-09-15T23:01:40Z
grafana-1     | logger=backgroundsvcs.managerAdapter t=2026-09-15T23:01:37.982821209Z level=info msg=starting module=*remotecache.RemoteCache
grafana-1     | logger=backgroundsvcs.managerAdapter t=2026-09-15T23:01:37.982845765Z level=info msg=starting module=*anonimpl.AnonDeviceService
grafana-1     | logger=backgroundsvcs.managerAdapter t=2026-09-15T23:01:37.982861238Z level=info msg=starting module=*metrics.InternalMetricsService
grafana-1     | logger=backgroundsvcs.managerAdapter t=2026-09-15T23:01:37.983057347Z level=info msg="All modules healthy"
grafana-1     | t=2026-09-15T23:01:38.005403173Z level=info caller=logger.go:214 time=2026-09-15T23:01:38.005381251Z msg="Starting RepositoryController" logger=provisioning-repository-controller
grafana-1     | t=2026-09-15T23:01:38.005432446Z level=info caller=logger.go:214 time=2026-09-15T23:01:38.005423834Z msg="Starting workers" logger=provisioning-repository-controller count=1
grafana-1     | t=2026-09-15T23:01:38.005450082Z level=info caller=logger.go:214 time=2026-09-15T23:01:38.005445285Z msg="Started workers" logger=provisioning-repository-controller
grafana-1     | t=2026-09-15T23:01:38.006550858Z level=info caller=logger.go:214 time=2026-09-15T23:01:38.006539892Z msg="Starting ConnectionController" logger=provisioning-connection-controller
grafana-1     | t=2026-09-15T23:01:38.006569966Z level=info caller=logger.go:214 time=2026-09-15T23:01:38.006564077Z msg="Starting workers" logger=provisioning-connection-controller count=1
grafana-1     | t=2026-09-15T23:01:38.006584057Z level=info caller=logger.go:214 time=2026-09-15T23:01:38.00657945Z msg="Started workers" logger=provisioning-connection-controller
grafana-1     | logger=plugin.prometheus t=2026-09-15T23:02:03.516681891Z level=info msg="Plugin Request Completed" dsName=Prometheus duration=13.443654ms endpoint=checkHealth pluginId=prometheus dsUid=prometheus-medical pluginVersion=13.1.7 status=ok statusSource=plugin uname=admin
